folder_order,folder_id,image_id,file_name,image_url,mime_type,file_size_bytes,source_path,discovered_at,,,,,,,,
0,1vrNekG1Qr56NK1QjgFO2uocib1KKbnxU,1HVFthi6Czfd_pJOth6DPNpMv4jmO_H75,AdobeStock_275319226 copy.jpeg,https://drive.google.com/file/d/1HVFthi6Czfd_pJOth6DPNpMv4jmO_H75/view?usp=drivesdk,image/jpeg,7677118,root,2026-02-25T00:14:31.695+05:30,,,,,,,,
0,1vrNekG1Qr56NK1QjgFO2uocib1KKbnxU,1A4ttHQnG9EfgAj_jyok0GmujtqHmKJHw,bg-solutions.jpg,https://drive.google.com/file/d/1A4ttHQnG9EfgAj_jyok0GmujtqHmKJHw/view?usp=drivesdk,image/jpeg,498757,root,2026-02-25T00:14:31.696+05:30,,,,,,,,
0,1vrNekG1Qr56NK1QjgFO2uocib1KKbnxU,1C-NLeDttUTs6McsK0PS7Ou9v4QqLCzDj,3.Testimonials_image.jpg,https://drive.google.com/file/d/1C-NLeDttUTs6McsK0PS7Ou9v4QqLCzDj/view?usp=drivesdk,image/jpeg,240647,root,2026-02-25T00:14:31.697+05:30,,,,,,,image/jpeg,1841
0,1vrNekG1Qr56NK1QjgFO2uocib1KKbnxU,1C3zNHvkZP5_Ab5FzUQg71pL5V6fhMH2H,1.Hero Section_image.jpg,https://drive.google.com/file/d/1C3zNHvkZP5_Ab5FzUQg71pL5V6fhMH2H/view?usp=drivesdk,image/jpeg,1925854,root,2026-02-25T00:14:31.698+05:30,,,,,,,image/png,101
0,1vrNekG1Qr56NK1QjgFO2uocib1KKbnxU,1_iVMRjyLRG3SF2WB18DULfy1d-5QvAxb,2.Trigent Partners & Aliances_image.jpg,https://drive.google.com/file/d/1_iVMRjyLRG3SF2WB18DULfy1d-5QvAxb/view?usp=drivesdk,image/jpeg,181349,root,2026-02-25T00:14:31.699+05:30,,,,,,,image/gif,8
0,1vrNekG1Qr56NK1QjgFO2uocib1KKbnxU,1uTma0D_1xTFCJq0qJIZ7XdSJBPpwxr9A,3.Contact Us_image.jpg,https://drive.google.com/file/d/1uTma0D_1xTFCJq0qJIZ7XdSJBPpwxr9A/view?usp=drivesdk,image/jpeg,799329,root,2026-02-25T00:14:31.700+05:30,,,,,,,image/tiff,11
0,1vrNekG1Qr56NK1QjgFO2uocib1KKbnxU,1jpSYQFujQupx_66lhmTx5GiVicmBSPJZ,15F.News_JFeb 03 2021.png,https://drive.google.com/file/d/1jpSYQFujQupx_66lhmTx5GiVicmBSPJZ/view?usp=drivesdk,image/png,129812,root,2026-02-25T00:14:31.700+05:30,,,,,,,image/x-photoshop,9
0,1vrNekG1Qr56NK1QjgFO2uocib1KKbnxU,1mYmSEp_LUtpPYDMEAcccZ33FBlAdJABL,15B.News_Jan 25 2023.png,https://drive.google.com/file/d/1mYmSEp_LUtpPYDMEAcccZ33FBlAdJABL/view?usp=drivesdk,image/png,283926,root,2026-02-25T00:14:31.701+05:30,,,,,,,image/svg+xml,7
0,1vrNekG1Qr56NK1QjgFO2uocib1KKbnxU,1e_oCaUTz7CAsvc3Q0i_0p-XD5PeFiTl2,15C.News_Nov 11 2022.png,https://drive.google.com/file/d/1e_oCaUTz7CAsvc3Q0i_0p-XD5PeFiTl2/view?usp=drivesdk,image/png,285098,root,2026-02-25T00:14:31.702+05:30,,,,,,,,
0,1vrNekG1Qr56NK1QjgFO2uocib1KKbnxU,1sQJjgMwIjVOYbDuI48gZK_c0UuilnZbX,13.FinancialServices_image.jpg,https://drive.google.com/file/d/1sQJjgMwIjVOYbDuI48gZK_c0UuilnZbX/view?usp=drivesdk,image/jpeg,646362,root,2026-02-25T00:14:31.702+05:30,,,,,,,,
0,1vrNekG1Qr56NK1QjgFO2uocib1KKbnxU,1TybL7NraxrCx-SOqyg4cXjMPFfq4Zwdq,15A.News_June 15 2023.jpg,https://drive.google.com/file/d/1TybL7NraxrCx-SOqyg4cXjMPFfq4Zwdq/view?usp=drivesdk,image/jpeg,321413,root,2026-02-25T00:14:31.703+05:30,,,,,,,,
0,1vrNekG1Qr56NK1QjgFO2uocib1KKbnxU,19kTPjM-kqbdmW5_PDNMsrncaiyXtThI1,10C.Explore More_Blog_image.jpg,https://drive.google.com/file/d/19kTPjM-kqbdmW5_PDNMsrncaiyXtThI1/view?usp=drivesdk,image/jpeg,111346,root,2026-02-25T00:14:31.704+05:30,,,,,,,,
0,1vrNekG1Qr56NK1QjgFO2uocib1KKbnxU,1OIFTP4yjLYYJgxuI6-XXtZpG0LNuDZSn,12.QualityEngineeringTransformation_image.jpg,https://drive.google.com/file/d/1OIFTP4yjLYYJgxuI6-XXtZpG0LNuDZSn/view?usp=drivesdk,image/jpeg,393829,root,2026-02-25T00:14:31.704+05:30,,,,,,,,
0,1vrNekG1Qr56NK1QjgFO2uocib1KKbnxU,1kNPb4pk8p66AF8ZjVyesWCDMG2a72lvF,15D.News_Oct 10 2022.png,https://drive.google.com/file/d/1kNPb4pk8p66AF8ZjVyesWCDMG2a72lvF/view?usp=drivesdk,image/png,181127,root,2026-02-25T00:14:31.705+05:30,,,,,,,,
0,1vrNekG1Qr56NK1QjgFO2uocib1KKbnxU,1iwbbIg8w3AIrKS3t_i27ln_EL5rgNiaG,10A.Explore More_CaseStudy_image.jpg,https://drive.google.com/file/d/1iwbbIg8w3AIrKS3t_i27ln_EL5rgNiaG/view?usp=drivesdk,image/jpeg,205352,root,2026-02-25T00:14:31.706+05:30,,,,,,,,
0,1vrNekG1Qr56NK1QjgFO2uocib1KKbnxU,1YQ2RRaT9LtrPCooofBVoHg9ZoOq3pDpD,15.News & Accolades_image.jpg,https://drive.google.com/file/d/1YQ2RRaT9LtrPCooofBVoHg9ZoOq3pDpD/view?usp=drivesdk,image/jpeg,334610,root,2026-02-25T00:14:31.706+05:30,,,,,,,,
0,1vrNekG1Qr56NK1QjgFO2uocib1KKbnxU,1H6QUFYZbUUOhxcDc-YtWL6VD-rqpc2jV,15E.News_May 12 2022.jpg,https://drive.google.com/file/d/1H6QUFYZbUUOhxcDc-YtWL6VD-rqpc2jV/view?usp=drivesdk,image/jpeg,72045,root,2026-02-25T00:14:31.707+05:30,,,,,,,,
0,1vrNekG1Qr56NK1QjgFO2uocib1KKbnxU,1bwnCmFqmDW3WQ-PN8E6QsC9DnWFsV4Vj,10B.Explore More_WhitePaper_image.jpg,https://drive.google.com/file/d/1bwnCmFqmDW3WQ-PN8E6QsC9DnWFsV4Vj/view?usp=drivesdk,image/jpeg,192611,root,2026-02-25T00:14:31.708+05:30,,,,,,,,
0,1vrNekG1Qr56NK1QjgFO2uocib1KKbnxU,1h8zdWNeJpDmc59ceQLS4FPamOnMWzAZK,9.Quality Engineering Offerings_image.jpg,https://drive.google.com/file/d/1h8zdWNeJpDmc59ceQLS4FPamOnMWzAZK/view?usp=drivesdk,image/jpeg,186588,root,2026-02-25T00:14:31.709+05:30,,,,,,,,
0,1vrNekG1Qr56NK1QjgFO2uocib1KKbnxU,10LjZLWEDqfBBj_MMSDE0g6h_fMICl8cz,5.OutSpace_image.jpg,https://drive.google.com/file/d/10LjZLWEDqfBBj_MMSDE0g6h_fMICl8cz/view?usp=drivesdk,image/jpeg,1350009,root,2026-02-25T00:14:31.709+05:30,,,,,,,,
0,1vrNekG1Qr56NK1QjgFO2uocib1KKbnxU,15tgvzZ8lHac__zkPOeeDSf_iQizzwRvL,4.OutThink_image.jpg,https://drive.google.com/file/d/15tgvzZ8lHac__zkPOeeDSf_iQizzwRvL/view?usp=drivesdk,image/jpeg,1510568,root,2026-02-25T00:14:31.710+05:30,,,,,,,,
0,1vrNekG1Qr56NK1QjgFO2uocib1KKbnxU,1RN45AztbDEKHpveRHPW4UzG8NDpcLnda,6G.OutShine_Logo.jpg,https://drive.google.com/file/d/1RN45AztbDEKHpveRHPW4UzG8NDpcLnda/view?usp=drivesdk,image/jpeg,485469,root,2026-02-25T00:14:31.711+05:30,,,,,,,,
0,1vrNekG1Qr56NK1QjgFO2uocib1KKbnxU,1MHJBK0BvtKdSiIiCzDsJ63UBvE9y0ccF,7.Quality Engineering Services_image.jpg,https://drive.google.com/file/d/1MHJBK0BvtKdSiIiCzDsJ63UBvE9y0ccF/view?usp=drivesdk,image/jpeg,680715,root,2026-02-25T00:14:31.712+05:30,,,,,,,,
0,1vrNekG1Qr56NK1QjgFO2uocib1KKbnxU,11ioECxsIUepVr_MQpmv9wIqDytHtf-U0,3B.Outplay_HealthCare.jpg,https://drive.google.com/file/d/11ioECxsIUepVr_MQpmv9wIqDytHtf-U0/view?usp=drivesdk,image/jpeg,238050,root,2026-02-25T00:14:31.712+05:30,,,,,,,,
0,1vrNekG1Qr56NK1QjgFO2uocib1KKbnxU,1jlOZ1QWKfAnnxWkqF4Z5W6sTqGvlpIfc,2.Outperform_image.png,https://drive.google.com/file/d/1jlOZ1QWKfAnnxWkqF4Z5W6sTqGvlpIfc/view?usp=drivesdk,image/png,14024820,root,2026-02-25T00:14:31.715+05:30,,,,,,,,
0,1vrNekG1Qr56NK1QjgFO2uocib1KKbnxU,1R_mB4N-paLJbaGIt2WwAFj3TxHxw6AWL,3E.Outplay_Manufacturing.jpg,https://drive.google.com/file/d/1R_mB4N-paLJbaGIt2WwAFj3TxHxw6AWL/view?usp=drivesdk,image/jpeg,303408,root,2026-02-25T00:14:31.716+05:30,,,,,,,,
0,1vrNekG1Qr56NK1QjgFO2uocib1KKbnxU,1srxblHqUk-x-OgSnlFtJW-kypDF0loZH,5A.OutSpace_Video_image.png,https://drive.google.com/file/d/1srxblHqUk-x-OgSnlFtJW-kypDF0loZH/view?usp=drivesdk,image/png,145818,root,2026-02-25T00:14:31.716+05:30,,,,,,,,
0,1vrNekG1Qr56NK1QjgFO2uocib1KKbnxU,1k64RM7acWYOsMxsad2rPRZaYXUzY6z9D,16.AI Based Analytics_image.jpg,https://drive.google.com/file/d/1k64RM7acWYOsMxsad2rPRZaYXUzY6z9D/view?usp=drivesdk,image/jpeg,643174,root,2026-02-25T00:14:31.717+05:30,,,,,,,,
0,1vrNekG1Qr56NK1QjgFO2uocib1KKbnxU,1l84eEnMVXAIXiKbBbAtiI4QbNSbbNHhy,3F.Outplay_Retail.jpg,https://drive.google.com/file/d/1l84eEnMVXAIXiKbBbAtiI4QbNSbbNHhy/view?usp=drivesdk,image/jpeg,257546,root,2026-02-25T00:14:31.718+05:30,,,,,,,,
0,1vrNekG1Qr56NK1QjgFO2uocib1KKbnxU,1S-FsjrispNex9BwuRRI9JK5fPW5vZfGm,3C.Outplay_InsurTech.jpg,https://drive.google.com/file/d/1S-FsjrispNex9BwuRRI9JK5fPW5vZfGm/view?usp=drivesdk,image/jpeg,183286,root,2026-02-25T00:14:31.719+05:30,,,,,,,,
0,1vrNekG1Qr56NK1QjgFO2uocib1KKbnxU,1iFptwp4r512w5a-QoE2-5q6H8iXEBNts,3.Outplay_image.jpg,https://drive.google.com/file/d/1iFptwp4r512w5a-QoE2-5q6H8iXEBNts/view?usp=drivesdk,image/jpeg,345124,root,2026-02-25T00:14:31.719+05:30,,,,,,,,
0,1vrNekG1Qr56NK1QjgFO2uocib1KKbnxU,1Q1TVeotthNGHTe_rwGyMZfV3h66yAMay,6.OutShine_image.jpg,https://drive.google.com/file/d/1Q1TVeotthNGHTe_rwGyMZfV3h66yAMay/view?usp=drivesdk,image/jpeg,154609,root,2026-02-25T00:14:31.720+05:30,,,,,,,,
0,1vrNekG1Qr56NK1QjgFO2uocib1KKbnxU,1a5YCyYwwW0KBNTg2i2zwdUzecFecAg4y,3A.Outplay_Financial Services.jpg,https://drive.google.com/file/d/1a5YCyYwwW0KBNTg2i2zwdUzecFecAg4y/view?usp=drivesdk,image/jpeg,291648,root,2026-02-25T00:14:31.721+05:30,,,,,,,,
0,1vrNekG1Qr56NK1QjgFO2uocib1KKbnxU,1FmdjhTg8fEU4bWxrwE-Gv2jMdaVbmCzi,3D.Outplay_Hi-Tech.jpg,https://drive.google.com/file/d/1FmdjhTg8fEU4bWxrwE-Gv2jMdaVbmCzi/view?usp=drivesdk,image/jpeg,215742,root,2026-02-25T00:14:31.721+05:30,,,,,,,,
0,1vrNekG1Qr56NK1QjgFO2uocib1KKbnxU,1igNcTj1dIu5L1jjS0Cpq6nTAs_UOE_jU,3G.Outplay_Education.jpg,https://drive.google.com/file/d/1igNcTj1dIu5L1jjS0Cpq6nTAs_UOE_jU/view?usp=drivesdk,image/jpeg,192953,root,2026-02-25T00:14:31.722+05:30,,,,,,,,
0,1vrNekG1Qr56NK1QjgFO2uocib1KKbnxU,1tF3JDARgcIme1PfYSM7mYG0vVDcBKVAx,3H.Outplay_Transportation & Logistics.jpg,https://drive.google.com/file/d/1tF3JDARgcIme1PfYSM7mYG0vVDcBKVAx/view?usp=drivesdk,image/jpeg,273789,root,2026-02-25T00:14:31.723+05:30,,,,,,,,
0,1vrNekG1Qr56NK1QjgFO2uocib1KKbnxU,1Hmkfm_vaALMWCo4hj88n8r8EacQ_1y2n,world-background-cropped2.png,https://drive.google.com/file/d/1Hmkfm_vaALMWCo4hj88n8r8EacQ_1y2n/view?usp=drivesdk,image/png,773438,root,2026-02-25T00:14:31.724+05:30,,,,,,,,
0,1vrNekG1Qr56NK1QjgFO2uocib1KKbnxU,1HmpIMrTQ92Yxm1uBAELjAQZ_2t32nk12,wireframe.png,https://drive.google.com/file/d/1HmpIMrTQ92Yxm1uBAELjAQZ_2t32nk12/view?usp=drivesdk,image/png,119697,root,2026-02-25T00:14:31.724+05:30,,,,,,,,
0,1vrNekG1Qr56NK1QjgFO2uocib1KKbnxU,1HrMtcCRywkKNSddQ1ceu5riER15yeSbX,Where-Do-Cross-Platform-App-Frameworks-Stand-in-2020_11.jpg,https://drive.google.com/file/d/1HrMtcCRywkKNSddQ1ceu5riER15yeSbX/view?usp=drivesdk,image/jpeg,25785,root,2026-02-25T00:14:31.725+05:30,,,,,,,,
0,1vrNekG1Qr56NK1QjgFO2uocib1KKbnxU,1HzRaIwxNf5ccmYsz6Rj8dpO2xUq0NCPz,vuelven-las-franquicias-en-el-sector-inmobiliario-noticias-infocif.jpg,https://drive.google.com/file/d/1HzRaIwxNf5ccmYsz6Rj8dpO2xUq0NCPz/view?usp=drivesdk,image/jpeg,92406,root,2026-02-25T00:14:31.726+05:30,,,,,,,,
0,1vrNekG1Qr56NK1QjgFO2uocib1KKbnxU,1I2TlLJn3pXhQ5t-JNHovSedG7qYX-vOI,visitor-management-system.jpg,https://drive.google.com/file/d/1I2TlLJn3pXhQ5t-JNHovSedG7qYX-vOI/view?usp=drivesdk,image/jpeg,158039,root,2026-02-25T00:14:31.726+05:30,,,,,,,,
0,1vrNekG1Qr56NK1QjgFO2uocib1KKbnxU,1Hh_dHLIL1Jhl_IgtdTAHMTLwlTPqZZaL,unsplash.psd,https://drive.google.com/file/d/1Hh_dHLIL1Jhl_IgtdTAHMTLwlTPqZZaL/view?usp=drivesdk,image/x-photoshop,19906477,root,2026-02-25T00:14:31.727+05:30,,,,,,,,
0,1vrNekG1Qr56NK1QjgFO2uocib1KKbnxU,1I2ax0PAZToUsLkL13vYqn7UBAVFI0XW3,visitor-management-system-1.jpg,https://drive.google.com/file/d/1I2ax0PAZToUsLkL13vYqn7UBAVFI0XW3/view?usp=drivesdk,image/jpeg,41595,root,2026-02-25T00:14:31.728+05:30,,,,,,,,
0,1vrNekG1Qr56NK1QjgFO2uocib1KKbnxU,1HhpBBDK4albrNuP37Qi1IKobFuOdMYe-,tyco-360-safeguard.jpg,https://drive.google.com/file/d/1HhpBBDK4albrNuP37Qi1IKobFuOdMYe-/view?usp=drivesdk,image/jpeg,140149,root,2026-02-25T00:14:31.729+05:30,,,,,,,,
0,1vrNekG1Qr56NK1QjgFO2uocib1KKbnxU,1HVnkBA3FDK-OlaqFamOYe2XsNHH-dZhs,transparent-bg-polygon-13.png,https://drive.google.com/file/d/1HVnkBA3FDK-OlaqFamOYe2XsNHH-dZhs/view?usp=drivesdk,image/png,429818,root,2026-02-25T00:14:31.729+05:30,,,,,,,,
0,1vrNekG1Qr56NK1QjgFO2uocib1KKbnxU,1HbTZxYo9vUxgTLq1r9VEr_6ygSrcwcGH,sun-rays-31000.png,https://drive.google.com/file/d/1HbTZxYo9vUxgTLq1r9VEr_6ygSrcwcGH/view?usp=drivesdk,image/png,363003,root,2026-02-25T00:14:31.730+05:30,,,,,,,,
0,1vrNekG1Qr56NK1QjgFO2uocib1KKbnxU,1Hg8Rzoln__m1wsbufyx7gmPjadR_pB-1,skype-call.psd,https://drive.google.com/file/d/1Hg8Rzoln__m1wsbufyx7gmPjadR_pB-1/view?usp=drivesdk,image/x-photoshop,1899978,root,2026-02-25T00:14:31.731+05:30,,,,,,,,
0,1vrNekG1Qr56NK1QjgFO2uocib1KKbnxU,1HF9fFXJyckgeGGeIQ6YPsMqbnWhzie-n,shutterstock_1211814685.png,https://drive.google.com/file/d/1HF9fFXJyckgeGGeIQ6YPsMqbnWhzie-n/view?usp=drivesdk,image/png,3159137,root,2026-02-25T00:14:31.731+05:30,,,,,,,,
0,1vrNekG1Qr56NK1QjgFO2uocib1KKbnxU,1HGDQP1lC0QLrU5i1MaXre5gKdujo6zBG,shopping-mall-131678_1920.jpg,https://drive.google.com/file/d/1HGDQP1lC0QLrU5i1MaXre5gKdujo6zBG/view?usp=drivesdk,image/jpeg,455205,root,2026-02-25T00:14:31.732+05:30,,,,,,,,
0,1vrNekG1Qr56NK1QjgFO2uocib1KKbnxU,1HTBNbSso8lQoRNuPyFGr2Sn1Vxo9ojAc,Servers-700x467.jpg,https://drive.google.com/file/d/1HTBNbSso8lQoRNuPyFGr2Sn1Vxo9ojAc/view?usp=drivesdk,image/jpeg,35137,root,2026-02-25T00:14:31.733+05:30,,,,,,,,
0,1vrNekG1Qr56NK1QjgFO2uocib1KKbnxU,1HTLqK8lT75CEI4QmLLJDo3JlYWIDKZZ-,security.psd,https://drive.google.com/file/d/1HTLqK8lT75CEI4QmLLJDo3JlYWIDKZZ-/view?usp=drivesdk,image/x-photoshop,1723102,root,2026-02-25T00:14:31.733+05:30,,,,,,,,
0,1vrNekG1Qr56NK1QjgFO2uocib1KKbnxU,1H0qQiOiquxU-_KK72vXAUcubjU_mzSlM,sast.jpg,https://drive.google.com/file/d/1H0qQiOiquxU-_KK72vXAUcubjU_mzSlM/view?usp=drivesdk,image/jpeg,149157,root,2026-02-25T00:14:31.734+05:30,,,,,,,,
0,1vrNekG1Qr56NK1QjgFO2uocib1KKbnxU,1H03TX1pRKnVvqD-LE0giKF3GZrH5uCqC,school-visitor.jpg,https://drive.google.com/file/d/1H03TX1pRKnVvqD-LE0giKF3GZrH5uCqC/view?usp=drivesdk,image/jpeg,64329,root,2026-02-25T00:14:31.735+05:30,,,,,,,,
0,1vrNekG1Qr56NK1QjgFO2uocib1KKbnxU,1H0guRR8y6o6aEDXNEiKAmK-8i_3H2ors,Save Image.jpg,https://drive.google.com/file/d/1H0guRR8y6o6aEDXNEiKAmK-8i_3H2ors/view?usp=drivesdk,image/jpeg,27166,root,2026-02-25T00:14:31.736+05:30,,,,,,,,
0,1vrNekG1Qr56NK1QjgFO2uocib1KKbnxU,1H2lYJJvDXOHuJJ831bwuRuvglvGdcJmV,robotic-process-automation.jpg,https://drive.google.com/file/d/1H2lYJJvDXOHuJJ831bwuRuvglvGdcJmV/view?usp=drivesdk,image/jpeg,122046,root,2026-02-25T00:14:31.736+05:30,,,,,,,,
0,1vrNekG1Qr56NK1QjgFO2uocib1KKbnxU,1H3LWU4vTWbHX2Luxw8PHz-vr5STmXDkB,rendering-technological-digital-background-consisting-of-a-futuristic-picture-id1071154136.jpg,https://drive.google.com/file/d/1H3LWU4vTWbHX2Luxw8PHz-vr5STmXDkB/view?usp=drivesdk,image/jpeg,718781,root,2026-02-25T00:14:31.737+05:30,,,,,,,,
0,1vrNekG1Qr56NK1QjgFO2uocib1KKbnxU,1H4hYox1-RaOQHu7XA5dBtXBmWWPx4BxK,Remote-work-700x450.jpg,https://drive.google.com/file/d/1H4hYox1-RaOQHu7XA5dBtXBmWWPx4BxK/view?usp=drivesdk,image/jpeg,34883,root,2026-02-25T00:14:31.738+05:30,,,,,,,,
0,1vrNekG1Qr56NK1QjgFO2uocib1KKbnxU,1HAyITQ18FjhcCTv6gQnPK06YEiGcEcqV,qa-web-mobile.psd,https://drive.google.com/file/d/1HAyITQ18FjhcCTv6gQnPK06YEiGcEcqV/view?usp=drivesdk,image/x-photoshop,4230232,root,2026-02-25T00:14:31.738+05:30,,,,,,,,
0,1vrNekG1Qr56NK1QjgFO2uocib1KKbnxU,1HERrzRisp61EbGxTgsrQarltGVKXT27X,pngfind.com-designs-png-41220.png,https://drive.google.com/file/d/1HERrzRisp61EbGxTgsrQarltGVKXT27X/view?usp=drivesdk,image/png,676114,root,2026-02-25T00:14:31.739+05:30,,,,,,,,
0,1vrNekG1Qr56NK1QjgFO2uocib1KKbnxU,1HDry6tCu4cei7k139CLOdIHnld6bTjTq,pngfind.com-holi-color-png-213485.png,https://drive.google.com/file/d/1HDry6tCu4cei7k139CLOdIHnld6bTjTq/view?usp=drivesdk,image/png,460547,root,2026-02-25T00:14:31.740+05:30,,,,,,,,
0,1vrNekG1Qr56NK1QjgFO2uocib1KKbnxU,1HCQd2CCEc24OjcUQlMyYkoyyO8HnhYa1,pngfind.com-vector-graphics-design-background-416109.png,https://drive.google.com/file/d/1HCQd2CCEc24OjcUQlMyYkoyyO8HnhYa1/view?usp=drivesdk,image/png,161113,root,2026-02-25T00:14:31.740+05:30,,,,,,,,
0,1vrNekG1Qr56NK1QjgFO2uocib1KKbnxU,1Ga7cI7L9XU_Q5_Z-4iA1u0n6wDA2Wt-7,pistol-3521792.psd,https://drive.google.com/file/d/1Ga7cI7L9XU_Q5_Z-4iA1u0n6wDA2Wt-7/view?usp=drivesdk,image/x-photoshop,36522838,root,2026-02-25T00:14:31.741+05:30,,,,,,,,
0,1vrNekG1Qr56NK1QjgFO2uocib1KKbnxU,1GahRJp7lqN7-RyVxevgv_P5r6m7aNqEv,Picture1.jpg,https://drive.google.com/file/d/1GahRJp7lqN7-RyVxevgv_P5r6m7aNqEv/view?usp=drivesdk,image/jpeg,45028,root,2026-02-25T00:14:31.742+05:30,,,,,,,,
0,1vrNekG1Qr56NK1QjgFO2uocib1KKbnxU,1GaV7fUmOsTTrw3ZOEfvCCjiay1QNR3hH,Picture2.jpg,https://drive.google.com/file/d/1GaV7fUmOsTTrw3ZOEfvCCjiay1QNR3hH/view?usp=drivesdk,image/jpeg,207139,root,2026-02-25T00:14:31.743+05:30,,,,,,,,
0,1vrNekG1Qr56NK1QjgFO2uocib1KKbnxU,1GfgmfugO2K_AIlgDwfliHrYWehYIXtmi,paint-brush-stroke-png.png,https://drive.google.com/file/d/1GfgmfugO2K_AIlgDwfliHrYWehYIXtmi/view?usp=drivesdk,image/png,10652,root,2026-02-25T00:14:31.743+05:30,,,,,,,,
0,1vrNekG1Qr56NK1QjgFO2uocib1KKbnxU,1Glwg9g97-odrfTgQwPoA92pZXhakk165,now-more-than-ever-its-about-agility.jpg,https://drive.google.com/file/d/1Glwg9g97-odrfTgQwPoA92pZXhakk165/view?usp=drivesdk,image/jpeg,425245,root,2026-02-25T00:14:31.744+05:30,,,,,,,,
0,1vrNekG1Qr56NK1QjgFO2uocib1KKbnxU,1Gr0niezZRfFBpI1CtaIIF0H2PzOwMa6e,Next_events-4.jpg,https://drive.google.com/file/d/1Gr0niezZRfFBpI1CtaIIF0H2PzOwMa6e/view?usp=drivesdk,image/jpeg,58758,root,2026-02-25T00:14:31.744+05:30,,,,,,,,
0,1vrNekG1Qr56NK1QjgFO2uocib1KKbnxU,1Gx5aBKU_GYtWrPQhDVOziG7-EZ4HQPNx,Multicolored_Buildings_Decor_PNG_Clip_Art_Image.png,https://drive.google.com/file/d/1Gx5aBKU_GYtWrPQhDVOziG7-EZ4HQPNx/view?usp=drivesdk,image/png,1344447,root,2026-02-25T00:14:31.745+05:30,,,,,,,,
0,1vrNekG1Qr56NK1QjgFO2uocib1KKbnxU,1G_G16097ZR-jvVqkwW2yg4ZpR_zvAWh1,main-qimg-56c5f656e9446984e8564192ece66afc.png,https://drive.google.com/file/d/1G_G16097ZR-jvVqkwW2yg4ZpR_zvAWh1/view?usp=drivesdk,image/png,14665,root,2026-02-25T00:14:31.746+05:30,,,,,,,,
0,1vrNekG1Qr56NK1QjgFO2uocib1KKbnxU,1GVeNYiYef0OWJuOiTiKSRD4XfavqxDIw,laurel-wreath-illustration-PNG.png,https://drive.google.com/file/d/1GVeNYiYef0OWJuOiTiKSRD4XfavqxDIw/view?usp=drivesdk,image/png,208991,root,2026-02-25T00:14:31.746+05:30,,,,,,,,
0,1vrNekG1Qr56NK1QjgFO2uocib1KKbnxU,1GS4hoCJrL1naGfzxfAH1-yQ7vUSiI6Bj,legal-entity-identifier-exec-1.jpg,https://drive.google.com/file/d/1GS4hoCJrL1naGfzxfAH1-yQ7vUSiI6Bj/view?usp=drivesdk,image/jpeg,36904,root,2026-02-25T00:14:31.747+05:30,,,,,,,,
0,1vrNekG1Qr56NK1QjgFO2uocib1KKbnxU,1G464_9faXdjRc_Rc0frjtubEVU1X_bbK,IT-Consulting_02.png,https://drive.google.com/file/d/1G464_9faXdjRc_Rc0frjtubEVU1X_bbK/view?usp=drivesdk,image/png,923895,root,2026-02-25T00:14:31.748+05:30,,,,,,,,
0,1vrNekG1Qr56NK1QjgFO2uocib1KKbnxU,1GEfnedwMNBTiDROoPzEMhIBgFBbZEpBM,insurance.jpg,https://drive.google.com/file/d/1GEfnedwMNBTiDROoPzEMhIBgFBbZEpBM/view?usp=drivesdk,image/jpeg,54311,root,2026-02-25T00:14:31.748+05:30,,,,,,,,
0,1vrNekG1Qr56NK1QjgFO2uocib1KKbnxU,1FiqMBMdZXXsJecv_5v3MZx022-yvKNii,img_6.png,https://drive.google.com/file/d/1FiqMBMdZXXsJecv_5v3MZx022-yvKNii/view?usp=drivesdk,image/png,145532,root,2026-02-25T00:14:31.749+05:30,,,,,,,,
0,1vrNekG1Qr56NK1QjgFO2uocib1KKbnxU,1FjsYd_HJpWfra1WO3xzUOU1K4IVeVQPd,image-asset.jpeg,https://drive.google.com/file/d/1FjsYd_HJpWfra1WO3xzUOU1K4IVeVQPd/view?usp=drivesdk,image/jpeg,546784,root,2026-02-25T00:14:31.749+05:30,,,,,,,,
0,1vrNekG1Qr56NK1QjgFO2uocib1KKbnxU,1Fr08LsBR2LCcXOAEDkorXjGaIOJOreeQ,How-to-Create-PWA-With-React-Native.png,https://drive.google.com/file/d/1Fr08LsBR2LCcXOAEDkorXjGaIOJOreeQ/view?usp=drivesdk,image/png,88257,root,2026-02-25T00:14:31.750+05:30,,,,,,,,
0,1vrNekG1Qr56NK1QjgFO2uocib1KKbnxU,1FtSQHNFyBu0bibyZM0Eluh00F1q4MHLx,Holiday-Season-Shopping-Goes-Virtual-scaled-uai-1915x1277.jpg,https://drive.google.com/file/d/1FtSQHNFyBu0bibyZM0Eluh00F1q4MHLx/view?usp=drivesdk,image/jpeg,355873,root,2026-02-25T00:14:31.751+05:30,,,,,,,,
0,1vrNekG1Qr56NK1QjgFO2uocib1KKbnxU,1FyqwX-Om21eEHpfGz_dtrb_1Gc1_2DoQ,gsg.png,https://drive.google.com/file/d/1FyqwX-Om21eEHpfGz_dtrb_1Gc1_2DoQ/view?usp=drivesdk,image/png,2212911,root,2026-02-25T00:14:31.751+05:30,,,,,,,,
0,1vrNekG1Qr56NK1QjgFO2uocib1KKbnxU,1FWHh9XnVkRpAcZlTD1gx_knQfhA6u04a,Fleetcompanies-can-help-implement-Telematics-for-businesses.psd,https://drive.google.com/file/d/1FWHh9XnVkRpAcZlTD1gx_knQfhA6u04a/view?usp=drivesdk,image/x-photoshop,1852756,root,2026-02-25T00:14:31.752+05:30,,,,,,,,
0,1vrNekG1Qr56NK1QjgFO2uocib1KKbnxU,1FXmrjB6XJ6eRRwsJHz2fm7Wdhyq0ZMkF,fireworks-788799_960_720.png,https://drive.google.com/file/d/1FXmrjB6XJ6eRRwsJHz2fm7Wdhyq0ZMkF/view?usp=drivesdk,image/png,182683,root,2026-02-25T00:14:31.753+05:30,,,,,,,,
0,1vrNekG1Qr56NK1QjgFO2uocib1KKbnxU,1FRVehqKE8RFCDUV5ZY91RyD1-QZbwmOG,g.foolcdn.com.jpg,https://drive.google.com/file/d/1FRVehqKE8RFCDUV5ZY91RyD1-QZbwmOG/view?usp=drivesdk,image/jpeg,38743,root,2026-02-25T00:14:31.753+05:30,,,,,,,,
0,1vrNekG1Qr56NK1QjgFO2uocib1KKbnxU,1FYyLlJKufiaX7oENMqGhCe5cwckpRY02,fireworks-1993221_960_720.png,https://drive.google.com/file/d/1FYyLlJKufiaX7oENMqGhCe5cwckpRY02/view?usp=drivesdk,image/png,722841,root,2026-02-25T00:14:31.755+05:30,,,,,,,,
0,1vrNekG1Qr56NK1QjgFO2uocib1KKbnxU,1FbAsyYYnC9JoSnIs_Nckp_oSNeqlK-rT,ET-Enterprise-Mobility-banner.jpg,https://drive.google.com/file/d/1FbAsyYYnC9JoSnIs_Nckp_oSNeqlK-rT/view?usp=drivesdk,image/jpeg,264594,root,2026-02-25T00:14:31.756+05:30,,,,,,,,
0,1vrNekG1Qr56NK1QjgFO2uocib1KKbnxU,1FgaETIT2ohtqNZMo9z4WepbifaJFTq-w,edfocus.buses_.jpg,https://drive.google.com/file/d/1FgaETIT2ohtqNZMo9z4WepbifaJFTq-w/view?usp=drivesdk,image/jpeg,725981,root,2026-02-25T00:14:31.756+05:30,,,,,,,,
0,1vrNekG1Qr56NK1QjgFO2uocib1KKbnxU,1F73CwEG7-BMkYIg_SIZM5tAEulG2GYbQ,Depositphotos_21641113_l-2015-1024x681.jpg,https://drive.google.com/file/d/1F73CwEG7-BMkYIg_SIZM5tAEulG2GYbQ/view?usp=drivesdk,image/jpeg,113878,root,2026-02-25T00:14:31.757+05:30,,,,,,,,
0,1vrNekG1Qr56NK1QjgFO2uocib1KKbnxU,1F9pWg8If77FwMtTKVtXkSozxA0FojoAG,dark-blur-abstract-4k_1551646029.jpg,https://drive.google.com/file/d/1F9pWg8If77FwMtTKVtXkSozxA0FojoAG/view?usp=drivesdk,image/jpeg,940597,root,2026-02-25T00:14:31.758+05:30,,,,,,,,
0,1vrNekG1Qr56NK1QjgFO2uocib1KKbnxU,1F9znzQoZ0aMMHIyOjELdz0Hc72GKlBjp,d1dbb29a12789d3f150e1872c08ebe23_wave-circle-line-pattern-png-transparent-cartoon-jingfm_2400-2158.png,https://drive.google.com/file/d/1F9znzQoZ0aMMHIyOjELdz0Hc72GKlBjp/view?usp=drivesdk,image/png,317993,root,2026-02-25T00:14:31.758+05:30,,,,,,,,
0,1vrNekG1Qr56NK1QjgFO2uocib1KKbnxU,1FIuOiN4RkzWzKlgNjsrusCosqxRv4FmL,customer-service_customer-experience_happy_rating.jpg,https://drive.google.com/file/d/1FIuOiN4RkzWzKlgNjsrusCosqxRv4FmL/view?usp=drivesdk,image/jpeg,80937,root,2026-02-25T00:14:31.759+05:30,,,,,,,,
0,1vrNekG1Qr56NK1QjgFO2uocib1KKbnxU,1EthCufcO2SVk5oFhXd0OXTJD5YyxzHAq,cloud-testing-banner.png,https://drive.google.com/file/d/1EthCufcO2SVk5oFhXd0OXTJD5YyxzHAq/view?usp=drivesdk,image/png,688260,root,2026-02-25T00:14:31.760+05:30,,,,,,,,
0,1vrNekG1Qr56NK1QjgFO2uocib1KKbnxU,1EwCP9ytX31Phm2Bkpmo0cCj57Rw1n9Il,Cloud-comp.jpg,https://drive.google.com/file/d/1EwCP9ytX31Phm2Bkpmo0cCj57Rw1n9Il/view?usp=drivesdk,image/jpeg,1505682,root,2026-02-25T00:14:31.761+05:30,,,,,,,,
0,1vrNekG1Qr56NK1QjgFO2uocib1KKbnxU,1Ex_K5VSWntjdMTcR6e6JJ6CTY5ZhdSXu,cloud-automation_shutterstock_166675772.jpg,https://drive.google.com/file/d/1Ex_K5VSWntjdMTcR6e6JJ6CTY5ZhdSXu/view?usp=drivesdk,image/jpeg,627229,root,2026-02-25T00:14:31.762+05:30,,,,,,,,
0,1vrNekG1Qr56NK1QjgFO2uocib1KKbnxU,1EgLbI0_f28BuPicILBxRL-_XI3GBqe68,christina-wocintechchat-com-c5pRBXFhJgo-unsplash.jpg,https://drive.google.com/file/d/1EgLbI0_f28BuPicILBxRL-_XI3GBqe68/view?usp=drivesdk,image/jpeg,5651319,root,2026-02-25T00:14:31.762+05:30,,,,,,,,
0,1vrNekG1Qr56NK1QjgFO2uocib1KKbnxU,1Egld8n0QURbRPJVygFe3-0eXrgExai6v,cast_highlight_cloud-migration_paas.jpg,https://drive.google.com/file/d/1Egld8n0QURbRPJVygFe3-0eXrgExai6v/view?usp=drivesdk,image/jpeg,28183,root,2026-02-25T00:14:31.763+05:30,,,,,,,,
0,1vrNekG1Qr56NK1QjgFO2uocib1KKbnxU,1Ej2nhja4bOoCbkpOJIKcx48PdVyZME78,canstockphoto6501428.psd,https://drive.google.com/file/d/1Ej2nhja4bOoCbkpOJIKcx48PdVyZME78/view?usp=drivesdk,image/x-photoshop,11012272,root,2026-02-25T00:14:31.764+05:30,,,,,,,,
0,1vrNekG1Qr56NK1QjgFO2uocib1KKbnxU,1EMhgSdt9NHRqVX7AAZkK4EYzdlE7nHVG,Best-10-Cross-platform-app-frameworks-to-consider-in-2020.png,https://drive.google.com/file/d/1EMhgSdt9NHRqVX7AAZkK4EYzdlE7nHVG/view?usp=drivesdk,image/png,17358,root,2026-02-25T00:14:31.765+05:30,,,,,,,,
0,1vrNekG1Qr56NK1QjgFO2uocib1KKbnxU,1EXRJr7W2gEeenybZI8SNBcSB3yoVmW5O,background-lines.png,https://drive.google.com/file/d/1EXRJr7W2gEeenybZI8SNBcSB3yoVmW5O/view?usp=drivesdk,image/png,154353,root,2026-02-25T00:14:31.765+05:30,,,,,,,,
0,1vrNekG1Qr56NK1QjgFO2uocib1KKbnxU,1EE3gig0uzWk9YNAq57RcF1x5_2VuWRjv,anywhere-operations-freedom-cloud-jan2021-4.jpg,https://drive.google.com/file/d/1EE3gig0uzWk9YNAq57RcF1x5_2VuWRjv/view?usp=drivesdk,image/jpeg,63646,root,2026-02-25T00:14:31.766+05:30,,,,,,,,
0,1vrNekG1Qr56NK1QjgFO2uocib1KKbnxU,1EE4xc-cgKjTgcK8oMV23qOx6pN6fe3Ex,ai-goods-1024x536.jpg,https://drive.google.com/file/d/1EE4xc-cgKjTgcK8oMV23qOx6pN6fe3Ex/view?usp=drivesdk,image/jpeg,46845,root,2026-02-25T00:14:31.767+05:30,,,,,,,,
0,1vrNekG1Qr56NK1QjgFO2uocib1KKbnxU,1EEFp04jNzax9bHyKCIBm-kgSDqax2Obu,AdobeStock_119913056.jpeg,https://drive.google.com/file/d/1EEFp04jNzax9bHyKCIBm-kgSDqax2Obu/view?usp=drivesdk,image/jpeg,10376814,root,2026-02-25T00:14:31.767+05:30,,,,,,,,
0,1vrNekG1Qr56NK1QjgFO2uocib1KKbnxU,1Dxcl5xigykF3tIEdALLgvEo4uNxkyNmA,abstract-halftone-background_23-2148583453.jpg,https://drive.google.com/file/d/1Dxcl5xigykF3tIEdALLgvEo4uNxkyNmA/view?usp=drivesdk,image/jpeg,45991,root,2026-02-25T00:14:31.768+05:30,,,,,,,,
0,1vrNekG1Qr56NK1QjgFO2uocib1KKbnxU,1DxHHktEkZ9G1T0sfipB-HJDvl8EeGQtQ,abstract-wavy-lines-blue.jpg,https://drive.google.com/file/d/1DxHHktEkZ9G1T0sfipB-HJDvl8EeGQtQ/view?usp=drivesdk,image/jpeg,557442,root,2026-02-25T00:14:31.769+05:30,,,,,,,,
0,1vrNekG1Qr56NK1QjgFO2uocib1KKbnxU,1E1ZjGT8tYU-nDn5-w8pkhmVVpBGUjBTo,509132-purple-abstract.jpg,https://drive.google.com/file/d/1E1ZjGT8tYU-nDn5-w8pkhmVVpBGUjBTo/view?usp=drivesdk,image/jpeg,391284,root,2026-02-25T00:14:31.769+05:30,,,,,,,,
0,1vrNekG1Qr56NK1QjgFO2uocib1KKbnxU,1DU5n0Hj7WoXrUnKh2g3hkpWoDYcfFE6q,49572474_l.jpg,https://drive.google.com/file/d/1DU5n0Hj7WoXrUnKh2g3hkpWoDYcfFE6q/view?usp=drivesdk,image/jpeg,256227,root,2026-02-25T00:14:31.770+05:30,,,,,,,,
0,1vrNekG1Qr56NK1QjgFO2uocib1KKbnxU,1DdSNj2V5CmmTQS3gcruw7YcgzNQoZgPP,40-409462_transparent-abstract-lines-png-pattern-background-line-png.png,https://drive.google.com/file/d/1DdSNj2V5CmmTQS3gcruw7YcgzNQoZgPP/view?usp=drivesdk,image/png,114523,root,2026-02-25T00:14:31.771+05:30,,,,,,,,
0,1vrNekG1Qr56NK1QjgFO2uocib1KKbnxU,1DfolLhx1V6lJdDa611AFm-QzAkE6noMg,3D_digital_art_red_motherboards-1687777.jpg!d.jpg,https://drive.google.com/file/d/1DfolLhx1V6lJdDa611AFm-QzAkE6noMg/view?usp=drivesdk,image/jpeg,215693,root,2026-02-25T00:14:31.771+05:30,,,,,,,,
0,1vrNekG1Qr56NK1QjgFO2uocib1KKbnxU,1DmgehXT8fHzHYe2sc7P40-1LE4v-Db2E,2019_Purple_Abstract_4K_HD_Design Wallpaper_3840x2400[10wallpaper.com].jpg,https://drive.google.com/file/d/1DmgehXT8fHzHYe2sc7P40-1LE4v-Db2E/view?usp=drivesdk,image/jpeg,279968,root,2026-02-25T00:14:31.772+05:30,,,,,,,,
0,1vrNekG1Qr56NK1QjgFO2uocib1KKbnxU,1DsDUZHbVXS-H9YUyLthblMWMR80QP-J5,17764-automation-rf.jpg,https://drive.google.com/file/d/1DsDUZHbVXS-H9YUyLthblMWMR80QP-J5/view?usp=drivesdk,image/jpeg,46261,root,2026-02-25T00:14:31.773+05:30,,,,,,,,
0,1vrNekG1Qr56NK1QjgFO2uocib1KKbnxU,1d9E5hhmpZw_fIWDHPe5br9Fee_MwmgqV,TC_RenaultTruckCMYKsmall.png,https://drive.google.com/file/d/1d9E5hhmpZw_fIWDHPe5br9Fee_MwmgqV/view?usp=drivesdk,image/png,4946496,root,2026-02-25T00:14:31.773+05:30,,,,,,,,
0,1vrNekG1Qr56NK1QjgFO2uocib1KKbnxU,1t5gttEqqQb9uC5fRWkQk2hF5wXUEVAv0,School_Bus_PNG_Clipart_Picture.png,https://drive.google.com/file/d/1t5gttEqqQb9uC5fRWkQk2hF5wXUEVAv0/view?usp=drivesdk,image/png,4483419,root,2026-02-25T00:14:31.774+05:30,,,,,,,,
0,1vrNekG1Qr56NK1QjgFO2uocib1KKbnxU,1RHszM31OlcSR-mYE1cQMT3wBG6iQwUAq,School_Bus_PNG_Clipart.png,https://drive.google.com/file/d/1RHszM31OlcSR-mYE1cQMT3wBG6iQwUAq/view?usp=drivesdk,image/png,4470004,root,2026-02-25T00:14:31.774+05:30,,,,,,,,
0,1vrNekG1Qr56NK1QjgFO2uocib1KKbnxU,1WEQpng56ESL1vzQhlH2d4QMKtLtC7fwG,Reengineering.png,https://drive.google.com/file/d/1WEQpng56ESL1vzQhlH2d4QMKtLtC7fwG/view?usp=drivesdk,image/png,1224487,root,2026-02-25T00:14:31.775+05:30,,,,,,,,
0,1vrNekG1Qr56NK1QjgFO2uocib1KKbnxU,1vTKnwZ6PXHJLu7kL7bRROVu96pLLOAas,logostics-analytics.png,https://drive.google.com/file/d/1vTKnwZ6PXHJLu7kL7bRROVu96pLLOAas/view?usp=drivesdk,image/png,3240102,root,2026-02-25T00:14:31.775+05:30,,,,,,,,
0,1vrNekG1Qr56NK1QjgFO2uocib1KKbnxU,1RlRrhlgyp-jjoxnUCoMTd6d0O_czi0Kw,Cloud_PNG_Clipart-869.png,https://drive.google.com/file/d/1RlRrhlgyp-jjoxnUCoMTd6d0O_czi0Kw/view?usp=drivesdk,image/png,5382216,root,2026-02-25T00:14:31.776+05:30,,,,,,,,
0,1vrNekG1Qr56NK1QjgFO2uocib1KKbnxU,1ib44jJ8UGlUqG_VTaxfW1lWNS1Izua38,arton52489.png,https://drive.google.com/file/d/1ib44jJ8UGlUqG_VTaxfW1lWNS1Izua38/view?usp=drivesdk,image/png,2126188,root,2026-02-25T00:14:31.777+05:30,,,,,,,,
0,1vrNekG1Qr56NK1QjgFO2uocib1KKbnxU,112BwkoFx0P-aZOdu_P724PJA4ENrfLxG,xianjuan-hu-uPYpcsbICI4-unsplash.jpg,https://drive.google.com/file/d/112BwkoFx0P-aZOdu_P724PJA4ENrfLxG/view?usp=drivesdk,image/jpeg,1747566,root,2026-02-25T00:14:31.777+05:30,,,,,,,,
0,1vrNekG1Qr56NK1QjgFO2uocib1KKbnxU,17XSrMJnpF037sNga9rZkd2nMkGKdYzhP,white-tir-truck-in-motion-driving-on-highway-picjumbo-com.jpg,https://drive.google.com/file/d/17XSrMJnpF037sNga9rZkd2nMkGKdYzhP/view?usp=drivesdk,image/jpeg,7842829,root,2026-02-25T00:14:31.778+05:30,,,,,,,,
0,1vrNekG1Qr56NK1QjgFO2uocib1KKbnxU,1TUX3lFiMLetrgn_48TDukwmsjv50C_AJ,Truckfront.jpg,https://drive.google.com/file/d/1TUX3lFiMLetrgn_48TDukwmsjv50C_AJ/view?usp=drivesdk,image/jpeg,1528328,root,2026-02-25T00:14:31.778+05:30,,,,,,,,
0,1vrNekG1Qr56NK1QjgFO2uocib1KKbnxU,19dDuPzx2EtkRni66ee0-H8K9_rwlbm1_,Transport.jpg,https://drive.google.com/file/d/19dDuPzx2EtkRni66ee0-H8K9_rwlbm1_/view?usp=drivesdk,image/jpeg,3128226,root,2026-02-25T00:14:31.779+05:30,,,,,,,,
0,1vrNekG1Qr56NK1QjgFO2uocib1KKbnxU,1qgQRU2p7vZGQOhS4Ul892i40NvOAMaxh,three-person-sitting-on-chair-near-table-inside-room-3183134.jpg,https://drive.google.com/file/d/1qgQRU2p7vZGQOhS4Ul892i40NvOAMaxh/view?usp=drivesdk,image/jpeg,2663752,root,2026-02-25T00:14:31.780+05:30,,,,,,,,
0,1vrNekG1Qr56NK1QjgFO2uocib1KKbnxU,1AfFUGQoR8UOo_8K0RMj7SKKOuh9ZNF-G,three-person-sitting-on-chair-near-table-inside-room.jpg,https://drive.google.com/file/d/1AfFUGQoR8UOo_8K0RMj7SKKOuh9ZNF-G/view?usp=drivesdk,image/jpeg,2427972,root,2026-02-25T00:14:31.780+05:30,,,,,,,,
0,1vrNekG1Qr56NK1QjgFO2uocib1KKbnxU,1W6uq2LpHL_x_IDuu_n3HcPuBtzyst50y,shutterstock_265202639.jpg,https://drive.google.com/file/d/1W6uq2LpHL_x_IDuu_n3HcPuBtzyst50y/view?usp=drivesdk,image/jpeg,3076188,root,2026-02-25T00:14:31.781+05:30,,,,,,,,
0,1vrNekG1Qr56NK1QjgFO2uocib1KKbnxU,1pEeaCJt71NbUoNQuXH39bUt-q-o-1ccf,photo-of-woman-using-laptop-3194518.jpg,https://drive.google.com/file/d/1pEeaCJt71NbUoNQuXH39bUt-q-o-1ccf/view?usp=drivesdk,image/jpeg,2683066,root,2026-02-25T00:14:31.782+05:30,,,,,,,,
0,1vrNekG1Qr56NK1QjgFO2uocib1KKbnxU,12njSKPyaT7oqDcJyptxm425GAXl8av6a,people-woman-coffee-meeting.jpg,https://drive.google.com/file/d/12njSKPyaT7oqDcJyptxm425GAXl8av6a/view?usp=drivesdk,image/jpeg,2233885,root,2026-02-25T00:14:31.782+05:30,,,,,,,,
0,1vrNekG1Qr56NK1QjgFO2uocib1KKbnxU,1G7vR6xUYQOvifA1jfkk_ottgBYYr46pR,party-glass-architecture-windows-34092.jpg,https://drive.google.com/file/d/1G7vR6xUYQOvifA1jfkk_ottgBYYr46pR/view?usp=drivesdk,image/jpeg,2790032,root,2026-02-25T00:14:31.783+05:30,,,,,,,,
0,1vrNekG1Qr56NK1QjgFO2uocib1KKbnxU,1tA9SEFXgqdeXoPOknD1b2RsaF0FDFEUQ,Offshore-Software.jpg,https://drive.google.com/file/d/1tA9SEFXgqdeXoPOknD1b2RsaF0FDFEUQ/view?usp=drivesdk,image/jpeg,1897445,root,2026-02-25T00:14:31.784+05:30,,,,,,,,
0,1vrNekG1Qr56NK1QjgFO2uocib1KKbnxU,1ct7iZlw5C6XtCK9n0EACRzKg8WVVgshJ,navigation-car-drive-road.jpg,https://drive.google.com/file/d/1ct7iZlw5C6XtCK9n0EACRzKg8WVVgshJ/view?usp=drivesdk,image/jpeg,2431760,root,2026-02-25T00:14:31.784+05:30,,,,,,,,
0,1vrNekG1Qr56NK1QjgFO2uocib1KKbnxU,1KkpQmRQ8_SxCZ-nN6URBCtyayo9Ey3AO,minimalist-home-office-workspace-desk-setup-picjumbo-com.jpg,https://drive.google.com/file/d/1KkpQmRQ8_SxCZ-nN6URBCtyayo9Ey3AO/view?usp=drivesdk,image/jpeg,4757883,root,2026-02-25T00:14:31.785+05:30,,,,,,,,
0,1vrNekG1Qr56NK1QjgFO2uocib1KKbnxU,1bVZ3q4ArN_b-0K9pURlrbRN_7KCqX1XT,michael-geiger-JJPqavJBy_k-unsplash.jpg,https://drive.google.com/file/d/1bVZ3q4ArN_b-0K9pURlrbRN_7KCqX1XT/view?usp=drivesdk,image/jpeg,1453306,root,2026-02-25T00:14:31.786+05:30,,,,,,,,
0,1vrNekG1Qr56NK1QjgFO2uocib1KKbnxU,1-dogRJD0VM7Gr0EnOKk-DK5hys7qTMV9,mHealth-Background.jpg,https://drive.google.com/file/d/1-dogRJD0VM7Gr0EnOKk-DK5hys7qTMV9/view?usp=drivesdk,image/jpeg,1666537,root,2026-02-25T00:14:31.786+05:30,,,,,,,,
0,1vrNekG1Qr56NK1QjgFO2uocib1KKbnxU,13rrHTAvyaaF4aiBTGYyezRYRJhg3MOjN,laptop-codes.jpg,https://drive.google.com/file/d/13rrHTAvyaaF4aiBTGYyezRYRJhg3MOjN/view?usp=drivesdk,image/jpeg,10853002,root,2026-02-25T00:14:31.787+05:30,,,,,,,,
0,1vrNekG1Qr56NK1QjgFO2uocib1KKbnxU,1qd2TuLSLDp2K3EUsB2sdunXCRjkx3Nsv,ipad-tablet-technology-touch.jpg,https://drive.google.com/file/d/1qd2TuLSLDp2K3EUsB2sdunXCRjkx3Nsv/view?usp=drivesdk,image/jpeg,1207658,root,2026-02-25T00:14:31.788+05:30,,,,,,,,
0,1vrNekG1Qr56NK1QjgFO2uocib1KKbnxU,1CwqFGYsOkhjXa_28lpZ7weca3cgoGoNv,helping-hand.jpg,https://drive.google.com/file/d/1CwqFGYsOkhjXa_28lpZ7weca3cgoGoNv/view?usp=drivesdk,image/jpeg,2147954,root,2026-02-25T00:14:31.788+05:30,,,,,,,,
0,1vrNekG1Qr56NK1QjgFO2uocib1KKbnxU,10vGPYtZVV4fM3D2g3G7XPctBIGgccwx2,entertainment.jpg,https://drive.google.com/file/d/10vGPYtZVV4fM3D2g3G7XPctBIGgccwx2/view?usp=drivesdk,image/jpeg,4569095,root,2026-02-25T00:14:31.789+05:30,,,,,,,,
0,1vrNekG1Qr56NK1QjgFO2uocib1KKbnxU,12I5yqnb33-V6g6oeSOxdW5g75MeEEBhj,boat-body-of-water-calm-waters-2834306.jpg,https://drive.google.com/file/d/12I5yqnb33-V6g6oeSOxdW5g75MeEEBhj/view?usp=drivesdk,image/jpeg,1947992,root,2026-02-25T00:14:31.790+05:30,,,,,,,,
0,1vrNekG1Qr56NK1QjgFO2uocib1KKbnxU,12n4XYEyMPwiho23w4_5Jml6dDrz8ccVu,2592x1944.jpg,https://drive.google.com/file/d/12n4XYEyMPwiho23w4_5Jml6dDrz8ccVu/view?usp=drivesdk,image/jpeg,2227617,root,2026-02-25T00:14:31.791+05:30,,,,,,,,
0,1vrNekG1Qr56NK1QjgFO2uocib1KKbnxU,1g5bEgw3nS6h7RfGF5UCXeXwl8l5-NMjl,738d2dffc4a5a03867854a8665337a62.jpg,https://drive.google.com/file/d/1g5bEgw3nS6h7RfGF5UCXeXwl8l5-NMjl/view?usp=drivesdk,image/jpeg,1574942,root,2026-02-25T00:14:31.791+05:30,,,,,,,,
0,1vrNekG1Qr56NK1QjgFO2uocib1KKbnxU,15QMXV9fLqa_f6_MGM43-Ez2ydvre1xo1,thermometer-headache-pain-pills-139398.jpeg,https://drive.google.com/file/d/15QMXV9fLqa_f6_MGM43-Ez2ydvre1xo1/view?usp=drivesdk,image/jpeg,2165563,root,2026-02-25T00:14:31.792+05:30,,,,,,,,
0,1vrNekG1Qr56NK1QjgFO2uocib1KKbnxU,1D3eV0FiOzzDaHz25WmFBQeK4VTtnXvId,Innovation-28118.jpeg,https://drive.google.com/file/d/1D3eV0FiOzzDaHz25WmFBQeK4VTtnXvId/view?usp=drivesdk,image/jpeg,3854848,root,2026-02-25T00:14:31.793+05:30,,,,,,,,
0,1vrNekG1Qr56NK1QjgFO2uocib1KKbnxU,1h30pm4Wb-25725GwPomeek41aa1ALA_p,diabetes-blood-sugar-diabetic-medicine-46173.jpeg,https://drive.google.com/file/d/1h30pm4Wb-25725GwPomeek41aa1ALA_p/view?usp=drivesdk,image/jpeg,1122218,root,2026-02-25T00:14:31.793+05:30,,,,,,,,
0,1vrNekG1Qr56NK1QjgFO2uocib1KKbnxU,138UswCJf1aiMwwPaMsgneRB9_qYbEQ1J,autos-technology-vw-multi-storey-car-park-63294.jpeg,https://drive.google.com/file/d/138UswCJf1aiMwwPaMsgneRB9_qYbEQ1J/view?usp=drivesdk,image/jpeg,1171002,root,2026-02-25T00:14:31.794+05:30,,,,,,,,
0,1vrNekG1Qr56NK1QjgFO2uocib1KKbnxU,13WBa20-NUtVMjN_FIIyC_h3iev5ylu2E,app_support.jpeg,https://drive.google.com/file/d/13WBa20-NUtVMjN_FIIyC_h3iev5ylu2E/view?usp=drivesdk,image/jpeg,9568126,root,2026-02-25T00:14:31.794+05:30,,,,,,,,
0,1vrNekG1Qr56NK1QjgFO2uocib1KKbnxU,1izawQvxca8zSdEsoLyMPwb5Exd4PihcB,AdobeStock_119114983-1.jpeg,https://drive.google.com/file/d/1izawQvxca8zSdEsoLyMPwb5Exd4PihcB/view?usp=drivesdk,image/jpeg,1179271,root,2026-02-25T00:14:31.795+05:30,,,,,,,,
0,1vrNekG1Qr56NK1QjgFO2uocib1KKbnxU,1qsZpCZIpN6mbUjirmeK6v4CtUpf5Ps_9,security-department-1653345.png,https://drive.google.com/file/d/1qsZpCZIpN6mbUjirmeK6v4CtUpf5Ps_9/view?usp=drivesdk,image/png,237180,root,2026-02-25T00:14:31.796+05:30,,,,,,,,
0,1vrNekG1Qr56NK1QjgFO2uocib1KKbnxU,1l_tbMDWgQRXHR7qeUhT0wM8ueDdpH4AZ,Pasted-image-at-2017_06_27-11_05-AM-1500x750.png,https://drive.google.com/file/d/1l_tbMDWgQRXHR7qeUhT0wM8ueDdpH4AZ/view?usp=drivesdk,image/png,437694,root,2026-02-25T00:14:31.796+05:30,,,,,,,,
0,1vrNekG1Qr56NK1QjgFO2uocib1KKbnxU,19m5T7G0zjToYYIVwGu7AV-kGYpqaiMKC,iPadAndiPhoneDark.png,https://drive.google.com/file/d/19m5T7G0zjToYYIVwGu7AV-kGYpqaiMKC/view?usp=drivesdk,image/png,479701,root,2026-02-25T00:14:31.798+05:30,,,,,,,,
0,1vrNekG1Qr56NK1QjgFO2uocib1KKbnxU,1AQySs6eqv1QzsSVmVzYx9LZ18QVei404,shattered_@2X.png,https://drive.google.com/file/d/1AQySs6eqv1QzsSVmVzYx9LZ18QVei404/view?usp=drivesdk,image/png,190781,root,2026-02-25T00:14:31.799+05:30,,,,,,,,
0,1vrNekG1Qr56NK1QjgFO2uocib1KKbnxU,1nmwaEZUvCaPgGjibl8oCxc9OJOkIU1nm,QA-training.png,https://drive.google.com/file/d/1nmwaEZUvCaPgGjibl8oCxc9OJOkIU1nm/view?usp=drivesdk,image/png,89815,root,2026-02-25T00:14:31.800+05:30,,,,,,,,
0,1vrNekG1Qr56NK1QjgFO2uocib1KKbnxU,1p2Fa2chyCnOOS_rNLu9uXUfDqF1tZmou,volunteeringhands_banner.png,https://drive.google.com/file/d/1p2Fa2chyCnOOS_rNLu9uXUfDqF1tZmou/view?usp=drivesdk,image/png,218295,root,2026-02-25T00:14:31.801+05:30,,,,,,,,
0,1vrNekG1Qr56NK1QjgFO2uocib1KKbnxU,19thZ54y8CmFjw-T3r_ZVYrjuJF8GU2xG,welding-2178127_1920.jpg,https://drive.google.com/file/d/19thZ54y8CmFjw-T3r_ZVYrjuJF8GU2xG/view?usp=drivesdk,image/jpeg,459311,root,2026-02-25T00:14:31.801+05:30,,,,,,,,
0,1vrNekG1Qr56NK1QjgFO2uocib1KKbnxU,1w8mB-oUgxQZURE17c95PQWUjSBFTgqhg,cloud_PNG24.png,https://drive.google.com/file/d/1w8mB-oUgxQZURE17c95PQWUjSBFTgqhg/view?usp=drivesdk,image/png,175199,root,2026-02-25T00:14:31.802+05:30,,,,,,,,
0,1vrNekG1Qr56NK1QjgFO2uocib1KKbnxU,12mwHNk38q6nAzJJ4Pjbt_N-PEk4_AE0p,1470311915Picture401-1024x790 (1).png,https://drive.google.com/file/d/12mwHNk38q6nAzJJ4Pjbt_N-PEk4_AE0p/view?usp=drivesdk,image/png,739490,root,2026-02-25T00:14:31.803+05:30,,,,,,,,
0,1vrNekG1Qr56NK1QjgFO2uocib1KKbnxU,14q8LgjQnCM4NVAOTJp-YZFG-V_vhH0_k,588887cbbc2fc2ef3a1860a1.png,https://drive.google.com/file/d/14q8LgjQnCM4NVAOTJp-YZFG-V_vhH0_k/view?usp=drivesdk,image/png,357814,root,2026-02-25T00:14:31.803+05:30,,,,,,,,
0,1vrNekG1Qr56NK1QjgFO2uocib1KKbnxU,1bDBN74-o5vDUAgFax9IJS2ToKLHO9Xge,avatar-2191931_1920.png,https://drive.google.com/file/d/1bDBN74-o5vDUAgFax9IJS2ToKLHO9Xge/view?usp=drivesdk,image/png,153393,root,2026-02-25T00:14:31.804+05:30,,,,,,,,
0,1vrNekG1Qr56NK1QjgFO2uocib1KKbnxU,1Z5S8jCz_Q73j2PeP_Dty_BI7AGF0_zf-,world-1302929_1920.jpg,https://drive.google.com/file/d/1Z5S8jCz_Q73j2PeP_Dty_BI7AGF0_zf-/view?usp=drivesdk,image/jpeg,192748,root,2026-02-25T00:14:31.805+05:30,,,,,,,,
0,1vrNekG1Qr56NK1QjgFO2uocib1KKbnxU,1Ot1GsV7ZUey7G4tTQEAXWOke3bZNS2UC,world-design-1237411.jpg,https://drive.google.com/file/d/1Ot1GsV7ZUey7G4tTQEAXWOke3bZNS2UC/view?usp=drivesdk,image/jpeg,145169,root,2026-02-25T00:14:31.805+05:30,,,,,,,,
0,1vrNekG1Qr56NK1QjgFO2uocib1KKbnxU,1Bz1tvsfPYjaFJQ4BogltknpbbkiSSFIN,1 sRpuGjVgEx2DWNtPtTQiGA.png,https://drive.google.com/file/d/1Bz1tvsfPYjaFJQ4BogltknpbbkiSSFIN/view?usp=drivesdk,image/png,320473,root,2026-02-25T00:14:31.806+05:30,,,,,,,,
0,1vrNekG1Qr56NK1QjgFO2uocib1KKbnxU,1fgqXQLH6cSGPAd32iSdBR3gSJB4Inh2u,cloud-3461414_1920.png,https://drive.google.com/file/d/1fgqXQLH6cSGPAd32iSdBR3gSJB4Inh2u/view?usp=drivesdk,image/png,61149,root,2026-02-25T00:14:31.807+05:30,,,,,,,,
0,1vrNekG1Qr56NK1QjgFO2uocib1KKbnxU,1YcbNZru9cctapxKNMerdIruycagJ5rTT,Webpage-backdrop.jpg,https://drive.google.com/file/d/1YcbNZru9cctapxKNMerdIruycagJ5rTT/view?usp=drivesdk,image/jpeg,126366,root,2026-02-25T00:14:31.807+05:30,,,,,,,,
0,1vrNekG1Qr56NK1QjgFO2uocib1KKbnxU,1VVUF30clkjt-sQXU9RPJ3FhP5RdB0YfD,trucking.jpg,https://drive.google.com/file/d/1VVUF30clkjt-sQXU9RPJ3FhP5RdB0YfD/view?usp=drivesdk,image/jpeg,626037,root,2026-02-25T00:14:31.808+05:30,,,,,,,,
0,1vrNekG1Qr56NK1QjgFO2uocib1KKbnxU,1oN6QALsDYv0fwSs2GAEWV1-EqMOwrzVd,vuelven-las-franquicias-en-el-sector-inmobiliario-noticias-infocif.jpg,https://drive.google.com/file/d/1oN6QALsDYv0fwSs2GAEWV1-EqMOwrzVd/view?usp=drivesdk,image/jpeg,92406,root,2026-02-25T00:14:31.809+05:30,,,,,,,,
0,1vrNekG1Qr56NK1QjgFO2uocib1KKbnxU,1NwWXHVF0wwR1Kf7j8V5faB8HGlk7-E4q,transformation-3746922_1920.jpg,https://drive.google.com/file/d/1NwWXHVF0wwR1Kf7j8V5faB8HGlk7-E4q/view?usp=drivesdk,image/jpeg,257186,root,2026-02-25T00:14:31.809+05:30,,,,,,,,
0,1vrNekG1Qr56NK1QjgFO2uocib1KKbnxU,15dbKLIedCFeFalS-IUujwlwTDLfziKPC,voice-search-mobile-1080x675.jpg,https://drive.google.com/file/d/15dbKLIedCFeFalS-IUujwlwTDLfziKPC/view?usp=drivesdk,image/jpeg,264560,root,2026-02-25T00:14:31.810+05:30,,,,,,,,
0,1vrNekG1Qr56NK1QjgFO2uocib1KKbnxU,1EiQlrHYZQU_1n9lAXhuguyOP4F5QFXbh,wallpaper.wiki-HD-1080-x-1920-Wallpaper-Vertical-PIC-WPD0014840-1.jpg,https://drive.google.com/file/d/1EiQlrHYZQU_1n9lAXhuguyOP4F5QFXbh/view?usp=drivesdk,image/jpeg,633499,root,2026-02-25T00:14:31.811+05:30,,,,,,,,
0,1vrNekG1Qr56NK1QjgFO2uocib1KKbnxU,1Ea2LBA1ZHPKLVrmb-HiTw2F9TIwqjspU,water-1330252_1920.jpg,https://drive.google.com/file/d/1Ea2LBA1ZHPKLVrmb-HiTw2F9TIwqjspU/view?usp=drivesdk,image/jpeg,859126,root,2026-02-25T00:14:31.812+05:30,,,,,,,,
0,1vrNekG1Qr56NK1QjgFO2uocib1KKbnxU,1A7p4D0kpDp32I66S2enZfkwsRZvER0DS,walk-2635038_1920.jpg,https://drive.google.com/file/d/1A7p4D0kpDp32I66S2enZfkwsRZvER0DS/view?usp=drivesdk,image/jpeg,420244,root,2026-02-25T00:14:31.812+05:30,,,,,,,,
0,1vrNekG1Qr56NK1QjgFO2uocib1KKbnxU,1bfyfDjsG4TxyBpl5ux8WIH56OKEk20JY,web-design-development-company-sri-lanka-software-development-solutions1.jpg,https://drive.google.com/file/d/1bfyfDjsG4TxyBpl5ux8WIH56OKEk20JY/view?usp=drivesdk,image/jpeg,230907,root,2026-02-25T00:14:31.813+05:30,,,,,,,,
0,1vrNekG1Qr56NK1QjgFO2uocib1KKbnxU,1EVVZthBB0vFdKs-trBwxKfdK4KOc9vFA,wallpaper2you_556044.jpg,https://drive.google.com/file/d/1EVVZthBB0vFdKs-trBwxKfdK4KOc9vFA/view?usp=drivesdk,image/jpeg,45845,root,2026-02-25T00:14:31.814+05:30,,,,,,,,
0,1vrNekG1Qr56NK1QjgFO2uocib1KKbnxU,1eufTvDo0jtFRgQ7I8QUqm3AixXOi1P9S,translation-software-for-ngos-non-profits-300x300.jpg,https://drive.google.com/file/d/1eufTvDo0jtFRgQ7I8QUqm3AixXOi1P9S/view?usp=drivesdk,image/jpeg,17490,root,2026-02-25T00:14:31.814+05:30,,,,,,,,
0,1vrNekG1Qr56NK1QjgFO2uocib1KKbnxU,16Y8cTAHVmvrkrtagBoJswCLFpYnDFfyu,shopping-mall-1316787_1920.jpg,https://drive.google.com/file/d/16Y8cTAHVmvrkrtagBoJswCLFpYnDFfyu/view?usp=drivesdk,image/jpeg,610854,root,2026-02-25T00:14:31.815+05:30,,,,,,,,
0,1vrNekG1Qr56NK1QjgFO2uocib1KKbnxU,1lMaMdsk_5080U3GNs23thsXj5_f6_5kV,tech-3041437_1920.jpg,https://drive.google.com/file/d/1lMaMdsk_5080U3GNs23thsXj5_f6_5kV/view?usp=drivesdk,image/jpeg,269074,root,2026-02-25T00:14:31.815+05:30,,,,,,,,
0,1vrNekG1Qr56NK1QjgFO2uocib1KKbnxU,1IK1439G1KGvn4aO8Nkxnl_05VQeLjAGr,Software-Technology.jpg,https://drive.google.com/file/d/1IK1439G1KGvn4aO8Nkxnl_05VQeLjAGr/view?usp=drivesdk,image/jpeg,72660,root,2026-02-25T00:14:31.816+05:30,,,,,,,,
0,1vrNekG1Qr56NK1QjgFO2uocib1KKbnxU,1tpweXIeeaA1HBFIJC7VQdcGtwUkDW7LR,Telematics-thegem-blog-default.jpg,https://drive.google.com/file/d/1tpweXIeeaA1HBFIJC7VQdcGtwUkDW7LR/view?usp=drivesdk,image/jpeg,750698,root,2026-02-25T00:14:31.817+05:30,,,,,,,,
0,1vrNekG1Qr56NK1QjgFO2uocib1KKbnxU,12EfImpcnnxIoXjGMm-_b42r2YV3QHHyu,shake-hands-2336717_1920.jpg,https://drive.google.com/file/d/12EfImpcnnxIoXjGMm-_b42r2YV3QHHyu/view?usp=drivesdk,image/jpeg,813008,root,2026-02-25T00:14:31.817+05:30,,,,,,,,
0,1vrNekG1Qr56NK1QjgFO2uocib1KKbnxU,1hud299d7klmyMecBHg0u8Okx3hYRxzI4,SaaS_Mobile_BLOG.jpg,https://drive.google.com/file/d/1hud299d7klmyMecBHg0u8Okx3hYRxzI4/view?usp=drivesdk,image/jpeg,123931,root,2026-02-25T00:14:31.818+05:30,,,,,,,,
0,1vrNekG1Qr56NK1QjgFO2uocib1KKbnxU,1d7RGaE6QvFSe2RG-4LFQ9Ezc_b5WEDBY,shipping-solutions-truck-trailers-in-sunset-1500x630.jpg,https://drive.google.com/file/d/1d7RGaE6QvFSe2RG-4LFQ9Ezc_b5WEDBY/view?usp=drivesdk,image/jpeg,276873,root,2026-02-25T00:14:31.819+05:30,,,,,,,,
0,1vrNekG1Qr56NK1QjgFO2uocib1KKbnxU,1BZsftnw95QMPRH2hp4D_uwjmyeFJOSlq,servidores-alta-disponibilidad.jpg,https://drive.google.com/file/d/1BZsftnw95QMPRH2hp4D_uwjmyeFJOSlq/view?usp=drivesdk,image/jpeg,641267,root,2026-02-25T00:14:31.819+05:30,,,,,,,,
0,1vrNekG1Qr56NK1QjgFO2uocib1KKbnxU,1MMYnjPXPt4ERxzzoW6PvcqV9GRMFxRft,supply-chain-human-trafficking.jpg,https://drive.google.com/file/d/1MMYnjPXPt4ERxzzoW6PvcqV9GRMFxRft/view?usp=drivesdk,image/jpeg,49879,root,2026-02-25T00:14:31.820+05:30,,,,,,,,
0,1vrNekG1Qr56NK1QjgFO2uocib1KKbnxU,1R9JCEYrCwcAXLHgoWmJqC7vJGVYCINaV,people-girl-design-happy-35188.jpg,https://drive.google.com/file/d/1R9JCEYrCwcAXLHgoWmJqC7vJGVYCINaV/view?usp=drivesdk,image/jpeg,402059,root,2026-02-25T00:14:31.821+05:30,,,,,,,,
0,1vrNekG1Qr56NK1QjgFO2uocib1KKbnxU,1XX3MHvajRmZe_v0ellIniCBrTG9cJ1MU,robot_gear_automation_thinkstock_606703118_3x2-100732427-large.jpg,https://drive.google.com/file/d/1XX3MHvajRmZe_v0ellIniCBrTG9cJ1MU/view?usp=drivesdk,image/jpeg,84945,root,2026-02-25T00:14:31.821+05:30,,,,,,,,
0,1vrNekG1Qr56NK1QjgFO2uocib1KKbnxU,1ft-5LiFdTad6gItfnhpj5Om6NSGnqlEI,road_shutterstock_141931021.jpg,https://drive.google.com/file/d/1ft-5LiFdTad6gItfnhpj5Om6NSGnqlEI/view?usp=drivesdk,image/jpeg,130852,root,2026-02-25T00:14:31.822+05:30,,,,,,,,
0,1vrNekG1Qr56NK1QjgFO2uocib1KKbnxU,1zrBGvlIjtRf49pEyg5b-O7lC642-nHLB,Real-Estate-Investment-Dropping.jpg,https://drive.google.com/file/d/1zrBGvlIjtRf49pEyg5b-O7lC642-nHLB/view?usp=drivesdk,image/jpeg,416102,root,2026-02-25T00:14:31.823+05:30,,,,,,,,
0,1vrNekG1Qr56NK1QjgFO2uocib1KKbnxU,1DWm6_MWboj8M5cHhxSE5L2RIiaS0iVHv,risk-assessment-can-help-secure-your-business.jpg,https://drive.google.com/file/d/1DWm6_MWboj8M5cHhxSE5L2RIiaS0iVHv/view?usp=drivesdk,image/jpeg,104691,root,2026-02-25T00:14:31.823+05:30,,,,,,,,
0,1vrNekG1Qr56NK1QjgFO2uocib1KKbnxU,1KVaZwK8y8Aj0HLd1H3OuSFoWjoZdM2BF,paper-3249919_1920.jpg,https://drive.google.com/file/d/1KVaZwK8y8Aj0HLd1H3OuSFoWjoZdM2BF/view?usp=drivesdk,image/jpeg,255190,root,2026-02-25T00:14:31.824+05:30,,,,,,,,
0,1vrNekG1Qr56NK1QjgFO2uocib1KKbnxU,1lpg5YEkU-zOekLmDjDsCHjPnNYQh29n_,PACS-is-a-healthcare-technology-communication-system-for-storage-retrieval-management-distribution-and-presentation-of-medical-images..jpg,https://drive.google.com/file/d/1lpg5YEkU-zOekLmDjDsCHjPnNYQh29n_/view?usp=drivesdk,image/jpeg,224794,root,2026-02-25T00:14:31.824+05:30,,,,,,,,
0,1vrNekG1Qr56NK1QjgFO2uocib1KKbnxU,1dg_j48tNkjN7XypLS813q63MvIL_weTD,old-newspaper-350376_1920.jpg,https://drive.google.com/file/d/1dg_j48tNkjN7XypLS813q63MvIL_weTD/view?usp=drivesdk,image/jpeg,606495,root,2026-02-25T00:14:31.825+05:30,,,,,,,,
0,1vrNekG1Qr56NK1QjgFO2uocib1KKbnxU,1ryQwp8itC0Bb5fMNAAVtJyG8ayTkYvxJ,online-collaboration.jpg,https://drive.google.com/file/d/1ryQwp8itC0Bb5fMNAAVtJyG8ayTkYvxJ/view?usp=drivesdk,image/jpeg,211646,root,2026-02-25T00:14:31.826+05:30,,,,,,,,
0,1vrNekG1Qr56NK1QjgFO2uocib1KKbnxU,1sCpLYXw7jESaqWjU4vY6-H6gJRywCJoh,Penske2.jpg,https://drive.google.com/file/d/1sCpLYXw7jESaqWjU4vY6-H6gJRywCJoh/view?usp=drivesdk,image/jpeg,62173,root,2026-02-25T00:14:31.826+05:30,,,,,,,,
0,1vrNekG1Qr56NK1QjgFO2uocib1KKbnxU,1fTsAhS4QVvaetRn3rIOZweEY_cTrmgTT,news-and-events-banner.jpg,https://drive.google.com/file/d/1fTsAhS4QVvaetRn3rIOZweEY_cTrmgTT/view?usp=drivesdk,image/jpeg,108667,root,2026-02-25T00:14:31.827+05:30,,,,,,,,
0,1vrNekG1Qr56NK1QjgFO2uocib1KKbnxU,1HsfeST-j6nEYbaRJMGImnd8dj0vPIc9q,modern-2721466_1920.jpg,https://drive.google.com/file/d/1HsfeST-j6nEYbaRJMGImnd8dj0vPIc9q/view?usp=drivesdk,image/jpeg,304592,root,2026-02-25T00:14:31.828+05:30,,,,,,,,
0,1vrNekG1Qr56NK1QjgFO2uocib1KKbnxU,1ZBNXWvzZV7EI6G5uQR4gL0Pja6QtjqhS,new-york-2088958_1920.jpg,https://drive.google.com/file/d/1ZBNXWvzZV7EI6G5uQR4gL0Pja6QtjqhS/view?usp=drivesdk,image/jpeg,762085,root,2026-02-25T00:14:31.828+05:30,,,,,,,,
0,1vrNekG1Qr56NK1QjgFO2uocib1KKbnxU,1YtOpmHniEY9NRByBcQVyI1HR-mhoHnuo,load-testing.jpg,https://drive.google.com/file/d/1YtOpmHniEY9NRByBcQVyI1HR-mhoHnuo/view?usp=drivesdk,image/jpeg,1019121,root,2026-02-25T00:14:31.829+05:30,,,,,,,,
0,1vrNekG1Qr56NK1QjgFO2uocib1KKbnxU,1girlhOj7PQFEZoGQG_jq7CuIQHsDDpzN,NGO-Feature_image-730x365.jpg,https://drive.google.com/file/d/1girlhOj7PQFEZoGQG_jq7CuIQHsDDpzN/view?usp=drivesdk,image/jpeg,48465,root,2026-02-25T00:14:31.829+05:30,,,,,,,,
0,1vrNekG1Qr56NK1QjgFO2uocib1KKbnxU,1pwV_ycVsVBne6CwQLg3bpnaKmS2KCzKG,laptop-3174729_1920.jpg,https://drive.google.com/file/d/1pwV_ycVsVBne6CwQLg3bpnaKmS2KCzKG/view?usp=drivesdk,image/jpeg,160278,root,2026-02-25T00:14:31.830+05:30,,,,,,,,
0,1vrNekG1Qr56NK1QjgFO2uocib1KKbnxU,1G0W7Ej_FbWZCMsxoMHK7FhkhQry7Uz7D,hr-outsourcing-how-can-it-work.jpg,https://drive.google.com/file/d/1G0W7Ej_FbWZCMsxoMHK7FhkhQry7Uz7D/view?usp=drivesdk,image/jpeg,687885,root,2026-02-25T00:14:31.831+05:30,,,,,,,,
0,1vrNekG1Qr56NK1QjgFO2uocib1KKbnxU,1eyihVMTbxZRwG4IL8Vv5Hm0QPTk0sDPV,IT-consulting.jpg,https://drive.google.com/file/d/1eyihVMTbxZRwG4IL8Vv5Hm0QPTk0sDPV/view?usp=drivesdk,image/jpeg,107748,root,2026-02-25T00:14:31.831+05:30,,,,,,,,
0,1vrNekG1Qr56NK1QjgFO2uocib1KKbnxU,1J_nwiVlTcSN7oVkkUEqXzgXsTp90UsUy,industry-3087393_1920.jpg,https://drive.google.com/file/d/1J_nwiVlTcSN7oVkkUEqXzgXsTp90UsUy/view?usp=drivesdk,image/jpeg,1048442,root,2026-02-25T00:14:31.832+05:30,,,,,,,,
0,1vrNekG1Qr56NK1QjgFO2uocib1KKbnxU,1iFdfqn2PUZHbcUYN-HW1PAGoy0Szlpzq,industry-837x558.jpg,https://drive.google.com/file/d/1iFdfqn2PUZHbcUYN-HW1PAGoy0Szlpzq/view?usp=drivesdk,image/jpeg,60462,root,2026-02-25T00:14:31.833+05:30,,,,,,,,
0,1vrNekG1Qr56NK1QjgFO2uocib1KKbnxU,17Y9cSehiVxmh2am8UZdtT6IReA3ZxNig,hand-3044387.jpg,https://drive.google.com/file/d/17Y9cSehiVxmh2am8UZdtT6IReA3ZxNig/view?usp=drivesdk,image/jpeg,779651,root,2026-02-25T00:14:31.834+05:30,,,,,,,,
0,1vrNekG1Qr56NK1QjgFO2uocib1KKbnxU,1Ub-qSciwalLNJl3aFkGZtRvgzpXeeCl_,hand-226358_1920.jpg,https://drive.google.com/file/d/1Ub-qSciwalLNJl3aFkGZtRvgzpXeeCl_/view?usp=drivesdk,image/jpeg,339296,root,2026-02-25T00:14:31.834+05:30,,,,,,,,
0,1vrNekG1Qr56NK1QjgFO2uocib1KKbnxU,1119EFfbRh5C08J79e3zmW0FD2nSgW3Eh,header-image-1.jpg,https://drive.google.com/file/d/1119EFfbRh5C08J79e3zmW0FD2nSgW3Eh/view?usp=drivesdk,image/jpeg,96851,root,2026-02-25T00:14:31.835+05:30,,,,,,,,
0,1vrNekG1Qr56NK1QjgFO2uocib1KKbnxU,1kmHDmahlcFGA_PPwB-que9sL8BI7cyAN,hand-2722098_1920.jpg,https://drive.google.com/file/d/1kmHDmahlcFGA_PPwB-que9sL8BI7cyAN/view?usp=drivesdk,image/jpeg,348663,root,2026-02-25T00:14:31.835+05:30,,,,,,,,
0,1vrNekG1Qr56NK1QjgFO2uocib1KKbnxU,1wT4h0c6NsmyYWzMCuvacFJyS7ky2J_U1,heavy-transport-261617_1920.jpg,https://drive.google.com/file/d/1wT4h0c6NsmyYWzMCuvacFJyS7ky2J_U1/view?usp=drivesdk,image/jpeg,612173,root,2026-02-25T00:14:31.836+05:30,,,,,,,,
0,1vrNekG1Qr56NK1QjgFO2uocib1KKbnxU,1FZA3xKpSeswYqkktaDVgV3ZTEZ5gsYwF,HR-automation.jpg,https://drive.google.com/file/d/1FZA3xKpSeswYqkktaDVgV3ZTEZ5gsYwF/view?usp=drivesdk,image/jpeg,328994,root,2026-02-25T00:14:31.837+05:30,,,,,,,,
0,1vrNekG1Qr56NK1QjgFO2uocib1KKbnxU,1ZYq-WsxxG6dzmjxoO1cZhTZk3d5oAxVs,home-1353389_1920.jpg,https://drive.google.com/file/d/1ZYq-WsxxG6dzmjxoO1cZhTZk3d5oAxVs/view?usp=drivesdk,image/jpeg,975230,root,2026-02-25T00:14:31.837+05:30,,,,,,,,
0,1vrNekG1Qr56NK1QjgFO2uocib1KKbnxU,1fEaJzs59-TStx-4gJaJu96SpA0JDi54J,how-is-mobile-app-testing-different-from-web-app-testing.jpg,https://drive.google.com/file/d/1fEaJzs59-TStx-4gJaJu96SpA0JDi54J/view?usp=drivesdk,image/jpeg,439369,root,2026-02-25T00:14:31.838+05:30,,,,,,,,
0,1vrNekG1Qr56NK1QjgFO2uocib1KKbnxU,1DT_c12wCDt2TUS2JwVjveu81IMioS7rP,Group-Insurance.jpg,https://drive.google.com/file/d/1DT_c12wCDt2TUS2JwVjveu81IMioS7rP/view?usp=drivesdk,image/jpeg,70789,root,2026-02-25T00:14:31.839+05:30,,,,,,,,
0,1vrNekG1Qr56NK1QjgFO2uocib1KKbnxU,1qEBxUs9vPrj5hmEBFLiKB3tmel7gBUmK,Homeslider_05.jpg,https://drive.google.com/file/d/1qEBxUs9vPrj5hmEBFLiKB3tmel7gBUmK/view?usp=drivesdk,image/jpeg,201343,root,2026-02-25T00:14:31.839+05:30,,,,,,,,
0,1vrNekG1Qr56NK1QjgFO2uocib1KKbnxU,1W-9XkE5qM_9x5s9Uxarb8sMbFXKhsYvV,family-2073600_1920.jpg,https://drive.google.com/file/d/1W-9XkE5qM_9x5s9Uxarb8sMbFXKhsYvV/view?usp=drivesdk,image/jpeg,358389,root,2026-02-25T00:14:31.841+05:30,,,,,,,,
0,1vrNekG1Qr56NK1QjgFO2uocib1KKbnxU,1f4jJ6L6eRhcV4Eg3qyWyp7C3oZW3mnK5,girl-in-black-dress-standing-beside-girl-in-white-sweatshirt-1620760.jpg,https://drive.google.com/file/d/1f4jJ6L6eRhcV4Eg3qyWyp7C3oZW3mnK5/view?usp=drivesdk,image/jpeg,1018068,root,2026-02-25T00:14:31.841+05:30,,,,,,,,
0,1vrNekG1Qr56NK1QjgFO2uocib1KKbnxU,1GXj5bamGCk_Numc4T1pc8AuGDH24R5sN,disruption-smaller.jpg,https://drive.google.com/file/d/1GXj5bamGCk_Numc4T1pc8AuGDH24R5sN/view?usp=drivesdk,image/jpeg,962314,root,2026-02-25T00:14:31.842+05:30,,,,,,,,
0,1vrNekG1Qr56NK1QjgFO2uocib1KKbnxU,1gJUzhb-sE5qpgtI8Xot49wL8r6qlR_Kt,Digital-Marketing-is-everyones-business.jpg,https://drive.google.com/file/d/1gJUzhb-sE5qpgtI8Xot49wL8r6qlR_Kt/view?usp=drivesdk,image/jpeg,214863,root,2026-02-25T00:14:31.843+05:30,,,,,,,,
0,1vrNekG1Qr56NK1QjgFO2uocib1KKbnxU,1SWOUO4NcMs0oZJ4Fxhwa9E6WmCVNXvdk,EDI Implementation-EDI language-Generix Group.jpg,https://drive.google.com/file/d/1SWOUO4NcMs0oZJ4Fxhwa9E6WmCVNXvdk/view?usp=drivesdk,image/jpeg,363549,root,2026-02-25T00:14:31.843+05:30,,,,,,,,
0,1vrNekG1Qr56NK1QjgFO2uocib1KKbnxU,1kklf9mGwLTBV5YDYIyDsZXwqgKfzMkYO,digitial.jpg,https://drive.google.com/file/d/1kklf9mGwLTBV5YDYIyDsZXwqgKfzMkYO/view?usp=drivesdk,image/jpeg,224838,root,2026-02-25T00:14:31.844+05:30,,,,,,,,
0,1vrNekG1Qr56NK1QjgFO2uocib1KKbnxU,1m6lqnUVBJ9mfiR84A7DsGRHKlzD8c4jz,gall_04.jpg,https://drive.google.com/file/d/1m6lqnUVBJ9mfiR84A7DsGRHKlzD8c4jz/view?usp=drivesdk,image/jpeg,136237,root,2026-02-25T00:14:31.844+05:30,,,,,,,,
0,1vrNekG1Qr56NK1QjgFO2uocib1KKbnxU,19biPnfxCItaAxTTAEWaS2VJbRr0Nk4Wg,fast-radius-digital-car-rassey-speed.jpg,https://drive.google.com/file/d/19biPnfxCItaAxTTAEWaS2VJbRr0Nk4Wg/view?usp=drivesdk,image/jpeg,307172,root,2026-02-25T00:14:31.845+05:30,,,,,,,,
0,1vrNekG1Qr56NK1QjgFO2uocib1KKbnxU,1Myuu7fCtBXgCkJRPfLWadClJXN3lG-z1,Fleetcompanies-can-help-implement-Telematics-for-businesses.jpg,https://drive.google.com/file/d/1Myuu7fCtBXgCkJRPfLWadClJXN3lG-z1/view?usp=drivesdk,image/jpeg,99602,root,2026-02-25T00:14:31.846+05:30,,,,,,,,
0,1vrNekG1Qr56NK1QjgFO2uocib1KKbnxU,13V-GaBztaKifjj1-Z8c-d7_JDEVmwuK4,digital-innovation-news.jpg,https://drive.google.com/file/d/13V-GaBztaKifjj1-Z8c-d7_JDEVmwuK4/view?usp=drivesdk,image/jpeg,164471,root,2026-02-25T00:14:31.846+05:30,,,,,,,,
0,1vrNekG1Qr56NK1QjgFO2uocib1KKbnxU,1IUbHelhoTItY4wKmjV1PZTOONUHaT8SV,compliance-testing.jpg,https://drive.google.com/file/d/1IUbHelhoTItY4wKmjV1PZTOONUHaT8SV/view?usp=drivesdk,image/jpeg,375029,root,2026-02-25T00:14:31.847+05:30,,,,,,,,
0,1vrNekG1Qr56NK1QjgFO2uocib1KKbnxU,1yq2ULf7V0ZL_Urf212EkhyqnI0XtfCn7,cloud-computing-502462262-5ac1130e119fa800371ba0a8.jpg,https://drive.google.com/file/d/1yq2ULf7V0ZL_Urf212EkhyqnI0XtfCn7/view?usp=drivesdk,image/jpeg,603380,root,2026-02-25T00:14:31.848+05:30,,,,,,,,
0,1vrNekG1Qr56NK1QjgFO2uocib1KKbnxU,1l9fIqfzHDKw5EoFCfhjq0ss28iGV00lt,cyber_security.jpg,https://drive.google.com/file/d/1l9fIqfzHDKw5EoFCfhjq0ss28iGV00lt/view?usp=drivesdk,image/jpeg,153246,root,2026-02-25T00:14:31.848+05:30,,,,,,,,
0,1vrNekG1Qr56NK1QjgFO2uocib1KKbnxU,1t7mmk2M2Xj7-6U0xKDI3QS9HBevcPCc0,cyber-3400789_1920.jpg,https://drive.google.com/file/d/1t7mmk2M2Xj7-6U0xKDI3QS9HBevcPCc0/view?usp=drivesdk,image/jpeg,305717,root,2026-02-25T00:14:31.849+05:30,,,,,,,,
0,1vrNekG1Qr56NK1QjgFO2uocib1KKbnxU,14U3x_rOvd7TW-ektt8o9kDES4eNWy35t,df0b8996cd3a4f56a3e8199b24e7f8f8.jpg,https://drive.google.com/file/d/14U3x_rOvd7TW-ektt8o9kDES4eNWy35t/view?usp=drivesdk,image/jpeg,105119,root,2026-02-25T00:14:31.850+05:30,,,,,,,,
0,1vrNekG1Qr56NK1QjgFO2uocib1KKbnxU,1l9mwoP9JxYccAZUI9ssNb-nC7408rlfa,digital-business.jpg,https://drive.google.com/file/d/1l9mwoP9JxYccAZUI9ssNb-nC7408rlfa/view?usp=drivesdk,image/jpeg,76709,root,2026-02-25T00:14:31.850+05:30,,,,,,,,
0,1vrNekG1Qr56NK1QjgFO2uocib1KKbnxU,1vs9jycJ_WAmQgT1ZKpUqWGI8pMdCgFyv,Digital-handshake1.jpg,https://drive.google.com/file/d/1vs9jycJ_WAmQgT1ZKpUqWGI8pMdCgFyv/view?usp=drivesdk,image/jpeg,215778,root,2026-02-25T00:14:31.851+05:30,,,,,,,,
0,1vrNekG1Qr56NK1QjgFO2uocib1KKbnxU,1r1p3_9FG-q-6ehCf6KtRvWu-JgPoryey,Delighting customers.jpg,https://drive.google.com/file/d/1r1p3_9FG-q-6ehCf6KtRvWu-JgPoryey/view?usp=drivesdk,image/jpeg,120386,root,2026-02-25T00:14:31.852+05:30,,,,,,,,
0,1vrNekG1Qr56NK1QjgFO2uocib1KKbnxU,1Ld1gAfCxT1rg4sS43AR1TiYl9gVbB0FJ,cyber security banner.jpg,https://drive.google.com/file/d/1Ld1gAfCxT1rg4sS43AR1TiYl9gVbB0FJ/view?usp=drivesdk,image/jpeg,177469,root,2026-02-25T00:14:31.852+05:30,,,,,,,,
0,1vrNekG1Qr56NK1QjgFO2uocib1KKbnxU,14rEUSacqSRlOEc6vjpp1jgvm_x69ecNV,cyber-security-predictions.jpg,https://drive.google.com/file/d/14rEUSacqSRlOEc6vjpp1jgvm_x69ecNV/view?usp=drivesdk,image/jpeg,105016,root,2026-02-25T00:14:31.853+05:30,,,,,,,,
0,1vrNekG1Qr56NK1QjgFO2uocib1KKbnxU,1XcgquYY0J_d_kedI-xN3NkhbwD5Q4wrB,bigstock-Business-Internet-Technology-141636875.jpg,https://drive.google.com/file/d/1XcgquYY0J_d_kedI-xN3NkhbwD5Q4wrB/view?usp=drivesdk,image/jpeg,536331,root,2026-02-25T00:14:31.854+05:30,,,,,,,,
0,1vrNekG1Qr56NK1QjgFO2uocib1KKbnxU,1DVc29SwvnWVhmmwzqxMnJ2u_U00yHz5n,binary-1695476_1920.jpg,https://drive.google.com/file/d/1DVc29SwvnWVhmmwzqxMnJ2u_U00yHz5n/view?usp=drivesdk,image/jpeg,925906,root,2026-02-25T00:14:31.854+05:30,,,,,,,,
0,1vrNekG1Qr56NK1QjgFO2uocib1KKbnxU,1vuJSO9EChf2HrDxPT3lG-ABEUTTtn5Zj,Blue-Padlock-on-Digital-Background-Fotolia_91823088-lowres-panoramic.jpg,https://drive.google.com/file/d/1vuJSO9EChf2HrDxPT3lG-ABEUTTtn5Zj/view?usp=drivesdk,image/jpeg,203802,root,2026-02-25T00:14:31.855+05:30,,,,,,,,
0,1vrNekG1Qr56NK1QjgFO2uocib1KKbnxU,1WbDzmr-55ktMxcHbjGUzhdx84x7v-O_6,binary-1695478_1920.jpg,https://drive.google.com/file/d/1WbDzmr-55ktMxcHbjGUzhdx84x7v-O_6/view?usp=drivesdk,image/jpeg,466263,root,2026-02-25T00:14:31.856+05:30,,,,,,,,
0,1vrNekG1Qr56NK1QjgFO2uocib1KKbnxU,1CeNaTLHGEvtwIrApQV998u_jP0XxZs5X,canstockphoto6501428.jpg,https://drive.google.com/file/d/1CeNaTLHGEvtwIrApQV998u_jP0XxZs5X/view?usp=drivesdk,image/jpeg,242891,root,2026-02-25T00:14:31.856+05:30,,,,,,,,
0,1vrNekG1Qr56NK1QjgFO2uocib1KKbnxU,1kx7JkzxhVxcKs7QEvJ0EnshhLqLkDoIS,caring.jpg,https://drive.google.com/file/d/1kx7JkzxhVxcKs7QEvJ0EnshhLqLkDoIS/view?usp=drivesdk,image/jpeg,223956,root,2026-02-25T00:14:31.857+05:30,,,,,,,,
0,1vrNekG1Qr56NK1QjgFO2uocib1KKbnxU,1jR6Z-d8F37kWX14kh-Sk7XUDB6QZTyLd,cloudapps.jpg,https://drive.google.com/file/d/1jR6Z-d8F37kWX14kh-Sk7XUDB6QZTyLd/view?usp=drivesdk,image/jpeg,99450,root,2026-02-25T00:14:31.857+05:30,,,,,,,,
0,1vrNekG1Qr56NK1QjgFO2uocib1KKbnxU,1Ch_L3XT7wNDwgkoANUnUYpv-ujmQFZb7,Capture.jpg,https://drive.google.com/file/d/1Ch_L3XT7wNDwgkoANUnUYpv-ujmQFZb7/view?usp=drivesdk,image/jpeg,218438,root,2026-02-25T00:14:31.858+05:30,,,,,,,,
0,1vrNekG1Qr56NK1QjgFO2uocib1KKbnxU,1-R1uId7LrydoCiKVUnrGyY91u43v6mZB,Blog_Transportation-1200x565.jpg,https://drive.google.com/file/d/1-R1uId7LrydoCiKVUnrGyY91u43v6mZB/view?usp=drivesdk,image/jpeg,86998,root,2026-02-25T00:14:31.859+05:30,,,,,,,,
0,1vrNekG1Qr56NK1QjgFO2uocib1KKbnxU,1aFjcGxRTexNNzJTuxW59OCGtxn1cTEjO,cloud-2.jpg,https://drive.google.com/file/d/1aFjcGxRTexNNzJTuxW59OCGtxn1cTEjO/view?usp=drivesdk,image/jpeg,123096,root,2026-02-25T00:14:31.860+05:30,,,,,,,,
0,1vrNekG1Qr56NK1QjgFO2uocib1KKbnxU,1uCQhk5-h-cV9jGPZA-8nnL0bV7iMujBK,3PL-logistics-banner-top-flight-1.jpg,https://drive.google.com/file/d/1uCQhk5-h-cV9jGPZA-8nnL0bV7iMujBK/view?usp=drivesdk,image/jpeg,233502,root,2026-02-25T00:14:31.860+05:30,,,,,,,,
0,1vrNekG1Qr56NK1QjgFO2uocib1KKbnxU,1PSzDCmvhdKvPyGz3kjyPTwUXto69UG4p,3PL.jpg,https://drive.google.com/file/d/1PSzDCmvhdKvPyGz3kjyPTwUXto69UG4p/view?usp=drivesdk,image/jpeg,1025568,root,2026-02-25T00:14:31.861+05:30,,,,,,,,
0,1vrNekG1Qr56NK1QjgFO2uocib1KKbnxU,1C_97RGYp5wRcwyBEd-QkVIYYFjwqiZu0,02-things-nutritionists-do-shopping-list-phone.jpg,https://drive.google.com/file/d/1C_97RGYp5wRcwyBEd-QkVIYYFjwqiZu0/view?usp=drivesdk,image/jpeg,376380,root,2026-02-25T00:14:31.862+05:30,,,,,,,,
0,1vrNekG1Qr56NK1QjgFO2uocib1KKbnxU,16Wa7mS0EHhNRGkFwBr04hsdlQY9qNH0L,slide1.jpeg,https://drive.google.com/file/d/16Wa7mS0EHhNRGkFwBr04hsdlQY9qNH0L/view?usp=drivesdk,image/jpeg,293904,root,2026-02-25T00:14:31.862+05:30,,,,,,,,
0,1vrNekG1Qr56NK1QjgFO2uocib1KKbnxU,1ah2zCawksr1FDbxMv2Uj14ebH0udtfrx,available-testing.jpg,https://drive.google.com/file/d/1ah2zCawksr1FDbxMv2Uj14ebH0udtfrx/view?usp=drivesdk,image/jpeg,99334,root,2026-02-25T00:14:31.863+05:30,,,,,,,,
0,1vrNekG1Qr56NK1QjgFO2uocib1KKbnxU,1AjSBitH6N8EwU5z6Trvqa5tyf-P9w8Ri,banner_services_qa_testing2.jpg,https://drive.google.com/file/d/1AjSBitH6N8EwU5z6Trvqa5tyf-P9w8Ri/view?usp=drivesdk,image/jpeg,224475,root,2026-02-25T00:14:31.863+05:30,,,,,,,,
0,1vrNekG1Qr56NK1QjgFO2uocib1KKbnxU,15N90aKtmHWJbawaNwqmj2tkC5nTW16uH,automation.jpg,https://drive.google.com/file/d/15N90aKtmHWJbawaNwqmj2tkC5nTW16uH/view?usp=drivesdk,image/jpeg,134917,root,2026-02-25T00:14:31.864+05:30,,,,,,,,
0,1vrNekG1Qr56NK1QjgFO2uocib1KKbnxU,1oJJVtDxVlahw8TRzf984rECl8grg-WjQ,ball-457334_1920.jpg,https://drive.google.com/file/d/1oJJVtDxVlahw8TRzf984rECl8grg-WjQ/view?usp=drivesdk,image/jpeg,313088,root,2026-02-25T00:14:31.865+05:30,,,,,,,,
0,1vrNekG1Qr56NK1QjgFO2uocib1KKbnxU,1C2EAHbpgNsBj8VcnZh9mkfAUgF48vN5p,artificial-intelligence-confusion-719504626-1068x601.jpg,https://drive.google.com/file/d/1C2EAHbpgNsBj8VcnZh9mkfAUgF48vN5p/view?usp=drivesdk,image/jpeg,71778,root,2026-02-25T00:14:31.865+05:30,,,,,,,,
0,1vrNekG1Qr56NK1QjgFO2uocib1KKbnxU,1hRMXIJ3u9mDopbagsssjXglPyEQYjI8X,50-Beautiful-and-Minimalist-Presentation-Backgrounds-036.jpg,https://drive.google.com/file/d/1hRMXIJ3u9mDopbagsssjXglPyEQYjI8X/view?usp=drivesdk,image/jpeg,373335,root,2026-02-25T00:14:31.866+05:30,,,,,,,,
0,1vrNekG1Qr56NK1QjgFO2uocib1KKbnxU,1GMAbCJloJ0fUe1af2bXwv4FYLVlCh5OY,1046x616_ai_phone.jpg,https://drive.google.com/file/d/1GMAbCJloJ0fUe1af2bXwv4FYLVlCh5OY/view?usp=drivesdk,image/jpeg,492043,root,2026-02-25T00:14:31.867+05:30,,,,,,,,
0,1vrNekG1Qr56NK1QjgFO2uocib1KKbnxU,1VhIReW0aTlwjl7t2YoTwcHlXwXAEAtnG,50-Beautiful-and-Minimalist-Presentation-Backgrounds-037.jpg,https://drive.google.com/file/d/1VhIReW0aTlwjl7t2YoTwcHlXwXAEAtnG/view?usp=drivesdk,image/jpeg,34418,root,2026-02-25T00:14:31.867+05:30,,,,,,,,
0,1vrNekG1Qr56NK1QjgFO2uocib1KKbnxU,1Nhr76y57VEcZ-btKMoMmxDnI6MfqnRzC,290-fleet-management-stationary.jpg,https://drive.google.com/file/d/1Nhr76y57VEcZ-btKMoMmxDnI6MfqnRzC/view?usp=drivesdk,image/jpeg,297514,root,2026-02-25T00:14:31.868+05:30,,,,,,,,
0,1vrNekG1Qr56NK1QjgFO2uocib1KKbnxU,1Ytf93IJqZMMPXeE2ct0e0uMFKJcZQ4E6,50-Beautiful-and-Minimalist-Presentation-Backgrounds-042.jpg,https://drive.google.com/file/d/1Ytf93IJqZMMPXeE2ct0e0uMFKJcZQ4E6/view?usp=drivesdk,image/jpeg,59490,root,2026-02-25T00:14:31.869+05:30,,,,,,,,
0,1vrNekG1Qr56NK1QjgFO2uocib1KKbnxU,1hINZ8KPdzJeKX2t552Nsx2RsuckjGyh5,why-you-should-care-about-load-testing-your-websiteheader.jpeg,https://drive.google.com/file/d/1hINZ8KPdzJeKX2t552Nsx2RsuckjGyh5/view?usp=drivesdk,image/jpeg,123783,root,2026-02-25T00:14:31.869+05:30,,,,,,,,
0,1vrNekG1Qr56NK1QjgFO2uocib1KKbnxU,1X64iET4NkfSuW0e2wVt8m_GGHXvCSjJ4,44-Emerging-Trends-in-Software-Testing-and-QA.jpg,https://drive.google.com/file/d/1X64iET4NkfSuW0e2wVt8m_GGHXvCSjJ4/view?usp=drivesdk,image/jpeg,422835,root,2026-02-25T00:14:31.870+05:30,,,,,,,,
0,1vrNekG1Qr56NK1QjgFO2uocib1KKbnxU,1cHHnMfB1IvUyDeb3C0DDJuSN8-XL2q17,50-Beautiful-and-Minimalist-Presentation-Backgrounds-08.jpg,https://drive.google.com/file/d/1cHHnMfB1IvUyDeb3C0DDJuSN8-XL2q17/view?usp=drivesdk,image/jpeg,121035,root,2026-02-25T00:14:31.871+05:30,,,,,,,,
0,1vrNekG1Qr56NK1QjgFO2uocib1KKbnxU,1t77BcMmY1q9RHUYG5jfcMxtdklI0-QsD,50-Beautiful-and-Minimalist-Presentation-Backgrounds-013.jpg,https://drive.google.com/file/d/1t77BcMmY1q9RHUYG5jfcMxtdklI0-QsD/view?usp=drivesdk,image/jpeg,273219,root,2026-02-25T00:14:31.871+05:30,,,,,,,,
0,1vrNekG1Qr56NK1QjgFO2uocib1KKbnxU,1NT2q-rOKdN8PcE4uBHyYZ6PkMH9lkEka,50-Beautiful-and-Minimalist-Presentation-Backgrounds-014.jpg,https://drive.google.com/file/d/1NT2q-rOKdN8PcE4uBHyYZ6PkMH9lkEka/view?usp=drivesdk,image/jpeg,170163,root,2026-02-25T00:14:31.872+05:30,,,,,,,,
0,1vrNekG1Qr56NK1QjgFO2uocib1KKbnxU,1bFinRFj4IQQ6Jz6wQMZ8VwT15IvJ-4SS,50-Beautiful-and-Minimalist-Presentation-Backgrounds-031.jpg,https://drive.google.com/file/d/1bFinRFj4IQQ6Jz6wQMZ8VwT15IvJ-4SS/view?usp=drivesdk,image/jpeg,57732,root,2026-02-25T00:14:31.872+05:30,,,,,,,,
0,1B0QAVjHKL5Sw9qtfhfaoxYp-RbxOyfZq,1NONAQJxv425P1NtUCfSZ_ZjHI6ft9wOE,DSC_0073.JPG,https://drive.google.com/file/d/1NONAQJxv425P1NtUCfSZ_ZjHI6ft9wOE/view?usp=drivesdk,image/jpeg,2793917,DeviceLab,2026-02-25T00:14:48.384+05:30,,,,,,,,
0,1B0QAVjHKL5Sw9qtfhfaoxYp-RbxOyfZq,1NPjLlyoiBjGfCjpG8MBJ3fZ6BO1wiZCO,DSC_0072.JPG,https://drive.google.com/file/d/1NPjLlyoiBjGfCjpG8MBJ3fZ6BO1wiZCO/view?usp=drivesdk,image/jpeg,2839813,DeviceLab,2026-02-25T00:14:48.386+05:30,,,,,,,,
0,1B0QAVjHKL5Sw9qtfhfaoxYp-RbxOyfZq,1NMttIPWZK3Mx8jJsMpSiTipAvnPu0ssB,DSC_0071.JPG,https://drive.google.com/file/d/1NMttIPWZK3Mx8jJsMpSiTipAvnPu0ssB/view?usp=drivesdk,image/jpeg,2774300,DeviceLab,2026-02-25T00:14:48.388+05:30,,,,,,,,
0,1B0QAVjHKL5Sw9qtfhfaoxYp-RbxOyfZq,1NNRPL_609_dVvhYzAQ_tsakBlgcnFGdD,DSC_0070.JPG,https://drive.google.com/file/d/1NNRPL_609_dVvhYzAQ_tsakBlgcnFGdD/view?usp=drivesdk,image/jpeg,2825506,DeviceLab,2026-02-25T00:14:48.389+05:30,,,,,,,,
0,1B0QAVjHKL5Sw9qtfhfaoxYp-RbxOyfZq,1NMJ80Q_7y3dgWQd-L5i0UOkgftY4TLR4,DSC_0069.JPG,https://drive.google.com/file/d/1NMJ80Q_7y3dgWQd-L5i0UOkgftY4TLR4/view?usp=drivesdk,image/jpeg,2751153,DeviceLab,2026-02-25T00:14:48.390+05:30,,,,,,,,
0,1B0QAVjHKL5Sw9qtfhfaoxYp-RbxOyfZq,1N1Cwz7qLsrYSM7FQRHHqw-nHr3ki1GC-,DSC_0062.JPG,https://drive.google.com/file/d/1N1Cwz7qLsrYSM7FQRHHqw-nHr3ki1GC-/view?usp=drivesdk,image/jpeg,2866032,DeviceLab,2026-02-25T00:14:48.391+05:30,,,,,,,,
0,1B0QAVjHKL5Sw9qtfhfaoxYp-RbxOyfZq,1NLVxn4KrA04g5W4XCgpmIKhENXUCLucd,DSC_0068.JPG,https://drive.google.com/file/d/1NLVxn4KrA04g5W4XCgpmIKhENXUCLucd/view?usp=drivesdk,image/jpeg,2777568,DeviceLab,2026-02-25T00:14:48.392+05:30,,,,,,,,
0,1B0QAVjHKL5Sw9qtfhfaoxYp-RbxOyfZq,1NLdkB9nfo4le93v9O3iG3w33a4wKrIH8,DSC_0067.JPG,https://drive.google.com/file/d/1NLdkB9nfo4le93v9O3iG3w33a4wKrIH8/view?usp=drivesdk,image/jpeg,2797026,DeviceLab,2026-02-25T00:14:48.393+05:30,,,,,,,,
0,1B0QAVjHKL5Sw9qtfhfaoxYp-RbxOyfZq,1NJqus_08hWLO611wZKGmPO6vY-_0QnzU,DSC_0065.JPG,https://drive.google.com/file/d/1NJqus_08hWLO611wZKGmPO6vY-_0QnzU/view?usp=drivesdk,image/jpeg,2799235,DeviceLab,2026-02-25T00:14:48.397+05:30,,,,,,,,
0,1B0QAVjHKL5Sw9qtfhfaoxYp-RbxOyfZq,1NGMX13VmPwr45AxmTjM6Taa6u1wREGQR,DSC_0066.JPG,https://drive.google.com/file/d/1NGMX13VmPwr45AxmTjM6Taa6u1wREGQR/view?usp=drivesdk,image/jpeg,2818090,DeviceLab,2026-02-25T00:14:48.398+05:30,,,,,,,,
0,1B0QAVjHKL5Sw9qtfhfaoxYp-RbxOyfZq,1N0UE3UgTGbuO1yEbpsxEmS9Q-A47BTrW,Device-Lab.psd,https://drive.google.com/file/d/1N0UE3UgTGbuO1yEbpsxEmS9Q-A47BTrW/view?usp=drivesdk,image/x-photoshop,78015271,DeviceLab,2026-02-25T00:14:48.399+05:30,,,,,,,,
0,1B0QAVjHKL5Sw9qtfhfaoxYp-RbxOyfZq,1NKHy3k5Xgo-68DULqJ2X8VNc3C4IPmfn,DSC_0063.JPG,https://drive.google.com/file/d/1NKHy3k5Xgo-68DULqJ2X8VNc3C4IPmfn/view?usp=drivesdk,image/jpeg,2914120,DeviceLab,2026-02-25T00:14:48.400+05:30,,,,,,,,
0,1B0QAVjHKL5Sw9qtfhfaoxYp-RbxOyfZq,1NK9ApV2clX-LW17oNMxsnAMosh-Dp3sL,DSC_0064.JPG,https://drive.google.com/file/d/1NK9ApV2clX-LW17oNMxsnAMosh-Dp3sL/view?usp=drivesdk,image/jpeg,2832628,DeviceLab,2026-02-25T00:14:48.401+05:30,,,,,,,,
0,1B0QAVjHKL5Sw9qtfhfaoxYp-RbxOyfZq,1N3v3bx7cNKa1jVRUFqeL_MfQEdIMNwKC,DSC_0061.JPG,https://drive.google.com/file/d/1N3v3bx7cNKa1jVRUFqeL_MfQEdIMNwKC/view?usp=drivesdk,image/jpeg,2809037,DeviceLab,2026-02-25T00:14:48.402+05:30,,,,,,,,
0,1B0QAVjHKL5Sw9qtfhfaoxYp-RbxOyfZq,1N5MD_6w1BdYt5zMNcD-RBvcZID_Me5vy,DSC_0060.JPG,https://drive.google.com/file/d/1N5MD_6w1BdYt5zMNcD-RBvcZID_Me5vy/view?usp=drivesdk,image/jpeg,2706787,DeviceLab,2026-02-25T00:14:48.403+05:30,,,,,,,,
0,1B0QAVjHKL5Sw9qtfhfaoxYp-RbxOyfZq,1N6S3I7q8pIZf5IP8YMsUm1-qmmH7Bn6T,DSC_0059.JPG,https://drive.google.com/file/d/1N6S3I7q8pIZf5IP8YMsUm1-qmmH7Bn6T/view?usp=drivesdk,image/jpeg,2745804,DeviceLab,2026-02-25T00:14:48.404+05:30,,,,,,,,
0,1B0QAVjHKL5Sw9qtfhfaoxYp-RbxOyfZq,1N98rMl1LguQl-3CoIs-YxGXR585r8OIe,DSC_0058.JPG,https://drive.google.com/file/d/1N98rMl1LguQl-3CoIs-YxGXR585r8OIe/view?usp=drivesdk,image/jpeg,2656971,DeviceLab,2026-02-25T00:14:48.405+05:30,,,,,,,,
0,1B0QAVjHKL5Sw9qtfhfaoxYp-RbxOyfZq,1NATXJfGB6B7aNzxKx6jzBFPAnzNih6Gl,DSC_0057.JPG,https://drive.google.com/file/d/1NATXJfGB6B7aNzxKx6jzBFPAnzNih6Gl/view?usp=drivesdk,image/jpeg,2650577,DeviceLab,2026-02-25T00:14:48.406+05:30,,,,,,,,
0,1B0QAVjHKL5Sw9qtfhfaoxYp-RbxOyfZq,1NDcjEJ0xX1Zw5FXyetWT4FQ8J_8vlI_A,DSC_0056.JPG,https://drive.google.com/file/d/1NDcjEJ0xX1Zw5FXyetWT4FQ8J_8vlI_A/view?usp=drivesdk,image/jpeg,2799780,DeviceLab,2026-02-25T00:14:48.407+05:30,,,,,,,,
0,1B0QAVjHKL5Sw9qtfhfaoxYp-RbxOyfZq,1NE3iXw0xEaK0pBzX8wQtrBcZWp5C_yuN,DSC_0055.JPG,https://drive.google.com/file/d/1NE3iXw0xEaK0pBzX8wQtrBcZWp5C_yuN/view?usp=drivesdk,image/jpeg,2832845,DeviceLab,2026-02-25T00:14:48.408+05:30,,,,,,,,
0,1B0QAVjHKL5Sw9qtfhfaoxYp-RbxOyfZq,1Mzuj0Cl2fwYdo8bbhfhzfRiRS562_lyM,Device-Lab.jpg,https://drive.google.com/file/d/1Mzuj0Cl2fwYdo8bbhfhzfRiRS562_lyM/view?usp=drivesdk,image/jpeg,4574281,DeviceLab,2026-02-25T00:14:48.409+05:30,,,,,,,,
1,1i5a_2OkfNReFNJPQLCKWNHtqNkHsTpeb,1R6v4vlAweViQcx0gbN4hjbiHvZ0OsCwD,2149241219.jpg,https://drive.google.com/file/d/1R6v4vlAweViQcx0gbN4hjbiHvZ0OsCwD/view?usp=drivesdk,image/jpeg,1672114,Freepik,2026-02-25T00:14:48.410+05:30,,,,,,,,
1,1i5a_2OkfNReFNJPQLCKWNHtqNkHsTpeb,1ayVpsEyqrGqWx5JqI3O74U_2asQjC1Lt,2147705260.jpg,https://drive.google.com/file/d/1ayVpsEyqrGqWx5JqI3O74U_2asQjC1Lt/view?usp=drivesdk,image/jpeg,1507130,Freepik,2026-02-25T00:14:48.412+05:30,,,,,,,,
1,1i5a_2OkfNReFNJPQLCKWNHtqNkHsTpeb,1wq-CNXeO_a0LBrjkQd10udsXkRK18tVb,185776.jpg,https://drive.google.com/file/d/1wq-CNXeO_a0LBrjkQd10udsXkRK18tVb/view?usp=drivesdk,image/jpeg,912734,Freepik,2026-02-25T00:14:48.413+05:30,,,,,,,,
1,1i5a_2OkfNReFNJPQLCKWNHtqNkHsTpeb,1kNjw39BOhBjO6aELhdOavpLlvn92l5MF,104012.jpg,https://drive.google.com/file/d/1kNjw39BOhBjO6aELhdOavpLlvn92l5MF/view?usp=drivesdk,image/jpeg,584833,Freepik,2026-02-25T00:14:48.415+05:30,,,,,,,,
1,1i5a_2OkfNReFNJPQLCKWNHtqNkHsTpeb,1vGUmuG-EJM8uIMRhtvR_KTps6X25X7_e,15984.jpg,https://drive.google.com/file/d/1vGUmuG-EJM8uIMRhtvR_KTps6X25X7_e/view?usp=drivesdk,image/jpeg,749848,Freepik,2026-02-25T00:14:48.416+05:30,,,,,,,,
1,1i5a_2OkfNReFNJPQLCKWNHtqNkHsTpeb,1OD8AoUnTmfPHNP3rahCQ1TvjWlBY9uiu,2874.jpg,https://drive.google.com/file/d/1OD8AoUnTmfPHNP3rahCQ1TvjWlBY9uiu/view?usp=drivesdk,image/jpeg,1224460,Freepik,2026-02-25T00:14:48.417+05:30,,,,,,,,
1,1i5a_2OkfNReFNJPQLCKWNHtqNkHsTpeb,1o4Xgru6UDYsJOD5YqJq0V5ZIU6aQ2510,668.jpg,https://drive.google.com/file/d/1o4Xgru6UDYsJOD5YqJq0V5ZIU6aQ2510/view?usp=drivesdk,image/jpeg,1343855,Freepik,2026-02-25T00:14:48.418+05:30,,,,,,,,
1,1i5a_2OkfNReFNJPQLCKWNHtqNkHsTpeb,1xN8gtKLuy7Aa0FeqjZfnMuOSnX4hxUgr,2149908703.jpg,https://drive.google.com/file/d/1xN8gtKLuy7Aa0FeqjZfnMuOSnX4hxUgr/view?usp=drivesdk,image/jpeg,373503,Freepik,2026-02-25T00:14:48.419+05:30,,,,,,,,
1,1i5a_2OkfNReFNJPQLCKWNHtqNkHsTpeb,1lIYkRwgX8C3ao7M2WWVmqkmQRGv5optS,812.jpg,https://drive.google.com/file/d/1lIYkRwgX8C3ao7M2WWVmqkmQRGv5optS/view?usp=drivesdk,image/jpeg,2269423,Freepik,2026-02-25T00:14:48.420+05:30,,,,,,,,
1,1i5a_2OkfNReFNJPQLCKWNHtqNkHsTpeb,1ss_xGUskTuxgHOyMFA-LJiMRsiDLadj9,12785.jpg,https://drive.google.com/file/d/1ss_xGUskTuxgHOyMFA-LJiMRsiDLadj9/view?usp=drivesdk,image/jpeg,1551955,Freepik,2026-02-25T00:14:48.421+05:30,,,,,,,,
1,1i5a_2OkfNReFNJPQLCKWNHtqNkHsTpeb,1bfwFy5G8yKDBZS5kGh870ZXb5jvJnDO9,technological-futuristic-holograms-logistics-means-transport.jpg,https://drive.google.com/file/d/1bfwFy5G8yKDBZS5kGh870ZXb5jvJnDO9/view?usp=drivesdk,image/jpeg,10038028,Freepik,2026-02-25T00:14:48.423+05:30,,,,,,,,
1,1i5a_2OkfNReFNJPQLCKWNHtqNkHsTpeb,1XoNzbpZT-CT0XuC_WdV86TVusMvWEsUT,classification_18263404.svg,https://drive.google.com/file/d/1XoNzbpZT-CT0XuC_WdV86TVusMvWEsUT/view?usp=drivesdk,image/svg+xml,6907,Freepik,2026-02-25T00:14:48.424+05:30,,,,,,,,
1,1i5a_2OkfNReFNJPQLCKWNHtqNkHsTpeb,1XoA92f8_Vm-Ma5lQEl4HSL3KKDqCKpma,growth-strategy_18275250.svg,https://drive.google.com/file/d/1XoA92f8_Vm-Ma5lQEl4HSL3KKDqCKpma/view?usp=drivesdk,image/svg+xml,4533,Freepik,2026-02-25T00:14:48.425+05:30,,,,,,,,
1,1i5a_2OkfNReFNJPQLCKWNHtqNkHsTpeb,1XmOo8t2F2UDQfmgUwDXYva_28pedPqGg,ambient-user-experience_18263138.svg,https://drive.google.com/file/d/1XmOo8t2F2UDQfmgUwDXYva_28pedPqGg/view?usp=drivesdk,image/svg+xml,5953,Freepik,2026-02-25T00:14:48.426+05:30,,,,,,,,
1,1i5a_2OkfNReFNJPQLCKWNHtqNkHsTpeb,1XdzibxkYKr8W9QhThYIRE4PuwDFAO7cN,expand_2606723.svg,https://drive.google.com/file/d/1XdzibxkYKr8W9QhThYIRE4PuwDFAO7cN/view?usp=drivesdk,image/svg+xml,3781,Freepik,2026-02-25T00:14:48.427+05:30,,,,,,,,
1,1i5a_2OkfNReFNJPQLCKWNHtqNkHsTpeb,1XY9QRTSUaaLakXa8Sro-zupeCXOnL93i,social_13942281.svg,https://drive.google.com/file/d/1XY9QRTSUaaLakXa8Sro-zupeCXOnL93i/view?usp=drivesdk,image/svg+xml,1819,Freepik,2026-02-25T00:14:48.428+05:30,,,,,,,,
1,1i5a_2OkfNReFNJPQLCKWNHtqNkHsTpeb,1XLzoLb3lJJOyPRVD0MP1kI1Gy3Vajrix,key_6550740.svg,https://drive.google.com/file/d/1XLzoLb3lJJOyPRVD0MP1kI1Gy3Vajrix/view?usp=drivesdk,image/svg+xml,3785,Freepik,2026-02-25T00:14:48.429+05:30,,,,,,,,
1,1i5a_2OkfNReFNJPQLCKWNHtqNkHsTpeb,1XItyeTwhQC2olXe2iHOwL3rRLhOMW1ev,data_3676653.svg,https://drive.google.com/file/d/1XItyeTwhQC2olXe2iHOwL3rRLhOMW1ev/view?usp=drivesdk,image/svg+xml,4129,Freepik,2026-02-25T00:14:48.429+05:30,,,,,,,,
1,1i5a_2OkfNReFNJPQLCKWNHtqNkHsTpeb,1VtKdnwHNcnZB1ObwYmWCyxeoyOyxncx6,woman-smiles-with-question-mark.jpg,https://drive.google.com/file/d/1VtKdnwHNcnZB1ObwYmWCyxeoyOyxncx6/view?usp=drivesdk,image/jpeg,5086427,Freepik,2026-02-25T00:14:48.430+05:30,,,,,,,,
1,1i5a_2OkfNReFNJPQLCKWNHtqNkHsTpeb,1TlZOQBtVat1muKLnZc3GnWewkrLxdq6t,female-truck-driver-working.jpg,https://drive.google.com/file/d/1TlZOQBtVat1muKLnZc3GnWewkrLxdq6t/view?usp=drivesdk,image/jpeg,3734722,Freepik,2026-02-25T00:14:48.431+05:30,,,,,,,,
1,1i5a_2OkfNReFNJPQLCKWNHtqNkHsTpeb,18eBACoIW3-7oFXxileU7kYFHUBcMBjcB,automobile-cargo-transportation-truck-logistician-woman-is-standing-with-laptop.jpg,https://drive.google.com/file/d/18eBACoIW3-7oFXxileU7kYFHUBcMBjcB/view?usp=drivesdk,image/jpeg,3674065,Freepik,2026-02-25T00:14:48.432+05:30,,,,,,,,
1,1i5a_2OkfNReFNJPQLCKWNHtqNkHsTpeb,15um9FggCK-ODMfC0EBNAMunivNDO20Or,3453549.jpg,https://drive.google.com/file/d/15um9FggCK-ODMfC0EBNAMunivNDO20Or/view?usp=drivesdk,image/jpeg,1436182,Freepik,2026-02-25T00:14:48.435+05:30,,,,,,,,
1,1i5a_2OkfNReFNJPQLCKWNHtqNkHsTpeb,16-8AZ3OOYyYtT2WEmrvVkhaZIx0ym_si,futuristic_medical_cybernetic_robotics_technology_human_neural_structure_virtual_hologram_float_away_from_robot_hand.jpg,https://drive.google.com/file/d/16-8AZ3OOYyYtT2WEmrvVkhaZIx0ym_si/view?usp=drivesdk,image/jpeg,7998330,Freepik,2026-02-25T00:14:48.436+05:30,,,,,,,,
1,1i5a_2OkfNReFNJPQLCKWNHtqNkHsTpeb,15WfTjaYQ-4iMG1TAWgPDiNlHJ61bQYAQ,composition-with-hologram-logistics-business-transportation.jpg,https://drive.google.com/file/d/15WfTjaYQ-4iMG1TAWgPDiNlHJ61bQYAQ/view?usp=drivesdk,image/jpeg,6956749,Freepik,2026-02-25T00:14:48.437+05:30,,,,,,,,
1,1i5a_2OkfNReFNJPQLCKWNHtqNkHsTpeb,13RtqJnSf6SKAo_Y80MnfVoYqHLAQc0At,img_trigent-ai-studio.jpeg,https://drive.google.com/file/d/13RtqJnSf6SKAo_Y80MnfVoYqHLAQc0At/view?usp=drivesdk,image/jpeg,130856,Freepik,2026-02-25T00:14:48.438+05:30,,,,,,,,
1,1i5a_2OkfNReFNJPQLCKWNHtqNkHsTpeb,13EIGw2tGlyDBjFAQtTE7gekMgagG2cE4,freepik__a-man-working-in-laptop-inside-a-large-glowing-cub__34491.jpeg,https://drive.google.com/file/d/13EIGw2tGlyDBjFAQtTE7gekMgagG2cE4/view?usp=drivesdk,image/jpeg,127376,Freepik,2026-02-25T00:14:48.439+05:30,,,,,,,,
1,1i5a_2OkfNReFNJPQLCKWNHtqNkHsTpeb,13GxfRkRMlE1I9g6terTXowIBa94toCJL,freepik__a-man-working-in-laptop-inside-a-large-glowing-cub__34490.jpeg,https://drive.google.com/file/d/13GxfRkRMlE1I9g6terTXowIBa94toCJL/view?usp=drivesdk,image/jpeg,82209,Freepik,2026-02-25T00:14:48.440+05:30,,,,,,,,
1,1i5a_2OkfNReFNJPQLCKWNHtqNkHsTpeb,13HLDz8ThstiE8kzMXlY-yEN2BRf2VZuB,freepik__a-man-standing-inside-a-large-glowing-cubeshaped-d__34488.jpeg,https://drive.google.com/file/d/13HLDz8ThstiE8kzMXlY-yEN2BRf2VZuB/view?usp=drivesdk,image/jpeg,145404,Freepik,2026-02-25T00:14:48.441+05:30,,,,,,,,
1,1i5a_2OkfNReFNJPQLCKWNHtqNkHsTpeb,13IKZ8KKhMMqOD3JuPXxumCNakgg9X2rj,freepik__a-man-standing-inside-a-large-glowing-cubeshaped-d__34487.jpeg,https://drive.google.com/file/d/13IKZ8KKhMMqOD3JuPXxumCNakgg9X2rj/view?usp=drivesdk,image/jpeg,134370,Freepik,2026-02-25T00:14:48.442+05:30,,,,,,,,
1,1i5a_2OkfNReFNJPQLCKWNHtqNkHsTpeb,13PikfeqQXFvOhJTqz_m3rRkKtkMW-u7A,freepik__a-man-standing-inside-a-large-glowing-cubeshaped-d__34486.jpeg,https://drive.google.com/file/d/13PikfeqQXFvOhJTqz_m3rRkKtkMW-u7A/view?usp=drivesdk,image/jpeg,118658,Freepik,2026-02-25T00:14:48.443+05:30,,,,,,,,
1,1i5a_2OkfNReFNJPQLCKWNHtqNkHsTpeb,13A1BSgg_FQ-EerHysduNh0UDOVozzDSH,freepik__a-man-standing-inside-a-large-glowing-cubeshaped-d__34485.jpeg,https://drive.google.com/file/d/13A1BSgg_FQ-EerHysduNh0UDOVozzDSH/view?usp=drivesdk,image/jpeg,80186,Freepik,2026-02-25T00:14:48.444+05:30,,,,,,,,
1,1i5a_2OkfNReFNJPQLCKWNHtqNkHsTpeb,13-hpWvHVJUd9WL3olWyzcqmd3yF_hYxL,trucks-highway.jpg,https://drive.google.com/file/d/13-hpWvHVJUd9WL3olWyzcqmd3yF_hYxL/view?usp=drivesdk,image/jpeg,12558395,Freepik,2026-02-25T00:14:48.446+05:30,,,,,,,,
1,1i5a_2OkfNReFNJPQLCKWNHtqNkHsTpeb,12qGcKdDROzHWknYqGZS2OhnRsNVEijko,data-stream-illusion-trucks-loaded-with-data.jpg,https://drive.google.com/file/d/12qGcKdDROzHWknYqGZS2OhnRsNVEijko/view?usp=drivesdk,image/jpeg,5580171,Freepik,2026-02-25T00:14:48.448+05:30,,,,,,,,
1,1i5a_2OkfNReFNJPQLCKWNHtqNkHsTpeb,12mMKNnuu3pxPxmSWdAWIn99KDeQ6OJZ1,man-standing-front-building-with-globe-hologram-collage.jpg,https://drive.google.com/file/d/12mMKNnuu3pxPxmSWdAWIn99KDeQ6OJZ1/view?usp=drivesdk,image/jpeg,4199460,Freepik,2026-02-25T00:14:48.449+05:30,,,,,,,,
1,1i5a_2OkfNReFNJPQLCKWNHtqNkHsTpeb,10YCl6bJhNRVNN2NC2gu4TTMBzdmVDrzu,businessman-interacting-with-futuristic-graphics.jpg,https://drive.google.com/file/d/10YCl6bJhNRVNN2NC2gu4TTMBzdmVDrzu/view?usp=drivesdk,image/jpeg,9504421,Freepik,2026-02-25T00:14:48.450+05:30,,,,,,,,
1,1i5a_2OkfNReFNJPQLCKWNHtqNkHsTpeb,10WpZcHFZQt4IyRQDKEgKV8eH9YGUjyAq,man-is-sitting-desk-with-three-computer-monitors-front-him.jpg,https://drive.google.com/file/d/10WpZcHFZQt4IyRQDKEgKV8eH9YGUjyAq/view?usp=drivesdk,image/jpeg,10096259,Freepik,2026-02-25T00:14:48.451+05:30,,,,,,,,
1,1i5a_2OkfNReFNJPQLCKWNHtqNkHsTpeb,1-rHkGI3cM6jALQ_KB396UwHdFOFBatQ0,multifaceted_scalability_icon_research_axes_comprehensive_minimize_line_symbol_on_white_background_editable_stroke_vector_illustration_eps10.jpg,https://drive.google.com/file/d/1-rHkGI3cM6jALQ_KB396UwHdFOFBatQ0/view?usp=drivesdk,image/jpeg,617292,Freepik,2026-02-25T00:14:48.452+05:30,,,,,,,,
1,1i5a_2OkfNReFNJPQLCKWNHtqNkHsTpeb,1WKI20yYlB7F0si-VCSc8iyTcD32crUpA,business-man-hiold-usepress-infographic-icon-community-technology-digitalconcept-hi-tech-big-data-global-connectioniot-internet-things-ict-information-communication-network.jpg,https://drive.google.com/file/d/1WKI20yYlB7F0si-VCSc8iyTcD32crUpA/view?usp=drivesdk,image/jpeg,8181324,Freepik,2026-02-25T00:14:48.453+05:30,,,,,,,,
1,1i5a_2OkfNReFNJPQLCKWNHtqNkHsTpeb,1RAFI1rwfYc5S5DvWSXc_Fciz-U8YVsig,work-safety-instruction-standards-law-insurance-industrial-technology-regulation-concept.jpg,https://drive.google.com/file/d/1RAFI1rwfYc5S5DvWSXc_Fciz-U8YVsig/view?usp=drivesdk,image/jpeg,3723947,Freepik,2026-02-25T00:14:48.454+05:30,,,,,,,,
1,1i5a_2OkfNReFNJPQLCKWNHtqNkHsTpeb,1R4Lz_JpRiyt1RkUkhGuicCLggfWlnytZ,family-insurance-concept-virtual-screen-family-love-concept.jpg,https://drive.google.com/file/d/1R4Lz_JpRiyt1RkUkhGuicCLggfWlnytZ/view?usp=drivesdk,image/jpeg,6558441,Freepik,2026-02-25T00:14:48.454+05:30,,,,,,,,
1,1i5a_2OkfNReFNJPQLCKWNHtqNkHsTpeb,1QRCxasneb0N29ve3juRa784_xpQLcVNu,doctor-medical-assistant-robot-analyze-dna-virtual-interface.jpg,https://drive.google.com/file/d/1QRCxasneb0N29ve3juRa784_xpQLcVNu/view?usp=drivesdk,image/jpeg,1947837,Freepik,2026-02-25T00:14:48.456+05:30,,,,,,,,
1,1i5a_2OkfNReFNJPQLCKWNHtqNkHsTpeb,1QBjbnOSwBpsUoei-IWpxsDr1xes1Lhnu,transforming-healthcare-digital-tools-medical-practice.jpg,https://drive.google.com/file/d/1QBjbnOSwBpsUoei-IWpxsDr1xes1Lhnu/view?usp=drivesdk,image/jpeg,3906264,Freepik,2026-02-25T00:14:48.457+05:30,,,,,,,,
1,1i5a_2OkfNReFNJPQLCKWNHtqNkHsTpeb,1QgkVD4fbOPDYZu55w4UHZYdUCHKEEYwA,ethical-issues-ai-collage.jpg,https://drive.google.com/file/d/1QgkVD4fbOPDYZu55w4UHZYdUCHKEEYwA/view?usp=drivesdk,image/jpeg,18383064,Freepik,2026-02-25T00:14:48.459+05:30,,,,,,,,
1,1i5a_2OkfNReFNJPQLCKWNHtqNkHsTpeb,1DCD4IUsEdPk03FCc9Ae9nz6LwdHumX4K,objects-with-reflective-effect.jpg,https://drive.google.com/file/d/1DCD4IUsEdPk03FCc9Ae9nz6LwdHumX4K/view?usp=drivesdk,image/jpeg,2222998,Freepik,2026-02-25T00:14:48.460+05:30,,,,,,,,
1,1i5a_2OkfNReFNJPQLCKWNHtqNkHsTpeb,1DRqVXcbgz0py9Fh92MdgiTyKelX3gaSv,male-surfer-blue-wave-sunny-day.jpg,https://drive.google.com/file/d/1DRqVXcbgz0py9Fh92MdgiTyKelX3gaSv/view?usp=drivesdk,image/jpeg,5659080,Freepik,2026-02-25T00:14:48.461+05:30,,,,,,,,
1,1i5a_2OkfNReFNJPQLCKWNHtqNkHsTpeb,1DSw_1szhsmjcLYUcH9Wk00r0EMj2zlzh,futuristic-gadgets-showcase-lineup-sleek-modern-technological-devices.jpg,https://drive.google.com/file/d/1DSw_1szhsmjcLYUcH9Wk00r0EMj2zlzh/view?usp=drivesdk,image/jpeg,6592237,Freepik,2026-02-25T00:14:48.462+05:30,,,,,,,,
1,1i5a_2OkfNReFNJPQLCKWNHtqNkHsTpeb,1D9D7727etAj_chVivo6shPCDeLLgyauD,business-growth-concept.jpg,https://drive.google.com/file/d/1D9D7727etAj_chVivo6shPCDeLLgyauD/view?usp=drivesdk,image/jpeg,9599934,Freepik,2026-02-25T00:14:48.463+05:30,,,,,,,,
1,1i5a_2OkfNReFNJPQLCKWNHtqNkHsTpeb,1BMUN2C1UWf6C2yfI0kEPlbfujNS3GQyJ,ai-artificial-intelligence-logo-hand-sphere-grid-wave-with-binary-code.jpg,https://drive.google.com/file/d/1BMUN2C1UWf6C2yfI0kEPlbfujNS3GQyJ/view?usp=drivesdk,image/jpeg,950039,Freepik,2026-02-25T00:14:48.464+05:30,,,,,,,,
1,1i5a_2OkfNReFNJPQLCKWNHtqNkHsTpeb,11bHioczEXIasK-mU1LI7meiv3l0Rs4-a,multiethnic-athlete-group.jpg,https://drive.google.com/file/d/11bHioczEXIasK-mU1LI7meiv3l0Rs4-a/view?usp=drivesdk,image/jpeg,14880996,Freepik,2026-02-25T00:14:48.465+05:30,,,,,,,,
1,1i5a_2OkfNReFNJPQLCKWNHtqNkHsTpeb,1-wwl5YoCYC_k2KAWoCwrAswigUe08yH2,1099.jpg,https://drive.google.com/file/d/1-wwl5YoCYC_k2KAWoCwrAswigUe08yH2/view?usp=drivesdk,image/jpeg,4197488,Freepik,2026-02-25T00:14:48.466+05:30,,,,,,,,
2,1rCXMvp9jTUB_cTPa1hqsBCEeW-S3pMqH,1TciI5g3wSBLQCOUokb5qPvMXEEwcWQnG,Wavy_Tech-30_Single-03.jpg,https://drive.google.com/file/d/1TciI5g3wSBLQCOUokb5qPvMXEEwcWQnG/view?usp=drivesdk,image/jpeg,2420892,Vector,2026-02-25T00:14:48.466+05:30,,,,,,,,
2,1rCXMvp9jTUB_cTPa1hqsBCEeW-S3pMqH,1TejUlBCngt4Fb46bWa9NEs_v_wTQS0XT,vectorstock_31635503.png,https://drive.google.com/file/d/1TejUlBCngt4Fb46bWa9NEs_v_wTQS0XT/view?usp=drivesdk,image/png,143738,Vector,2026-02-25T00:14:48.467+05:30,,,,,,,,
2,1rCXMvp9jTUB_cTPa1hqsBCEeW-S3pMqH,1TfmjpKMdNDhoQQyw0fsAZxkD-zv6d5T2,tms-eld-mandate.png,https://drive.google.com/file/d/1TfmjpKMdNDhoQQyw0fsAZxkD-zv6d5T2/view?usp=drivesdk,image/png,143318,Vector,2026-02-25T00:14:48.468+05:30,,,,,,,,
2,1rCXMvp9jTUB_cTPa1hqsBCEeW-S3pMqH,1TS17X7-iRZwOarMMVwMH2MdRniMAG1TY,software_testing_lp.jpg,https://drive.google.com/file/d/1TS17X7-iRZwOarMMVwMH2MdRniMAG1TY/view?usp=drivesdk,image/jpeg,2648589,Vector,2026-02-25T00:14:48.469+05:30,,,,,,,,
2,1rCXMvp9jTUB_cTPa1hqsBCEeW-S3pMqH,1TUWGnSG712HQeJf9tQLxjefk98CalTo9,smart-technology-icon-isometric-artificial-intelligence-robot-assistant-chatbot.png,https://drive.google.com/file/d/1TUWGnSG712HQeJf9tQLxjefk98CalTo9/view?usp=drivesdk,image/png,74961,Vector,2026-02-25T00:14:48.470+05:30,,,,,,,,
2,1rCXMvp9jTUB_cTPa1hqsBCEeW-S3pMqH,1TVwfLO5jTtFZNqcilb1CYYdlt8MyNxZs,online-shopping-buying-e-commerce-flat-elements-composition-set-with-search-worldwide-delivery-isolated-vector-illustration.png,https://drive.google.com/file/d/1TVwfLO5jTtFZNqcilb1CYYdlt8MyNxZs/view?usp=drivesdk,image/png,74347,Vector,2026-02-25T00:14:48.471+05:30,,,,,,,,
2,1rCXMvp9jTUB_cTPa1hqsBCEeW-S3pMqH,1TYY-TAy_wHggEQhAdXMR7RPd_ij-kSoq,laptop.jpg,https://drive.google.com/file/d/1TYY-TAy_wHggEQhAdXMR7RPd_ij-kSoq/view?usp=drivesdk,image/jpeg,129627,Vector,2026-02-25T00:14:48.472+05:30,,,,,,,,
2,1rCXMvp9jTUB_cTPa1hqsBCEeW-S3pMqH,1T_1YHRNM2axzzDqe7nLwidI5X3qG_4MF,landing-page-template-with-laptop.jpg,https://drive.google.com/file/d/1T_1YHRNM2axzzDqe7nLwidI5X3qG_4MF/view?usp=drivesdk,image/jpeg,110302,Vector,2026-02-25T00:14:48.473+05:30,,,,,,,,
2,1rCXMvp9jTUB_cTPa1hqsBCEeW-S3pMqH,1TRQthIKjfhxIJYH3L2cuOYV0HnwPAIGm,EducationLaptop01.png,https://drive.google.com/file/d/1TRQthIKjfhxIJYH3L2cuOYV0HnwPAIGm/view?usp=drivesdk,image/png,813661,Vector,2026-02-25T00:14:48.474+05:30,,,,,,,,
2,1rCXMvp9jTUB_cTPa1hqsBCEeW-S3pMqH,1TL56GkKBBWdq-s5PBtTfRaxJkQireRJP,device-set_2.png,https://drive.google.com/file/d/1TL56GkKBBWdq-s5PBtTfRaxJkQireRJP/view?usp=drivesdk,image/png,61236,Vector,2026-02-25T00:14:48.475+05:30,,,,,,,,
2,1rCXMvp9jTUB_cTPa1hqsBCEeW-S3pMqH,1T7CrAfY6KKAcRD4ouJlpclaC4VVfGIZm,device-set_1.png,https://drive.google.com/file/d/1T7CrAfY6KKAcRD4ouJlpclaC4VVfGIZm/view?usp=drivesdk,image/png,56499,Vector,2026-02-25T00:14:48.476+05:30,,,,,,,,
2,1rCXMvp9jTUB_cTPa1hqsBCEeW-S3pMqH,1T8EjtISLwIpRkHzVzib_zPy4bBa9_ZKt,device-set.png,https://drive.google.com/file/d/1T8EjtISLwIpRkHzVzib_zPy4bBa9_ZKt/view?usp=drivesdk,image/png,117024,Vector,2026-02-25T00:14:48.477+05:30,,,,,,,,
2,1rCXMvp9jTUB_cTPa1hqsBCEeW-S3pMqH,1TFI78t-mU50t5XnAVTls4KSwEY_OD_9D,chat-bot-phone-hand-banner.png,https://drive.google.com/file/d/1TFI78t-mU50t5XnAVTls4KSwEY_OD_9D/view?usp=drivesdk,image/png,42484,Vector,2026-02-25T00:14:48.478+05:30,,,,,,,,
2,1rCXMvp9jTUB_cTPa1hqsBCEeW-S3pMqH,1Ssx3YV67d0bn_BAPLsSGwogjIxdI3UA_,Background_design_(9).jpg,https://drive.google.com/file/d/1Ssx3YV67d0bn_BAPLsSGwogjIxdI3UA_/view?usp=drivesdk,image/jpeg,32373,Vector,2026-02-25T00:14:48.479+05:30,,,,,,,,
2,1rCXMvp9jTUB_cTPa1hqsBCEeW-S3pMqH,1StzHhF869C2AeOLJ8NPQsC2M06OU7_G4,augmented-reality-landing-page-template.png,https://drive.google.com/file/d/1StzHhF869C2AeOLJ8NPQsC2M06OU7_G4/view?usp=drivesdk,image/png,49208,Vector,2026-02-25T00:14:48.480+05:30,,,,,,,,
2,1rCXMvp9jTUB_cTPa1hqsBCEeW-S3pMqH,1SvReuf3QOiN7DGoj4YKxVz3rjMoRoiUx,artificial-intelligence-ai-robot-gives-recommendation-human-get-automated-response.png,https://drive.google.com/file/d/1SvReuf3QOiN7DGoj4YKxVz3rjMoRoiUx/view?usp=drivesdk,image/png,68219,Vector,2026-02-25T00:14:48.481+05:30,,,,,,,,
2,1rCXMvp9jTUB_cTPa1hqsBCEeW-S3pMqH,1SxF1fo0lgLrbF7AF2P-b6Ye1km54ZN4x,864.jpg,https://drive.google.com/file/d/1SxF1fo0lgLrbF7AF2P-b6Ye1km54ZN4x/view?usp=drivesdk,image/jpeg,2491860,Vector,2026-02-25T00:14:48.482+05:30,,,,,,,,
2,1rCXMvp9jTUB_cTPa1hqsBCEeW-S3pMqH,1T2672Lt4JzjH23cw2SlvodhSiZV0tDkN,812.jpg,https://drive.google.com/file/d/1T2672Lt4JzjH23cw2SlvodhSiZV0tDkN/view?usp=drivesdk,image/jpeg,2269423,Vector,2026-02-25T00:14:48.483+05:30,,,,,,,,
2,1rCXMvp9jTUB_cTPa1hqsBCEeW-S3pMqH,1T4OeAb1X-h1nW1NLVazANNNBjvUei47S,452.jpg,https://drive.google.com/file/d/1T4OeAb1X-h1nW1NLVazANNNBjvUei47S/view?usp=drivesdk,image/jpeg,2150910,Vector,2026-02-25T00:14:48.484+05:30,,,,,,,,
2,1rCXMvp9jTUB_cTPa1hqsBCEeW-S3pMqH,1Six1UZnGb3owqDVjcWYNtSBy9fyisP3k,438.png,https://drive.google.com/file/d/1Six1UZnGb3owqDVjcWYNtSBy9fyisP3k/view?usp=drivesdk,image/png,164701,Vector,2026-02-25T00:14:48.485+05:30,,,,,,,,
2,1rCXMvp9jTUB_cTPa1hqsBCEeW-S3pMqH,1Sq08JQT4uAvdQMW19NSQbkvz32yNPHaD,333.jpg,https://drive.google.com/file/d/1Sq08JQT4uAvdQMW19NSQbkvz32yNPHaD/view?usp=drivesdk,image/jpeg,3773534,Vector,2026-02-25T00:14:48.486+05:30,,,,,,,,
2,1rCXMvp9jTUB_cTPa1hqsBCEeW-S3pMqH,1S_CyRytobcjvb7HWWEjCpEc0LOZw99bO,325.jpg,https://drive.google.com/file/d/1S_CyRytobcjvb7HWWEjCpEc0LOZw99bO/view?usp=drivesdk,image/jpeg,3484855,Vector,2026-02-25T00:14:48.487+05:30,,,,,,,,
2,1rCXMvp9jTUB_cTPa1hqsBCEeW-S3pMqH,1SFnTvhRS2uP59Upb6hyZtLEgZ9x5oZeg,2870.jpg,https://drive.google.com/file/d/1SFnTvhRS2uP59Upb6hyZtLEgZ9x5oZeg/view?usp=drivesdk,image/jpeg,2548013,Vector,2026-02-25T00:14:48.489+05:30,,,,,,,,
2,1rCXMvp9jTUB_cTPa1hqsBCEeW-S3pMqH,1SGnwV0HkH0IfQohDb4lSczffei3ghOwf,273382-P5ODRK-265.jpg,https://drive.google.com/file/d/1SGnwV0HkH0IfQohDb4lSczffei3ghOwf/view?usp=drivesdk,image/jpeg,147768,Vector,2026-02-25T00:14:48.490+05:30,,,,,,,,
2,1rCXMvp9jTUB_cTPa1hqsBCEeW-S3pMqH,1SKUldA33eIyVeGS3CR01fmQx5UNOLM4x,271117-P5KN8M-489.jpg,https://drive.google.com/file/d/1SKUldA33eIyVeGS3CR01fmQx5UNOLM4x/view?usp=drivesdk,image/jpeg,131754,Vector,2026-02-25T00:14:48.491+05:30,,,,,,,,
2,1rCXMvp9jTUB_cTPa1hqsBCEeW-S3pMqH,1SOnpz9rTuNWrsFowAmyKx3KwLdnAacD0,2413480.jpg,https://drive.google.com/file/d/1SOnpz9rTuNWrsFowAmyKx3KwLdnAacD0/view?usp=drivesdk,image/jpeg,328922,Vector,2026-02-25T00:14:48.492+05:30,,,,,,,,
2,1rCXMvp9jTUB_cTPa1hqsBCEeW-S3pMqH,1SP46adTPDshVdSU4WcMjK2ksbmfGa6-i,20945315.jpg,https://drive.google.com/file/d/1SP46adTPDshVdSU4WcMjK2ksbmfGa6-i/view?usp=drivesdk,image/jpeg,1448451,Vector,2026-02-25T00:14:48.493+05:30,,,,,,,,
2,1rCXMvp9jTUB_cTPa1hqsBCEeW-S3pMqH,1SSBKUNSUC-b57-9ko-lqFL_QXCz5J4sj,19199809.jpg,https://drive.google.com/file/d/1SSBKUNSUC-b57-9ko-lqFL_QXCz5J4sj/view?usp=drivesdk,image/jpeg,3062750,Vector,2026-02-25T00:14:48.493+05:30,,,,,,,,
2,1rCXMvp9jTUB_cTPa1hqsBCEeW-S3pMqH,1SY21WnreJQklO4MAzss52iF4dnkinSQJ,173Z_372AL.jpg,https://drive.google.com/file/d/1SY21WnreJQklO4MAzss52iF4dnkinSQJ/view?usp=drivesdk,image/jpeg,1884421,Vector,2026-02-25T00:14:48.494+05:30,,,,,,,,
2,1rCXMvp9jTUB_cTPa1hqsBCEeW-S3pMqH,11mfa2KPWt3sb8c1_xAdhRZoPjALf4iyb,artificial-intelligence-ai-robot-gives-recommendation-human-get-automated-response [Converted].png,https://drive.google.com/file/d/11mfa2KPWt3sb8c1_xAdhRZoPjALf4iyb/view?usp=drivesdk,image/png,68219,Vector,2026-02-25T00:14:48.495+05:30,,,,,,,,
2,1rCXMvp9jTUB_cTPa1hqsBCEeW-S3pMqH,1e49McW6GhLWTj8ja6QLBwyf40l9NqjTe,artificial-intelligence-landing-page.png,https://drive.google.com/file/d/1e49McW6GhLWTj8ja6QLBwyf40l9NqjTe/view?usp=drivesdk,image/png,110995,Vector,2026-02-25T00:14:48.496+05:30,,,,,,,,
2,1rCXMvp9jTUB_cTPa1hqsBCEeW-S3pMqH,1lmGhOu5jv-_Sd0N0yME9-4IdP5sLFIv-,chat-bot-phone-hand-banner [Converted].png,https://drive.google.com/file/d/1lmGhOu5jv-_Sd0N0yME9-4IdP5sLFIv-/view?usp=drivesdk,image/png,42484,Vector,2026-02-25T00:14:48.497+05:30,,,,,,,,
2,1rCXMvp9jTUB_cTPa1hqsBCEeW-S3pMqH,15zPFotRsNm8UtsCepmiritqWrnHD44co,company-employees-sharing-thoughts-ideas.png,https://drive.google.com/file/d/15zPFotRsNm8UtsCepmiritqWrnHD44co/view?usp=drivesdk,image/png,250069,Vector,2026-02-25T00:14:48.498+05:30,,,,,,,,
2,1rCXMvp9jTUB_cTPa1hqsBCEeW-S3pMqH,1rQiYvDlXEHM9n1QseQmzMpuW6OPQX42e,joven-autor-o-escritor-trabajando-nuevo-articulo.png,https://drive.google.com/file/d/1rQiYvDlXEHM9n1QseQmzMpuW6OPQX42e/view?usp=drivesdk,image/png,171441,Vector,2026-02-25T00:14:48.499+05:30,,,,,,,,
2,1rCXMvp9jTUB_cTPa1hqsBCEeW-S3pMqH,1nch1xtIAIksoewCV9S1Rw9bntC47qfpk,online-shopping-buying-e-commerce-flat-elements-composition-set-with-search-worldwide-delivery-isolated-vector-illustration [Converted].png,https://drive.google.com/file/d/1nch1xtIAIksoewCV9S1Rw9bntC47qfpk/view?usp=drivesdk,image/png,74347,Vector,2026-02-25T00:14:48.500+05:30,,,,,,,,
2,1rCXMvp9jTUB_cTPa1hqsBCEeW-S3pMqH,1dfSKxPE4vbYhWTkDNROBs5G52e5bgNx4,smart-technology-icon-isometric-artificial-intelligence-robot-assistant-chatbot [Converted].png,https://drive.google.com/file/d/1dfSKxPE4vbYhWTkDNROBs5G52e5bgNx4/view?usp=drivesdk,image/png,74961,Vector,2026-02-25T00:14:48.501+05:30,,,,,,,,
2,1rCXMvp9jTUB_cTPa1hqsBCEeW-S3pMqH,1PtgmzrsGGYI83gIJOTF-0HfiCVB6OBlc,voice-control-concept-illustration.png,https://drive.google.com/file/d/1PtgmzrsGGYI83gIJOTF-0HfiCVB6OBlc/view?usp=drivesdk,image/png,26925,Vector,2026-02-25T00:14:48.502+05:30,,,,,,,,
2,1rCXMvp9jTUB_cTPa1hqsBCEeW-S3pMqH,1rVe9R5ScDV9Qqby4L06ueVYBxPtSFNbI,woman-wearing-virtual-reality-glasses.png,https://drive.google.com/file/d/1rVe9R5ScDV9Qqby4L06ueVYBxPtSFNbI/view?usp=drivesdk,image/png,24825,Vector,2026-02-25T00:14:48.503+05:30,,,,,,,,
2,1rCXMvp9jTUB_cTPa1hqsBCEeW-S3pMqH,10lQiZt65TEa9GEymj2ZBXT8it3KEadZb,artificial-intelligence-ai-isometric-landing-page [Converted].png,https://drive.google.com/file/d/10lQiZt65TEa9GEymj2ZBXT8it3KEadZb/view?usp=drivesdk,image/png,171197,Vector,2026-02-25T00:14:48.504+05:30,,,,,,,,
2,1rCXMvp9jTUB_cTPa1hqsBCEeW-S3pMqH,19yhBif2nZJcHcVmKWkWwNp_gXeCnnr6c,CONSULT DOCTOR_Mesa de trabajo 1.jpg,https://drive.google.com/file/d/19yhBif2nZJcHcVmKWkWwNp_gXeCnnr6c/view?usp=drivesdk,image/jpeg,304772,Vector,2026-02-25T00:14:48.505+05:30,,,,,,,,
2,1rCXMvp9jTUB_cTPa1hqsBCEeW-S3pMqH,1C7wlUGXYsrRYtRbWXCDVkc4HHAEq6OG_,268150-P5HM2W-787.jpg,https://drive.google.com/file/d/1C7wlUGXYsrRYtRbWXCDVkc4HHAEq6OG_/view?usp=drivesdk,image/jpeg,356268,Vector,2026-02-25T00:14:48.506+05:30,,,,,,,,
3,1GwI7nT8jlllVvlVWGH_Bq_lqoxxH4GVE,1-GAoCv84mIy8jh1dSviAdBF-m6kqhe6-,iStock-1367512807.jpg,https://drive.google.com/file/d/1-GAoCv84mIy8jh1dSviAdBF-m6kqhe6-/view?usp=drivesdk,image/jpeg,2587588,iStock,2026-02-25T00:14:48.507+05:30,,,,,,,,
3,1GwI7nT8jlllVvlVWGH_Bq_lqoxxH4GVE,1YqN2xmS4C3R1ZTDF2IE3VZ596nYb8me3,iStock-1164433576.jpg,https://drive.google.com/file/d/1YqN2xmS4C3R1ZTDF2IE3VZ596nYb8me3/view?usp=drivesdk,image/jpeg,12125022,iStock,2026-02-25T00:14:48.508+05:30,,,,,,,,
3,1GwI7nT8jlllVvlVWGH_Bq_lqoxxH4GVE,1jvqCZf972AYLkj24FnNvdHXuKZlvllnB,iStock-1598072183.jpg,https://drive.google.com/file/d/1jvqCZf972AYLkj24FnNvdHXuKZlvllnB/view?usp=drivesdk,image/jpeg,8117209,iStock,2026-02-25T00:14:48.509+05:30,,,,,,,,
3,1GwI7nT8jlllVvlVWGH_Bq_lqoxxH4GVE,1BUyKPZlxudK343n8YDIb_DF3LLxoXSPB,iStock-2164393259.jpg,https://drive.google.com/file/d/1BUyKPZlxudK343n8YDIb_DF3LLxoXSPB/view?usp=drivesdk,image/jpeg,7550088,iStock,2026-02-25T00:14:48.511+05:30,,,,,,,,
3,1GwI7nT8jlllVvlVWGH_Bq_lqoxxH4GVE,1-QAqg0GmekTxENLPHNVl50wWlK2oudso,iStock-1181557927.jpg,https://drive.google.com/file/d/1-QAqg0GmekTxENLPHNVl50wWlK2oudso/view?usp=drivesdk,image/jpeg,1581128,iStock,2026-02-25T00:14:48.512+05:30,,,,,,,,
3,1GwI7nT8jlllVvlVWGH_Bq_lqoxxH4GVE,1NnScHjsIu3W0P5e6Sy67H5DJ2xXl-A0N,iStock-618946910.jpg,https://drive.google.com/file/d/1NnScHjsIu3W0P5e6Sy67H5DJ2xXl-A0N/view?usp=drivesdk,image/jpeg,9624136,iStock,2026-02-25T00:14:48.514+05:30,,,,,,,,
3,1GwI7nT8jlllVvlVWGH_Bq_lqoxxH4GVE,1sb-jrQn-xCOencY5f_sbyG4a2ezKD_ag,iStock-172643764.jpg,https://drive.google.com/file/d/1sb-jrQn-xCOencY5f_sbyG4a2ezKD_ag/view?usp=drivesdk,image/jpeg,1409809,iStock,2026-02-25T00:14:48.516+05:30,,,,,,,,
3,1GwI7nT8jlllVvlVWGH_Bq_lqoxxH4GVE,1Q-8yFTZ8Lsxt0Wici40cRMetno8taG9s,iStock-2221129994.jpg,https://drive.google.com/file/d/1Q-8yFTZ8Lsxt0Wici40cRMetno8taG9s/view?usp=drivesdk,image/jpeg,3553563,iStock,2026-02-25T00:14:48.517+05:30,,,,,,,,
3,1GwI7nT8jlllVvlVWGH_Bq_lqoxxH4GVE,1R4gRQGaRe5J_z3A9Xae4RM-hawmqd9Uq,iStock-1995675415.jpg,https://drive.google.com/file/d/1R4gRQGaRe5J_z3A9Xae4RM-hawmqd9Uq/view?usp=drivesdk,image/jpeg,12380281,iStock,2026-02-25T00:14:48.520+05:30,,,,,,,,
3,1GwI7nT8jlllVvlVWGH_Bq_lqoxxH4GVE,1XgZGoEUFaRoWh9ma26-X54F6rw9MtVWl,iStock-1923299313.jpg,https://drive.google.com/file/d/1XgZGoEUFaRoWh9ma26-X54F6rw9MtVWl/view?usp=drivesdk,image/jpeg,6859228,iStock,2026-02-25T00:14:48.521+05:30,,,,,,,,
3,1GwI7nT8jlllVvlVWGH_Bq_lqoxxH4GVE,1vXUd5jiob5uP4pAnKmVPDQcxmzICh9Wb,iStock-1470986827.jpg,https://drive.google.com/file/d/1vXUd5jiob5uP4pAnKmVPDQcxmzICh9Wb/view?usp=drivesdk,image/jpeg,7909083,iStock,2026-02-25T00:14:48.522+05:30,,,,,,,,
3,1GwI7nT8jlllVvlVWGH_Bq_lqoxxH4GVE,1lYVII1rGoKTPasoghZmkn6SEk93yABhK,iStock-1455658894.jpg,https://drive.google.com/file/d/1lYVII1rGoKTPasoghZmkn6SEk93yABhK/view?usp=drivesdk,image/jpeg,10564533,iStock,2026-02-25T00:14:48.522+05:30,,,,,,,,
3,1GwI7nT8jlllVvlVWGH_Bq_lqoxxH4GVE,1YQxYs9yKdM3h0CKANEFAHDA-cs9zLp2E,iStock-930640444.jpg,https://drive.google.com/file/d/1YQxYs9yKdM3h0CKANEFAHDA-cs9zLp2E/view?usp=drivesdk,image/jpeg,7476963,iStock,2026-02-25T00:14:48.525+05:30,,,,,,,,
3,1GwI7nT8jlllVvlVWGH_Bq_lqoxxH4GVE,1mEV3NsfX9-OaTVuuXU_gJLZ5qDEnRzic,iStock-2149539501.jpg,https://drive.google.com/file/d/1mEV3NsfX9-OaTVuuXU_gJLZ5qDEnRzic/view?usp=drivesdk,image/jpeg,7483366,iStock,2026-02-25T00:14:48.526+05:30,,,,,,,,
3,1GwI7nT8jlllVvlVWGH_Bq_lqoxxH4GVE,1_QDC2OcU3PJjaMOGRlKFFTkAoMP1Qgsk,iStock-1346675527.jpg,https://drive.google.com/file/d/1_QDC2OcU3PJjaMOGRlKFFTkAoMP1Qgsk/view?usp=drivesdk,image/jpeg,2374363,iStock,2026-02-25T00:14:48.527+05:30,,,,,,,,
3,1GwI7nT8jlllVvlVWGH_Bq_lqoxxH4GVE,1YLwTrrnYeMsA1VqHeYq_6vp4CEw8MXlf,iStock-1180529694.jpg,https://drive.google.com/file/d/1YLwTrrnYeMsA1VqHeYq_6vp4CEw8MXlf/view?usp=drivesdk,image/jpeg,1724463,iStock,2026-02-25T00:14:48.529+05:30,,,,,,,,
3,1GwI7nT8jlllVvlVWGH_Bq_lqoxxH4GVE,1YZ-wMPunr6ybx8VOG1AyWwmNNTJQSZyF,iStock-888763216.jpg,https://drive.google.com/file/d/1YZ-wMPunr6ybx8VOG1AyWwmNNTJQSZyF/view?usp=drivesdk,image/jpeg,4379171,iStock,2026-02-25T00:14:48.530+05:30,,,,,,,,
3,1GwI7nT8jlllVvlVWGH_Bq_lqoxxH4GVE,1YbprVN0ZPD_Lil0fa6wZvJ-J1YXi38Ih,iStock-1425180596.jpg,https://drive.google.com/file/d/1YbprVN0ZPD_Lil0fa6wZvJ-J1YXi38Ih/view?usp=drivesdk,image/jpeg,9236368,iStock,2026-02-25T00:14:48.531+05:30,,,,,,,,
3,1GwI7nT8jlllVvlVWGH_Bq_lqoxxH4GVE,1YP5L3btqFz3u0A1RwWC4tmudtw9lQgh8,iStock-1496103634.jpg,https://drive.google.com/file/d/1YP5L3btqFz3u0A1RwWC4tmudtw9lQgh8/view?usp=drivesdk,image/jpeg,11924996,iStock,2026-02-25T00:14:48.533+05:30,,,,,,,,
3,1GwI7nT8jlllVvlVWGH_Bq_lqoxxH4GVE,1M0NIyzNy01keVN-cSxvOS1XpvCU6pFcV,iStock-2192804736.jpg,https://drive.google.com/file/d/1M0NIyzNy01keVN-cSxvOS1XpvCU6pFcV/view?usp=drivesdk,image/jpeg,5753729,iStock,2026-02-25T00:14:48.535+05:30,,,,,,,,
3,1GwI7nT8jlllVvlVWGH_Bq_lqoxxH4GVE,1CQAHOOZKYvnOkPw6OhvyUlDhzY503fd3,iStock-2152013180.jpg,https://drive.google.com/file/d/1CQAHOOZKYvnOkPw6OhvyUlDhzY503fd3/view?usp=drivesdk,image/jpeg,14179848,iStock,2026-02-25T00:14:48.536+05:30,,,,,,,,
3,1GwI7nT8jlllVvlVWGH_Bq_lqoxxH4GVE,1V7V3Ai6WnEKZP6Xf415o2iMvoxJfECqQ,iStock-1146311269.jpg,https://drive.google.com/file/d/1V7V3Ai6WnEKZP6Xf415o2iMvoxJfECqQ/view?usp=drivesdk,image/jpeg,3432747,iStock,2026-02-25T00:14:48.537+05:30,,,,,,,,
3,1GwI7nT8jlllVvlVWGH_Bq_lqoxxH4GVE,10ECj1uUZ5apZTJ9FxlmeQJwjUDTKZJBN,iStock-1513818710.jpg,https://drive.google.com/file/d/10ECj1uUZ5apZTJ9FxlmeQJwjUDTKZJBN/view?usp=drivesdk,image/jpeg,3259868,iStock,2026-02-25T00:14:48.537+05:30,,,,,,,,
3,1GwI7nT8jlllVvlVWGH_Bq_lqoxxH4GVE,1hMoLWUUx09JW8uWSsJDUebGKleCQC3-g,iStock-968289718.jpg,https://drive.google.com/file/d/1hMoLWUUx09JW8uWSsJDUebGKleCQC3-g/view?usp=drivesdk,image/jpeg,4528834,iStock,2026-02-25T00:14:48.538+05:30,,,,,,,,
3,1GwI7nT8jlllVvlVWGH_Bq_lqoxxH4GVE,1WpDJDH6_RqHOZFAeYijCH3vY4JYix-j-,iStock-1796947698.jpg,https://drive.google.com/file/d/1WpDJDH6_RqHOZFAeYijCH3vY4JYix-j-/view?usp=drivesdk,image/jpeg,8623824,iStock,2026-02-25T00:14:48.539+05:30,,,,,,,,
3,1GwI7nT8jlllVvlVWGH_Bq_lqoxxH4GVE,1W5u6yvoJNzShzhy7WPw9HLqS52hWTUZh,iStock-1363745869.jpg,https://drive.google.com/file/d/1W5u6yvoJNzShzhy7WPw9HLqS52hWTUZh/view?usp=drivesdk,image/jpeg,9161841,iStock,2026-02-25T00:14:48.541+05:30,,,,,,,,
3,1GwI7nT8jlllVvlVWGH_Bq_lqoxxH4GVE,1VZs4cCI9eLox_9XlfxchL0sDsIAPD55H,iStock-1351625319.jpg,https://drive.google.com/file/d/1VZs4cCI9eLox_9XlfxchL0sDsIAPD55H/view?usp=drivesdk,image/jpeg,12375589,iStock,2026-02-25T00:14:48.542+05:30,,,,,,,,
,,,,,,,,,,,,,,,,
3,1GwI7nT8jlllVvlVWGH_Bq_lqoxxH4GVE,1XNs9FsGbEpDA_23Whnxw3hm64ve3o7hb,iStock-1404612229.jpg,https://drive.google.com/file/d/1XNs9FsGbEpDA_23Whnxw3hm64ve3o7hb/view?usp=drivesdk,image/jpeg,5703657,iStock,2026-02-25T00:14:48.544+05:30,,,,,,,,
3,1GwI7nT8jlllVvlVWGH_Bq_lqoxxH4GVE,1opO5pxadh6BOgcDBUU7fm6dEOLYZhLoj,iStock-1442849081.jpg,https://drive.google.com/file/d/1opO5pxadh6BOgcDBUU7fm6dEOLYZhLoj/view?usp=drivesdk,image/jpeg,3168328,iStock,2026-02-25T00:14:48.545+05:30,,,,,,,,
3,1GwI7nT8jlllVvlVWGH_Bq_lqoxxH4GVE,1a24BwatcW5iB6ADnCaBV0wqRlzHtk7aQ,iStock-1460170484.jpg,https://drive.google.com/file/d/1a24BwatcW5iB6ADnCaBV0wqRlzHtk7aQ/view?usp=drivesdk,image/jpeg,4779968,iStock,2026-02-25T00:14:48.546+05:30,,,,,,,,
3,1GwI7nT8jlllVvlVWGH_Bq_lqoxxH4GVE,1wvf7t2YUEOVGzJOfVl1Dj95QUM5JXxzI,iStock-1468803913.jpg,https://drive.google.com/file/d/1wvf7t2YUEOVGzJOfVl1Dj95QUM5JXxzI/view?usp=drivesdk,image/jpeg,7955621,iStock,2026-02-25T00:14:48.547+05:30,,,,,,,,
3,1GwI7nT8jlllVvlVWGH_Bq_lqoxxH4GVE,1vwHoyLGqZRMEqaLEU_cvozjS7ITZ0OqN,iStock-1327563379.jpg,https://drive.google.com/file/d/1vwHoyLGqZRMEqaLEU_cvozjS7ITZ0OqN/view?usp=drivesdk,image/jpeg,1063722,iStock,2026-02-25T00:14:48.548+05:30,,,,,,,,
3,1GwI7nT8jlllVvlVWGH_Bq_lqoxxH4GVE,1Rjh2GoqprCJ-t940HhjcJSKhski6e-NS,iStock-1255051020.jpg,https://drive.google.com/file/d/1Rjh2GoqprCJ-t940HhjcJSKhski6e-NS/view?usp=drivesdk,image/jpeg,10756639,iStock,2026-02-25T00:14:48.549+05:30,,,,,,,,
3,1GwI7nT8jlllVvlVWGH_Bq_lqoxxH4GVE,1COIZ-LxlcwveYGLebls9voBpwhxct8BV,iStock-1319010510.jpg,https://drive.google.com/file/d/1COIZ-LxlcwveYGLebls9voBpwhxct8BV/view?usp=drivesdk,image/jpeg,2939605,iStock,2026-02-25T00:14:48.550+05:30,,,,,,,,
3,1GwI7nT8jlllVvlVWGH_Bq_lqoxxH4GVE,1VZZm0qKmxaY8HTpEQpcFQ73QQr_X_Mga,iStock-1580129335.jpg,https://drive.google.com/file/d/1VZZm0qKmxaY8HTpEQpcFQ73QQr_X_Mga/view?usp=drivesdk,image/jpeg,11814947,iStock,2026-02-25T00:14:48.551+05:30,,,,,,,,
3,1GwI7nT8jlllVvlVWGH_Bq_lqoxxH4GVE,1VYYphvOBFItRg7v8j8wIaGKjsLVnnsgH,iStock-1280048451.jpg,https://drive.google.com/file/d/1VYYphvOBFItRg7v8j8wIaGKjsLVnnsgH/view?usp=drivesdk,image/jpeg,4918270,iStock,2026-02-25T00:14:48.552+05:30,,,,,,,,
3,1GwI7nT8jlllVvlVWGH_Bq_lqoxxH4GVE,1VWE0T2feSk0BAmSdC76ZRy3zCuLX5jsW,iStock-1698710873.jpg,https://drive.google.com/file/d/1VWE0T2feSk0BAmSdC76ZRy3zCuLX5jsW/view?usp=drivesdk,image/jpeg,10724367,iStock,2026-02-25T00:14:48.553+05:30,,,,,,,,
3,1GwI7nT8jlllVvlVWGH_Bq_lqoxxH4GVE,1VUIT5xmLDPMI3V2aeRznaGQKNby4fRdh,iStock-1093880970.jpg,https://drive.google.com/file/d/1VUIT5xmLDPMI3V2aeRznaGQKNby4fRdh/view?usp=drivesdk,image/jpeg,10324246,iStock,2026-02-25T00:14:48.554+05:30,,,,,,,,
3,1GwI7nT8jlllVvlVWGH_Bq_lqoxxH4GVE,1VSjam00DhLELoJw-f-pYriOsuYCzGKiE,iStock-896358708.jpg,https://drive.google.com/file/d/1VSjam00DhLELoJw-f-pYriOsuYCzGKiE/view?usp=drivesdk,image/jpeg,6856748,iStock,2026-02-25T00:14:48.555+05:30,,,,,,,,
3,1GwI7nT8jlllVvlVWGH_Bq_lqoxxH4GVE,1VQxY332_Wkj6UvfiRxzfaTaH-dWaROyI,iStock-2043649534.jpg,https://drive.google.com/file/d/1VQxY332_Wkj6UvfiRxzfaTaH-dWaROyI/view?usp=drivesdk,image/jpeg,14131190,iStock,2026-02-25T00:14:48.556+05:30,,,,,,,,
3,1GwI7nT8jlllVvlVWGH_Bq_lqoxxH4GVE,1VPt0wf0Tjc2HVVBqjcibe2Hja1cDmIMc,iStock-1927795888.jpg,https://drive.google.com/file/d/1VPt0wf0Tjc2HVVBqjcibe2Hja1cDmIMc/view?usp=drivesdk,image/jpeg,3147889,iStock,2026-02-25T00:14:48.557+05:30,,,,,,,,
3,1GwI7nT8jlllVvlVWGH_Bq_lqoxxH4GVE,1TtZBVbVaLz56PK5YmHoHmsMUYrFg_UXk,iStock-1931757263.jpg,https://drive.google.com/file/d/1TtZBVbVaLz56PK5YmHoHmsMUYrFg_UXk/view?usp=drivesdk,image/jpeg,7687718,iStock,2026-02-25T00:14:48.558+05:30,,,,,,,,
3,1GwI7nT8jlllVvlVWGH_Bq_lqoxxH4GVE,18BigUMMOyC98Q2iB9WtkfD4OWA8YW2-U,iStock-1489956013.jpg,https://drive.google.com/file/d/18BigUMMOyC98Q2iB9WtkfD4OWA8YW2-U/view?usp=drivesdk,image/jpeg,7707844,iStock,2026-02-25T00:14:48.559+05:30,,,,,,,,
3,1GwI7nT8jlllVvlVWGH_Bq_lqoxxH4GVE,19y09U6BZkn6yr5G9NL1LQiOZFOaEPuHa,iStock-913603748.jpg,https://drive.google.com/file/d/19y09U6BZkn6yr5G9NL1LQiOZFOaEPuHa/view?usp=drivesdk,image/jpeg,3763222,iStock,2026-02-25T00:14:48.560+05:30,,,,,,,,
3,1GwI7nT8jlllVvlVWGH_Bq_lqoxxH4GVE,1A0vjCmYISYMmyzCEETivQ2FIH-fYx6hv,iStock-1587093671.jpg,https://drive.google.com/file/d/1A0vjCmYISYMmyzCEETivQ2FIH-fYx6hv/view?usp=drivesdk,image/jpeg,4804118,iStock,2026-02-25T00:14:48.562+05:30,,,,,,,,
3,1GwI7nT8jlllVvlVWGH_Bq_lqoxxH4GVE,19xyUEeZ69hYJhFcIK66WVAsDbKk95y6L,iStock-484892584.jpg,https://drive.google.com/file/d/19xyUEeZ69hYJhFcIK66WVAsDbKk95y6L/view?usp=drivesdk,image/jpeg,139705,iStock,2026-02-25T00:14:48.563+05:30,,,,,,,,
3,1GwI7nT8jlllVvlVWGH_Bq_lqoxxH4GVE,1jhrIruuj8iA52jlwhhIlvkyqaa2HMSpq,iStock-1199168056.jpg,https://drive.google.com/file/d/1jhrIruuj8iA52jlwhhIlvkyqaa2HMSpq/view?usp=drivesdk,image/jpeg,97695,iStock,2026-02-25T00:14:48.564+05:30,,,,,,,,
3,1GwI7nT8jlllVvlVWGH_Bq_lqoxxH4GVE,19sktdUWx-26e6BubeIOmdUuvxXP6ph9R,iStock-1202232039.jpg,https://drive.google.com/file/d/19sktdUWx-26e6BubeIOmdUuvxXP6ph9R/view?usp=drivesdk,image/jpeg,617934,iStock,2026-02-25T00:14:48.565+05:30,,,,,,,,
3,1GwI7nT8jlllVvlVWGH_Bq_lqoxxH4GVE,19oJjZ579EoAIx5I5IWJJrxxVpQPkkDGp,iStock-1204339691.jpg,https://drive.google.com/file/d/19oJjZ579EoAIx5I5IWJJrxxVpQPkkDGp/view?usp=drivesdk,image/jpeg,751706,iStock,2026-02-25T00:14:48.566+05:30,,,,,,,,
3,1GwI7nT8jlllVvlVWGH_Bq_lqoxxH4GVE,1ipNt6RwagFZX8EL5UZ6HyhvGhaUvRctV,iStock-1325185727.jpg,https://drive.google.com/file/d/1ipNt6RwagFZX8EL5UZ6HyhvGhaUvRctV/view?usp=drivesdk,image/jpeg,314725,iStock,2026-02-25T00:14:48.567+05:30,,,,,,,,
3,1GwI7nT8jlllVvlVWGH_Bq_lqoxxH4GVE,19nCUT8fNpdFo_mUmPb_adqU32P2jWKGV,iStock-1347917634.jpg,https://drive.google.com/file/d/19nCUT8fNpdFo_mUmPb_adqU32P2jWKGV/view?usp=drivesdk,image/jpeg,45204,iStock,2026-02-25T00:14:48.568+05:30,,,,,,,,
3,1GwI7nT8jlllVvlVWGH_Bq_lqoxxH4GVE,19kQoVnqI54tGNBURtYvvuQ0zZ_g6ntuS,iStock-1398982815.jpg,https://drive.google.com/file/d/19kQoVnqI54tGNBURtYvvuQ0zZ_g6ntuS/view?usp=drivesdk,image/jpeg,703209,iStock,2026-02-25T00:14:48.569+05:30,,,,,,,,
3,1GwI7nT8jlllVvlVWGH_Bq_lqoxxH4GVE,18gUZ8oWoCj9BadozHVo6F55sy0mWL7cV,iStock-182761375.jpg,https://drive.google.com/file/d/18gUZ8oWoCj9BadozHVo6F55sy0mWL7cV/view?usp=drivesdk,image/jpeg,5456250,iStock,2026-02-25T00:14:48.571+05:30,,,,,,,,
3,1GwI7nT8jlllVvlVWGH_Bq_lqoxxH4GVE,18OCXdxkP9yEJB3CIXShYtDqwAUs2mbQH,iStock-1495330391.jpg,https://drive.google.com/file/d/18OCXdxkP9yEJB3CIXShYtDqwAUs2mbQH/view?usp=drivesdk,image/jpeg,11269998,iStock,2026-02-25T00:14:48.572+05:30,,,,,,,,
3,1GwI7nT8jlllVvlVWGH_Bq_lqoxxH4GVE,187fftM4orgdP2ppmZQLlcE94u4T-SOEH,iStock-1496103633.jpg,https://drive.google.com/file/d/187fftM4orgdP2ppmZQLlcE94u4T-SOEH/view?usp=drivesdk,image/jpeg,8105362,iStock,2026-02-25T00:14:48.574+05:30,,,,,,,,
3,1GwI7nT8jlllVvlVWGH_Bq_lqoxxH4GVE,15hyiBa0Wf8hJLo6Tl1sDOYSrV1R_kCM5,iStock-1311858519.jpg,https://drive.google.com/file/d/15hyiBa0Wf8hJLo6Tl1sDOYSrV1R_kCM5/view?usp=drivesdk,image/jpeg,8097750,iStock,2026-02-25T00:14:48.576+05:30,,,,,,,,
3,1GwI7nT8jlllVvlVWGH_Bq_lqoxxH4GVE,151Og659bzgfg586MP730SdGAL-x2E8lm,iStock-1291013803.jpg,https://drive.google.com/file/d/151Og659bzgfg586MP730SdGAL-x2E8lm/view?usp=drivesdk,image/jpeg,8942734,iStock,2026-02-25T00:14:48.577+05:30,,,,,,,,
3,1GwI7nT8jlllVvlVWGH_Bq_lqoxxH4GVE,1506fDklRzDJRC6cqko7xeVDAx_p76cm4,iStock-1447073946.jpg,https://drive.google.com/file/d/1506fDklRzDJRC6cqko7xeVDAx_p76cm4/view?usp=drivesdk,image/jpeg,9796422,iStock,2026-02-25T00:14:48.578+05:30,,,,,,,,
3,1GwI7nT8jlllVvlVWGH_Bq_lqoxxH4GVE,14kUYqdN1_ltNvbOR67hoY_cAU9X9OADT,iStock-2171290788.jpg,https://drive.google.com/file/d/14kUYqdN1_ltNvbOR67hoY_cAU9X9OADT/view?usp=drivesdk,image/jpeg,2915148,iStock,2026-02-25T00:14:48.579+05:30,,,,,,,,
3,1GwI7nT8jlllVvlVWGH_Bq_lqoxxH4GVE,14Z2IU_zBQynPwTyqRsMN3c7Cu8ncaZfE,iStock-1369931137.jpg,https://drive.google.com/file/d/14Z2IU_zBQynPwTyqRsMN3c7Cu8ncaZfE/view?usp=drivesdk,image/jpeg,11465587,iStock,2026-02-25T00:14:48.580+05:30,,,,,,,,
3,1GwI7nT8jlllVvlVWGH_Bq_lqoxxH4GVE,14UT04Os8oZ7J_NsKFUDVPUXj2yrAZFuU,iStock-1835030467.jpg,https://drive.google.com/file/d/14UT04Os8oZ7J_NsKFUDVPUXj2yrAZFuU/view?usp=drivesdk,image/jpeg,2975661,iStock,2026-02-25T00:14:48.581+05:30,,,,,,,,
3,1GwI7nT8jlllVvlVWGH_Bq_lqoxxH4GVE,10afcPxNDTEcVXihAce8I7aF4K8lMJqMT,iStock-1701567293.jpg,https://drive.google.com/file/d/10afcPxNDTEcVXihAce8I7aF4K8lMJqMT/view?usp=drivesdk,image/jpeg,14474646,iStock,2026-02-25T00:14:48.582+05:30,,,,,,,,
3,1GwI7nT8jlllVvlVWGH_Bq_lqoxxH4GVE,1-LKUHDBc5uInMZqAl3QWyYEIyJ7PkwxZ,iStock-1836473566.jpg,https://drive.google.com/file/d/1-LKUHDBc5uInMZqAl3QWyYEIyJ7PkwxZ/view?usp=drivesdk,image/jpeg,6907749,iStock,2026-02-25T00:14:48.583+05:30,,,,,,,,
3,1GwI7nT8jlllVvlVWGH_Bq_lqoxxH4GVE,1Qoz_y9vgchI1LPl_NS_KPEDVFPxZxSU1,iStock-1303983439.jpg,https://drive.google.com/file/d/1Qoz_y9vgchI1LPl_NS_KPEDVFPxZxSU1/view?usp=drivesdk,image/jpeg,3255949,iStock,2026-02-25T00:14:48.584+05:30,,,,,,,,
3,1GwI7nT8jlllVvlVWGH_Bq_lqoxxH4GVE,1Qx_Z8LAqiGR7uiAU79_SIBL0_eIiXX1H,iStock-1194430816.jpg,https://drive.google.com/file/d/1Qx_Z8LAqiGR7uiAU79_SIBL0_eIiXX1H/view?usp=drivesdk,image/jpeg,2989637,iStock,2026-02-25T00:14:48.585+05:30,,,,,,,,
3,1GwI7nT8jlllVvlVWGH_Bq_lqoxxH4GVE,1R358vpeqzyrt5Y1NP61QCYHSi9QYTF1J,iStock-1148850814.jpg,https://drive.google.com/file/d/1R358vpeqzyrt5Y1NP61QCYHSi9QYTF1J/view?usp=drivesdk,image/jpeg,3889267,iStock,2026-02-25T00:14:48.586+05:30,,,,,,,,
3,1GwI7nT8jlllVvlVWGH_Bq_lqoxxH4GVE,1QlNyUxUbczGAPSTYM1nnab_8tp1-Oxrb,iStock-1637499963.jpg,https://drive.google.com/file/d/1QlNyUxUbczGAPSTYM1nnab_8tp1-Oxrb/view?usp=drivesdk,image/jpeg,9936636,iStock,2026-02-25T00:14:48.587+05:30,,,,,,,,
3,1GwI7nT8jlllVvlVWGH_Bq_lqoxxH4GVE,1Qom85fueUDmn1qx9ZdC7q07C9NFMQbqA,iStock-1500696979.jpg,https://drive.google.com/file/d/1Qom85fueUDmn1qx9ZdC7q07C9NFMQbqA/view?usp=drivesdk,image/jpeg,6403773,iStock,2026-02-25T00:14:48.587+05:30,,,,,,,,
3,1GwI7nT8jlllVvlVWGH_Bq_lqoxxH4GVE,1QffBUhgdN5uonOIuasKGAyVx6L5f4WMk,iStock-1346929921.jpg,https://drive.google.com/file/d/1QffBUhgdN5uonOIuasKGAyVx6L5f4WMk/view?usp=drivesdk,image/jpeg,14526532,iStock,2026-02-25T00:14:48.588+05:30,,,,,,,,
3,1GwI7nT8jlllVvlVWGH_Bq_lqoxxH4GVE,1QT-Yx-Cvs_vpHfliLtcn32beAdZpwFy1,iStock-1135957638.jpg,https://drive.google.com/file/d/1QT-Yx-Cvs_vpHfliLtcn32beAdZpwFy1/view?usp=drivesdk,image/jpeg,7884282,iStock,2026-02-25T00:14:48.589+05:30,,,,,,,,
3,1GwI7nT8jlllVvlVWGH_Bq_lqoxxH4GVE,1QRfcqCp9Gwrpq3_FhGVQOIbWYEbPtkuI,iStock-1716487516.jpg,https://drive.google.com/file/d/1QRfcqCp9Gwrpq3_FhGVQOIbWYEbPtkuI/view?usp=drivesdk,image/jpeg,8255463,iStock,2026-02-25T00:14:48.590+05:30,,,,,,,,
3,1GwI7nT8jlllVvlVWGH_Bq_lqoxxH4GVE,1E9Q1xEUNowPiKUOPF7qJWPYqv3k7S3g_,iStock-1488115481.jpg,https://drive.google.com/file/d/1E9Q1xEUNowPiKUOPF7qJWPYqv3k7S3g_/view?usp=drivesdk,image/jpeg,4308323,iStock,2026-02-25T00:14:48.591+05:30,,,,,,,,
3,1GwI7nT8jlllVvlVWGH_Bq_lqoxxH4GVE,1E3AM_qFMksr2DPyX60jEvGCPUvCs0ukB,iStock-108178309.jpg,https://drive.google.com/file/d/1E3AM_qFMksr2DPyX60jEvGCPUvCs0ukB/view?usp=drivesdk,image/jpeg,2462926,iStock,2026-02-25T00:14:48.592+05:30,,,,,,,,
3,1GwI7nT8jlllVvlVWGH_Bq_lqoxxH4GVE,1DiqMWjlJZ8wK32RDDj90COG8GqSvJIzA,iStock-1481369283.jpg,https://drive.google.com/file/d/1DiqMWjlJZ8wK32RDDj90COG8GqSvJIzA/view?usp=drivesdk,image/jpeg,6969163,iStock,2026-02-25T00:14:48.593+05:30,,,,,,,,
3,1GwI7nT8jlllVvlVWGH_Bq_lqoxxH4GVE,1DUkCpafH99d23-0Ds3IMFzWBo28J6jc2,iStock-155616939.jpg,https://drive.google.com/file/d/1DUkCpafH99d23-0Ds3IMFzWBo28J6jc2/view?usp=drivesdk,image/jpeg,7866671,iStock,2026-02-25T00:14:48.594+05:30,,,,,,,,
3,1GwI7nT8jlllVvlVWGH_Bq_lqoxxH4GVE,1D6UrCyDKHZItK_-aVAqVa_e8V_-yvlzh,iStock-484892584.png,https://drive.google.com/file/d/1D6UrCyDKHZItK_-aVAqVa_e8V_-yvlzh/view?usp=drivesdk,image/png,3369178,iStock,2026-02-25T00:14:48.595+05:30,,,,,,,,
3,1GwI7nT8jlllVvlVWGH_Bq_lqoxxH4GVE,1CrtKPkIT5I9Jh-6iF1PzeljJNRhKMk3Q,iStock-1010593510.jpg,https://drive.google.com/file/d/1CrtKPkIT5I9Jh-6iF1PzeljJNRhKMk3Q/view?usp=drivesdk,image/jpeg,13407973,iStock,2026-02-25T00:14:48.596+05:30,,,,,,,,
3,1GwI7nT8jlllVvlVWGH_Bq_lqoxxH4GVE,1C_Qgfnbhrt_LO0mOeqjfjGfSDcagyyeB,iStock-1256978746.jpg,https://drive.google.com/file/d/1C_Qgfnbhrt_LO0mOeqjfjGfSDcagyyeB/view?usp=drivesdk,image/jpeg,7391705,iStock,2026-02-25T00:14:48.597+05:30,,,,,,,,
3,1GwI7nT8jlllVvlVWGH_Bq_lqoxxH4GVE,1CXHVN441pLpJ03WogGAWXUqYYXMZjRDt,iStock-1152446354.jpg,https://drive.google.com/file/d/1CXHVN441pLpJ03WogGAWXUqYYXMZjRDt/view?usp=drivesdk,image/jpeg,9729889,iStock,2026-02-25T00:14:48.598+05:30,,,,,,,,
3,1GwI7nT8jlllVvlVWGH_Bq_lqoxxH4GVE,10Fom7KW3UeVOTxLVHCTXp_1xvVX9KyM_,iStock-1289228164.jpg,https://drive.google.com/file/d/10Fom7KW3UeVOTxLVHCTXp_1xvVX9KyM_/view?usp=drivesdk,image/jpeg,8589372,iStock,2026-02-25T00:14:48.600+05:30,,,,,,,,
3,1GwI7nT8jlllVvlVWGH_Bq_lqoxxH4GVE,1098mwY2HOq4P0-YyiqNTTzVfh9duOt6o,iStock-1344688192.jpg,https://drive.google.com/file/d/1098mwY2HOq4P0-YyiqNTTzVfh9duOt6o/view?usp=drivesdk,image/jpeg,14852614,iStock,2026-02-25T00:14:48.601+05:30,,,,,,,,
3,1GwI7nT8jlllVvlVWGH_Bq_lqoxxH4GVE,108hO3etxaQ23_1bO-u_UJAzstz70UZvX,iStock-1146422993.jpg,https://drive.google.com/file/d/108hO3etxaQ23_1bO-u_UJAzstz70UZvX/view?usp=drivesdk,image/jpeg,8580234,iStock,2026-02-25T00:14:48.602+05:30,,,,,,,,
3,1GwI7nT8jlllVvlVWGH_Bq_lqoxxH4GVE,106qLhQ43gb0n2xqUm3K5nqcIDAV7zRo8,iStock-696236982.jpg,https://drive.google.com/file/d/106qLhQ43gb0n2xqUm3K5nqcIDAV7zRo8/view?usp=drivesdk,image/jpeg,10799458,iStock,2026-02-25T00:14:48.603+05:30,,,,,,,,
3,1GwI7nT8jlllVvlVWGH_Bq_lqoxxH4GVE,102e1WbYkuAE8HCYWCc_aRG5_AcShh7Wj,iStock-1396360485.jpg,https://drive.google.com/file/d/102e1WbYkuAE8HCYWCc_aRG5_AcShh7Wj/view?usp=drivesdk,image/jpeg,14317420,iStock,2026-02-25T00:14:48.604+05:30,,,,,,,,
3,1GwI7nT8jlllVvlVWGH_Bq_lqoxxH4GVE,1-zjua4LgAGLK4LOpgM0ozacBdzeeO2bX,iStock-1473078026.jpg,https://drive.google.com/file/d/1-zjua4LgAGLK4LOpgM0ozacBdzeeO2bX/view?usp=drivesdk,image/jpeg,2411022,iStock,2026-02-25T00:14:48.605+05:30,,,,,,,,
3,1GwI7nT8jlllVvlVWGH_Bq_lqoxxH4GVE,11_8UhEWemlaR8Ie5ayrJ-AD-8JCPrLt2,iStock-1518868684.jpg,https://drive.google.com/file/d/11_8UhEWemlaR8Ie5ayrJ-AD-8JCPrLt2/view?usp=drivesdk,image/jpeg,8317032,iStock,2026-02-25T00:14:48.609+05:30,,,,,,,,
3,1GwI7nT8jlllVvlVWGH_Bq_lqoxxH4GVE,1GoS1nBtfdes0fPFPPh1ezPfBGtKzLpqy,iStock-1394877446.jpg,https://drive.google.com/file/d/1GoS1nBtfdes0fPFPPh1ezPfBGtKzLpqy/view?usp=drivesdk,image/jpeg,1752462,iStock,2026-02-25T00:14:48.610+05:30,,,,,,,,
3,1GwI7nT8jlllVvlVWGH_Bq_lqoxxH4GVE,1r49f9NxdAZJG9l_RlpFiUL0SKnXBrcsc,iStock-533859456.jpg,https://drive.google.com/file/d/1r49f9NxdAZJG9l_RlpFiUL0SKnXBrcsc/view?usp=drivesdk,image/jpeg,8968511,iStock,2026-02-25T00:14:48.611+05:30,,,,,,,,
3,1GwI7nT8jlllVvlVWGH_Bq_lqoxxH4GVE,1XQbsjXkeQvD67ySAZcR9JZHkyhMGkevX,iStock-952063610.jpg,https://drive.google.com/file/d/1XQbsjXkeQvD67ySAZcR9JZHkyhMGkevX/view?usp=drivesdk,image/jpeg,5395755,iStock,2026-02-25T00:14:48.612+05:30,,,,,,,,
3,1GwI7nT8jlllVvlVWGH_Bq_lqoxxH4GVE,11eUDVXHyadPn4Vnh4xg-wSwaXoWPeQ55,iStock-913582690.jpg,https://drive.google.com/file/d/11eUDVXHyadPn4Vnh4xg-wSwaXoWPeQ55/view?usp=drivesdk,image/jpeg,7935965,iStock,2026-02-25T00:14:48.613+05:30,,,,,,,,
3,1GwI7nT8jlllVvlVWGH_Bq_lqoxxH4GVE,1m4RyC9tW_1bjMyToif0KoTQoQ5owzMLR,iStock-1363104948.jpg,https://drive.google.com/file/d/1m4RyC9tW_1bjMyToif0KoTQoQ5owzMLR/view?usp=drivesdk,image/jpeg,2912205,iStock,2026-02-25T00:14:48.615+05:30,,,,,,,,
3,1GwI7nT8jlllVvlVWGH_Bq_lqoxxH4GVE,1DK3YPfzTgFmdTpEGlz2iFx3AY7tUlAfU,iStock-811259584.jpg,https://drive.google.com/file/d/1DK3YPfzTgFmdTpEGlz2iFx3AY7tUlAfU/view?usp=drivesdk,image/jpeg,3609973,iStock,2026-02-25T00:14:48.616+05:30,,,,,,,,
3,1GwI7nT8jlllVvlVWGH_Bq_lqoxxH4GVE,1rjbhAq_-q3Vy2qedLRMJCHf0up9C6--d,iStock-1188929896.jpg,https://drive.google.com/file/d/1rjbhAq_-q3Vy2qedLRMJCHf0up9C6--d/view?usp=drivesdk,image/jpeg,11465810,iStock,2026-02-25T00:14:48.617+05:30,,,,,,,,
3,1GwI7nT8jlllVvlVWGH_Bq_lqoxxH4GVE,1GJEtv3wikS6RVHoo3tmWks0Fm6sqKbje,iStock-1061522398.jpg,https://drive.google.com/file/d/1GJEtv3wikS6RVHoo3tmWks0Fm6sqKbje/view?usp=drivesdk,image/jpeg,7162962,iStock,2026-02-25T00:14:48.618+05:30,,,,,,,,
3,1GwI7nT8jlllVvlVWGH_Bq_lqoxxH4GVE,1O-yTbiHW0VLfN0HqJsC8DUhHyli4lZuE,iStock-1179265332.jpg,https://drive.google.com/file/d/1O-yTbiHW0VLfN0HqJsC8DUhHyli4lZuE/view?usp=drivesdk,image/jpeg,14908935,iStock,2026-02-25T00:14:48.619+05:30,,,,,,,,
3,1GwI7nT8jlllVvlVWGH_Bq_lqoxxH4GVE,1S7le3ddO5A5PztB7ZllSUH9vQU3N2plj,iStock-1215248573.jpg,https://drive.google.com/file/d/1S7le3ddO5A5PztB7ZllSUH9vQU3N2plj/view?usp=drivesdk,image/jpeg,7420840,iStock,2026-02-25T00:14:48.620+05:30,,,,,,,,
3,1GwI7nT8jlllVvlVWGH_Bq_lqoxxH4GVE,1_aS_omqaXZIWcbMiXUDfjC7azLJY5hfx,iStock-1307143743.jpg,https://drive.google.com/file/d/1_aS_omqaXZIWcbMiXUDfjC7azLJY5hfx/view?usp=drivesdk,image/jpeg,6264252,iStock,2026-02-25T00:14:48.621+05:30,,,,,,,,
3,1GwI7nT8jlllVvlVWGH_Bq_lqoxxH4GVE,1fVSsgYBPxT-TtXiI89YdM5f4-H4dCnPE,iStock-1336716297.jpg,https://drive.google.com/file/d/1fVSsgYBPxT-TtXiI89YdM5f4-H4dCnPE/view?usp=drivesdk,image/jpeg,8374671,iStock,2026-02-25T00:14:48.622+05:30,,,,,,,,
3,1GwI7nT8jlllVvlVWGH_Bq_lqoxxH4GVE,1aDQ6YsYYEvVobALmqzrMDZHthAYlAm1u,iStock-1291083520.jpg,https://drive.google.com/file/d/1aDQ6YsYYEvVobALmqzrMDZHthAYlAm1u/view?usp=drivesdk,image/jpeg,5669731,iStock,2026-02-25T00:14:48.623+05:30,,,,,,,,
3,1GwI7nT8jlllVvlVWGH_Bq_lqoxxH4GVE,1C6FnXOgNAz083z3hTFy6G00gvyFNcOLN,iStock-1051659174.jpg,https://drive.google.com/file/d/1C6FnXOgNAz083z3hTFy6G00gvyFNcOLN/view?usp=drivesdk,image/jpeg,2263002,iStock,2026-02-25T00:14:48.623+05:30,,,,,,,,
3,1GwI7nT8jlllVvlVWGH_Bq_lqoxxH4GVE,1osUGb4130x_lESvoR9B7CqjDP7hZZiSk,iStock-1189050210.jpg,https://drive.google.com/file/d/1osUGb4130x_lESvoR9B7CqjDP7hZZiSk/view?usp=drivesdk,image/jpeg,11602439,iStock,2026-02-25T00:14:48.625+05:30,,,,,,,,
3,1GwI7nT8jlllVvlVWGH_Bq_lqoxxH4GVE,1hge-7NEAo0-7DT5Iurno8N32p0NmCpuo,iStock-1343574028.jpg,https://drive.google.com/file/d/1hge-7NEAo0-7DT5Iurno8N32p0NmCpuo/view?usp=drivesdk,image/jpeg,6762809,iStock,2026-02-25T00:14:48.627+05:30,,,,,,,,
3,1GwI7nT8jlllVvlVWGH_Bq_lqoxxH4GVE,14pz6ntGHlGLqJEtEnBUlTfs43-2J8U82,iStock-498627385.jpg,https://drive.google.com/file/d/14pz6ntGHlGLqJEtEnBUlTfs43-2J8U82/view?usp=drivesdk,image/jpeg,7421825,iStock,2026-02-25T00:14:48.628+05:30,,,,,,,,
3,1GwI7nT8jlllVvlVWGH_Bq_lqoxxH4GVE,1Tw099zxMiDBlfnaX97L6n2X_WNfDknri,iStock-1322663279.jpg,https://drive.google.com/file/d/1Tw099zxMiDBlfnaX97L6n2X_WNfDknri/view?usp=drivesdk,image/jpeg,6412180,iStock,2026-02-25T00:14:48.629+05:30,,,,,,,,
3,1GwI7nT8jlllVvlVWGH_Bq_lqoxxH4GVE,1eaJ--Z3VJ5SNJy8MWdU8SHZG6C47jJVV,iStock-1254895286.jpg,https://drive.google.com/file/d/1eaJ--Z3VJ5SNJy8MWdU8SHZG6C47jJVV/view?usp=drivesdk,image/jpeg,11807474,iStock,2026-02-25T00:14:48.629+05:30,,,,,,,,
3,1GwI7nT8jlllVvlVWGH_Bq_lqoxxH4GVE,1eufOhNxKrYeaC1SJnbDNe7SPTvpCENgO,iStock-1323484084.jpg,https://drive.google.com/file/d/1eufOhNxKrYeaC1SJnbDNe7SPTvpCENgO/view?usp=drivesdk,image/jpeg,714821,iStock,2026-02-25T00:14:48.630+05:30,,,,,,,,
3,1GwI7nT8jlllVvlVWGH_Bq_lqoxxH4GVE,1ex1iXSrjkSnF2B_jXyAF6dqsgW4CCsAI,iStock-1287244680.jpg,https://drive.google.com/file/d/1ex1iXSrjkSnF2B_jXyAF6dqsgW4CCsAI/view?usp=drivesdk,image/jpeg,496672,iStock,2026-02-25T00:14:48.631+05:30,,,,,,,,
3,1GwI7nT8jlllVvlVWGH_Bq_lqoxxH4GVE,1fEq6NXNKH7CEDrSnmfSa4BFEjaFb5S6z,iStock-1486530377.jpg,https://drive.google.com/file/d/1fEq6NXNKH7CEDrSnmfSa4BFEjaFb5S6z/view?usp=drivesdk,image/jpeg,397076,iStock,2026-02-25T00:14:48.632+05:30,,,,,,,,
3,1GwI7nT8jlllVvlVWGH_Bq_lqoxxH4GVE,1fS6BiXeazDcXwlVFWSqqWTCdP-JdqyaH,iStock-1418473693.jpg,https://drive.google.com/file/d/1fS6BiXeazDcXwlVFWSqqWTCdP-JdqyaH/view?usp=drivesdk,image/jpeg,392852,iStock,2026-02-25T00:14:48.633+05:30,,,,,,,,
3,1GwI7nT8jlllVvlVWGH_Bq_lqoxxH4GVE,1fWAfPRUJQYIgbetzGoETSjVkJ9O32zYl,iStock-1364586136.jpg,https://drive.google.com/file/d/1fWAfPRUJQYIgbetzGoETSjVkJ9O32zYl/view?usp=drivesdk,image/jpeg,987545,iStock,2026-02-25T00:14:48.634+05:30,,,,,,,,
3,1GwI7nT8jlllVvlVWGH_Bq_lqoxxH4GVE,1fKsX9uv_26TYGql-r9jwki3N_XWhY4UE,iStock-1435491075.jpg,https://drive.google.com/file/d/1fKsX9uv_26TYGql-r9jwki3N_XWhY4UE/view?usp=drivesdk,image/jpeg,565625,iStock,2026-02-25T00:14:48.635+05:30,,,,,,,,
3,1GwI7nT8jlllVvlVWGH_Bq_lqoxxH4GVE,1ir58GUWCwQTmQ4UW5EO7eTLnl4qTWO1L,iStock-1478962695.jpg,https://drive.google.com/file/d/1ir58GUWCwQTmQ4UW5EO7eTLnl4qTWO1L/view?usp=drivesdk,image/jpeg,11408818,iStock,2026-02-25T00:14:48.636+05:30,,,,,,,,
3,1GwI7nT8jlllVvlVWGH_Bq_lqoxxH4GVE,1t2iWSKY4nmqj8-Mr_q-3DrWY4_JRrs-s,iStock-625686044.jpg,https://drive.google.com/file/d/1t2iWSKY4nmqj8-Mr_q-3DrWY4_JRrs-s/view?usp=drivesdk,image/jpeg,11729466,iStock,2026-02-25T00:14:48.637+05:30,,,,,,,,
3,1GwI7nT8jlllVvlVWGH_Bq_lqoxxH4GVE,1sv5pb8wWR4rO5CCGhrYNpG69uQlJ_2ff,iStock-1404167759.jpg,https://drive.google.com/file/d/1sv5pb8wWR4rO5CCGhrYNpG69uQlJ_2ff/view?usp=drivesdk,image/jpeg,6952852,iStock,2026-02-25T00:14:48.638+05:30,,,,,,,,
3,1GwI7nT8jlllVvlVWGH_Bq_lqoxxH4GVE,1suUMkQK91VyRZD-6TKAdklHqNT2YEBiC,iStock-1347652268.jpg,https://drive.google.com/file/d/1suUMkQK91VyRZD-6TKAdklHqNT2YEBiC/view?usp=drivesdk,image/jpeg,11824060,iStock,2026-02-25T00:14:48.640+05:30,,,,,,,,
3,1GwI7nT8jlllVvlVWGH_Bq_lqoxxH4GVE,1sqwBvKXXRlTctZT7gnN_ANPuyq_qmj92,iStock-1205481855.jpg,https://drive.google.com/file/d/1sqwBvKXXRlTctZT7gnN_ANPuyq_qmj92/view?usp=drivesdk,image/jpeg,7756051,iStock,2026-02-25T00:14:48.643+05:30,,,,,,,,
3,1GwI7nT8jlllVvlVWGH_Bq_lqoxxH4GVE,1sUMRVlT349cQF2IeQjc2CzjbrRHRXxcz,iStock-1205373417.jpg,https://drive.google.com/file/d/1sUMRVlT349cQF2IeQjc2CzjbrRHRXxcz/view?usp=drivesdk,image/jpeg,6962596,iStock,2026-02-25T00:14:48.644+05:30,,,,,,,,
3,1GwI7nT8jlllVvlVWGH_Bq_lqoxxH4GVE,1sHJEpSmeWxov7nT92hh8Olp3ExQqaYcN,iStock-1132190409.jpg,https://drive.google.com/file/d/1sHJEpSmeWxov7nT92hh8Olp3ExQqaYcN/view?usp=drivesdk,image/jpeg,8486770,iStock,2026-02-25T00:14:48.646+05:30,,,,,,,,
3,1GwI7nT8jlllVvlVWGH_Bq_lqoxxH4GVE,1s8kp34zt6aeaJJtmbWIZnM99FOV6AsAh,iStock-1068340648.jpg,https://drive.google.com/file/d/1s8kp34zt6aeaJJtmbWIZnM99FOV6AsAh/view?usp=drivesdk,image/jpeg,9290693,iStock,2026-02-25T00:14:48.647+05:30,,,,,,,,
3,1GwI7nT8jlllVvlVWGH_Bq_lqoxxH4GVE,1s2ef_qcNohGj2Be5-Scm2miS4M4cO96c,iStock-1023224312.jpg,https://drive.google.com/file/d/1s2ef_qcNohGj2Be5-Scm2miS4M4cO96c/view?usp=drivesdk,image/jpeg,2545853,iStock,2026-02-25T00:14:48.648+05:30,,,,,,,,
3,1GwI7nT8jlllVvlVWGH_Bq_lqoxxH4GVE,1s2XKJOlqw3hW-vS8xhweNvawalYmIIdz,iStock-1020547796.jpg,https://drive.google.com/file/d/1s2XKJOlqw3hW-vS8xhweNvawalYmIIdz/view?usp=drivesdk,image/jpeg,10100422,iStock,2026-02-25T00:14:48.649+05:30,,,,,,,,
3,1GwI7nT8jlllVvlVWGH_Bq_lqoxxH4GVE,1s1H3SEFXWctTOQXYSr1DJjMi-G6msG0H,iStock-1005952026.jpg,https://drive.google.com/file/d/1s1H3SEFXWctTOQXYSr1DJjMi-G6msG0H/view?usp=drivesdk,image/jpeg,9213443,iStock,2026-02-25T00:14:48.649+05:30,,,,,,,,
3,1GwI7nT8jlllVvlVWGH_Bq_lqoxxH4GVE,1s1FmV_9bf4wXsB5d8run1ClWE3zqSGVH,iStock-637945960.jpg,https://drive.google.com/file/d/1s1FmV_9bf4wXsB5d8run1ClWE3zqSGVH/view?usp=drivesdk,image/jpeg,13309567,iStock,2026-02-25T00:14:48.650+05:30,,,,,,,,
3,1GwI7nT8jlllVvlVWGH_Bq_lqoxxH4GVE,1wvTMU0zxjeXYYuTGdEegA_uq9cjc5z_X,iStock-1382650633.jpg,https://drive.google.com/file/d/1wvTMU0zxjeXYYuTGdEegA_uq9cjc5z_X/view?usp=drivesdk,image/jpeg,6924741,iStock,2026-02-25T00:14:48.651+05:30,,,,,,,,
3,1GwI7nT8jlllVvlVWGH_Bq_lqoxxH4GVE,1u4m8076bYr-3Ew-iXXPzzZ-fzxsTOKxn,181.iStock.jpg,https://drive.google.com/file/d/1u4m8076bYr-3Ew-iXXPzzZ-fzxsTOKxn/view?usp=drivesdk,image/jpeg,2306762,iStock,2026-02-25T00:14:48.652+05:30,,,,,,,,
3,1GwI7nT8jlllVvlVWGH_Bq_lqoxxH4GVE,1xycHGsa8Zlr0zrJcSo0NY6AXzXGVsW7l,iStock-1349722626.jpg,https://drive.google.com/file/d/1xycHGsa8Zlr0zrJcSo0NY6AXzXGVsW7l/view?usp=drivesdk,image/jpeg,500130,iStock,2026-02-25T00:14:48.653+05:30,,,,,,,,
3,1GwI7nT8jlllVvlVWGH_Bq_lqoxxH4GVE,1fFzppyrWmRxeu2GcflRaIPss2az99SD_,iStock-1269132333.jpg,https://drive.google.com/file/d/1fFzppyrWmRxeu2GcflRaIPss2az99SD_/view?usp=drivesdk,image/jpeg,538209,iStock,2026-02-25T00:14:48.654+05:30,,,,,,,,
3,1GwI7nT8jlllVvlVWGH_Bq_lqoxxH4GVE,1yRlANLLc6vFEgUf8Uk9dLWQUztI3LMQt,iStock-1218015100.jpg,https://drive.google.com/file/d/1yRlANLLc6vFEgUf8Uk9dLWQUztI3LMQt/view?usp=drivesdk,image/jpeg,485620,iStock,2026-02-25T00:14:48.655+05:30,,,,,,,,
3,1GwI7nT8jlllVvlVWGH_Bq_lqoxxH4GVE,1X_idhS-4sudPPUnVG8sBoPLM0ufc7PRj,iStock-122186795.jpg,https://drive.google.com/file/d/1X_idhS-4sudPPUnVG8sBoPLM0ufc7PRj/view?usp=drivesdk,image/jpeg,574374,iStock,2026-02-25T00:14:48.656+05:30,,,,,,,,
3,1GwI7nT8jlllVvlVWGH_Bq_lqoxxH4GVE,1_rsjiw09aw9RNT-tjiEoPmocl-bk3SqO,iStock-1066762856.jpg,https://drive.google.com/file/d/1_rsjiw09aw9RNT-tjiEoPmocl-bk3SqO/view?usp=drivesdk,image/jpeg,987112,iStock,2026-02-25T00:14:48.657+05:30,,,,,,,,
3,1GwI7nT8jlllVvlVWGH_Bq_lqoxxH4GVE,1eurm-Nty58mDu3cwuR7_ofkWlFvYCbua,iStock-1304476690.jpg,https://drive.google.com/file/d/1eurm-Nty58mDu3cwuR7_ofkWlFvYCbua/view?usp=drivesdk,image/jpeg,328289,iStock,2026-02-25T00:14:48.658+05:30,,,,,,,,
3,1GwI7nT8jlllVvlVWGH_Bq_lqoxxH4GVE,1fBxHLaCsfEchtYQ-ClKHCkDbFqSXEwe6,iStock-697940466.jpg,https://drive.google.com/file/d/1fBxHLaCsfEchtYQ-ClKHCkDbFqSXEwe6/view?usp=drivesdk,image/jpeg,375099,iStock,2026-02-25T00:14:48.658+05:30,,,,,,,,
3,1GwI7nT8jlllVvlVWGH_Bq_lqoxxH4GVE,1f750VclqIIhm6PIwDUl1dYO6tpAYl_AQ,iStock-859896852.jpg,https://drive.google.com/file/d/1f750VclqIIhm6PIwDUl1dYO6tpAYl_AQ/view?usp=drivesdk,image/jpeg,409287,iStock,2026-02-25T00:14:48.659+05:30,,,,,,,,
3,1GwI7nT8jlllVvlVWGH_Bq_lqoxxH4GVE,1f5is_-O4NPWBvQlRV8pq-IQ3Ojk0TpDw,iStock-962094986.jpg,https://drive.google.com/file/d/1f5is_-O4NPWBvQlRV8pq-IQ3Ojk0TpDw/view?usp=drivesdk,image/jpeg,552873,iStock,2026-02-25T00:14:48.660+05:30,,,,,,,,
3,1GwI7nT8jlllVvlVWGH_Bq_lqoxxH4GVE,1ezmEiNPBkw0dFoaBR0VJklLAlRwRzV_j,iStock-1206796363.jpg,https://drive.google.com/file/d/1ezmEiNPBkw0dFoaBR0VJklLAlRwRzV_j/view?usp=drivesdk,image/jpeg,355535,iStock,2026-02-25T00:14:48.661+05:30,,,,,,,,
3,1GwI7nT8jlllVvlVWGH_Bq_lqoxxH4GVE,1fITXJzNQ21_iP2-sZalOtxppIpW8agUQ,iStock-1440671242.jpg,https://drive.google.com/file/d/1fITXJzNQ21_iP2-sZalOtxppIpW8agUQ/view?usp=drivesdk,image/jpeg,457574,iStock,2026-02-25T00:14:48.662+05:30,,,,,,,,
3,1GwI7nT8jlllVvlVWGH_Bq_lqoxxH4GVE,1fWYEnWQWDNmj8O3aKB5dm9l3YAs2NjEo,iStock-1357049047.jpg,https://drive.google.com/file/d/1fWYEnWQWDNmj8O3aKB5dm9l3YAs2NjEo/view?usp=drivesdk,image/jpeg,1199320,iStock,2026-02-25T00:14:48.663+05:30,,,,,,,,
3,1GwI7nT8jlllVvlVWGH_Bq_lqoxxH4GVE,13QQ0KUOB2YmN8qbcALPwuMJ0hUQcVlLO,iStock-1204339691.png,https://drive.google.com/file/d/13QQ0KUOB2YmN8qbcALPwuMJ0hUQcVlLO/view?usp=drivesdk,image/png,960699,iStock,2026-02-25T00:14:48.664+05:30,,,,,,,,
3,1GwI7nT8jlllVvlVWGH_Bq_lqoxxH4GVE,1bJt2g2EZDFFmoMp-Pmgzjn3NqPk532LC,iStock-1415099907.jpg,https://drive.google.com/file/d/1bJt2g2EZDFFmoMp-Pmgzjn3NqPk532LC/view?usp=drivesdk,image/jpeg,4006278,iStock,2026-02-25T00:14:48.665+05:30,,,,,,,,
3,1GwI7nT8jlllVvlVWGH_Bq_lqoxxH4GVE,1x0BXi-aWKHFNUJElCM-3YU-QEFM8sUy3,iStock-1069490054.jpg,https://drive.google.com/file/d/1x0BXi-aWKHFNUJElCM-3YU-QEFM8sUy3/view?usp=drivesdk,image/jpeg,7231943,iStock,2026-02-25T00:14:48.666+05:30,,,,,,,,
3,1GwI7nT8jlllVvlVWGH_Bq_lqoxxH4GVE,1OtKpW7mTEdI8U7HI3AbZsbGVERJ3K_4k,iStock-1294339697.jpg,https://drive.google.com/file/d/1OtKpW7mTEdI8U7HI3AbZsbGVERJ3K_4k/view?usp=drivesdk,image/jpeg,3486599,iStock,2026-02-25T00:14:48.667+05:30,,,,,,,,
3,1GwI7nT8jlllVvlVWGH_Bq_lqoxxH4GVE,1qEEqHw-Uxld5S7PEdztUo-z3KXGmU_u4,iStock-1310129219.jpg,https://drive.google.com/file/d/1qEEqHw-Uxld5S7PEdztUo-z3KXGmU_u4/view?usp=drivesdk,image/jpeg,9908653,iStock,2026-02-25T00:14:48.669+05:30,,,,,,,,
3,1GwI7nT8jlllVvlVWGH_Bq_lqoxxH4GVE,1VVc4s-vKP1prIVgHpGul8wYooVEHzMer,iStock-520791880.jpg,https://drive.google.com/file/d/1VVc4s-vKP1prIVgHpGul8wYooVEHzMer/view?usp=drivesdk,image/jpeg,7639714,iStock,2026-02-25T00:14:48.672+05:30,,,,,,,,
3,1GwI7nT8jlllVvlVWGH_Bq_lqoxxH4GVE,1lk0xZ1gmVd7UHsCrdoEfBGMdJdRvEb5B,iStock-1153350345.jpg,https://drive.google.com/file/d/1lk0xZ1gmVd7UHsCrdoEfBGMdJdRvEb5B/view?usp=drivesdk,image/jpeg,7593979,iStock,2026-02-25T00:14:48.673+05:30,,,,,,,,
3,1GwI7nT8jlllVvlVWGH_Bq_lqoxxH4GVE,1SELjhYff15NVSKTYg5yJ2UinZ71fCqks,iStock-1363276509.jpg,https://drive.google.com/file/d/1SELjhYff15NVSKTYg5yJ2UinZ71fCqks/view?usp=drivesdk,image/jpeg,3726376,iStock,2026-02-25T00:14:48.674+05:30,,,,,,,,
3,1GwI7nT8jlllVvlVWGH_Bq_lqoxxH4GVE,1erBgUf03mCDc5Byg8FhCsYhkHRJvK4Ty,iStock-1148195855.jpg,https://drive.google.com/file/d/1erBgUf03mCDc5Byg8FhCsYhkHRJvK4Ty/view?usp=drivesdk,image/jpeg,4319225,iStock,2026-02-25T00:14:48.675+05:30,,,,,,,,
3,1GwI7nT8jlllVvlVWGH_Bq_lqoxxH4GVE,1MzuM2tFZ7wAncoA0lRb3JIHBgWScC-mF,iStock-1408070792.jpg,https://drive.google.com/file/d/1MzuM2tFZ7wAncoA0lRb3JIHBgWScC-mF/view?usp=drivesdk,image/jpeg,11557695,iStock,2026-02-25T00:14:48.676+05:30,,,,,,,,
3,1GwI7nT8jlllVvlVWGH_Bq_lqoxxH4GVE,1IVUrxjN8yi7QuOWf04qf1kPYyfr8I2Iv,iStock-1218511257.jpg,https://drive.google.com/file/d/1IVUrxjN8yi7QuOWf04qf1kPYyfr8I2Iv/view?usp=drivesdk,image/jpeg,9599859,iStock,2026-02-25T00:14:48.677+05:30,,,,,,,,
3,1GwI7nT8jlllVvlVWGH_Bq_lqoxxH4GVE,1TEY4jPCOiyucbrDtAI7i9TGwyJstcLBc,iStock-1413642645.jpg,https://drive.google.com/file/d/1TEY4jPCOiyucbrDtAI7i9TGwyJstcLBc/view?usp=drivesdk,image/jpeg,3918381,iStock,2026-02-25T00:14:48.678+05:30,,,,,,,,
3,1GwI7nT8jlllVvlVWGH_Bq_lqoxxH4GVE,14c39uu6GLkz-CMgB_dwqPXWxeBcbjRYQ,iStock-965424592.jpg,https://drive.google.com/file/d/14c39uu6GLkz-CMgB_dwqPXWxeBcbjRYQ/view?usp=drivesdk,image/jpeg,4025420,iStock,2026-02-25T00:14:48.679+05:30,,,,,,,,
3,1GwI7nT8jlllVvlVWGH_Bq_lqoxxH4GVE,1bAVftyassTYDnhu2cJWuqcfEFVSdmZA4,iStock-1294781573.jpg,https://drive.google.com/file/d/1bAVftyassTYDnhu2cJWuqcfEFVSdmZA4/view?usp=drivesdk,image/jpeg,7703328,iStock,2026-02-25T00:14:48.680+05:30,,,,,,,,
3,1GwI7nT8jlllVvlVWGH_Bq_lqoxxH4GVE,1bYi8uGltmB6d9q0CPz1Q5e_S-W6YlOgv,iStock-874813790.jpg,https://drive.google.com/file/d/1bYi8uGltmB6d9q0CPz1Q5e_S-W6YlOgv/view?usp=drivesdk,image/jpeg,6664426,iStock,2026-02-25T00:14:48.681+05:30,,,,,,,,
3,1GwI7nT8jlllVvlVWGH_Bq_lqoxxH4GVE,1ot09n1FWVMLXLkayspQCfju2QDTAHPe4,iStock-1176842849.jpg,https://drive.google.com/file/d/1ot09n1FWVMLXLkayspQCfju2QDTAHPe4/view?usp=drivesdk,image/jpeg,4807301,iStock,2026-02-25T00:14:48.682+05:30,,,,,,,,
3,1GwI7nT8jlllVvlVWGH_Bq_lqoxxH4GVE,1OiO2JJcei9HnhyOUa9NDXweDYQ0_uG4E,iStock-875430130.jpg,https://drive.google.com/file/d/1OiO2JJcei9HnhyOUa9NDXweDYQ0_uG4E/view?usp=drivesdk,image/jpeg,8926784,iStock,2026-02-25T00:14:48.684+05:30,,,,,,,,
3,1GwI7nT8jlllVvlVWGH_Bq_lqoxxH4GVE,1SK2BlZ6wSRyv2Ex-rtkiti99Bg1MViio,iStock-1205212009.jpg,https://drive.google.com/file/d/1SK2BlZ6wSRyv2Ex-rtkiti99Bg1MViio/view?usp=drivesdk,image/jpeg,7255140,iStock,2026-02-25T00:14:48.685+05:30,,,,,,,,
3,1GwI7nT8jlllVvlVWGH_Bq_lqoxxH4GVE,11lBp-ePN0fw8u4H9SsQBYWOE4EtGPJN0,iStock-911974328.jpg,https://drive.google.com/file/d/11lBp-ePN0fw8u4H9SsQBYWOE4EtGPJN0/view?usp=drivesdk,image/jpeg,12126543,iStock,2026-02-25T00:14:48.687+05:30,,,,,,,,
3,1GwI7nT8jlllVvlVWGH_Bq_lqoxxH4GVE,1tvsMP8mPjJDDBjISgA3s7_GuNgXK6icq,iStock-1135957670.jpg,https://drive.google.com/file/d/1tvsMP8mPjJDDBjISgA3s7_GuNgXK6icq/view?usp=drivesdk,image/jpeg,6427552,iStock,2026-02-25T00:14:48.688+05:30,,,,,,,,
3,1GwI7nT8jlllVvlVWGH_Bq_lqoxxH4GVE,1xUSYB3S6joD4s3wyMRqtrNCMISApluI7,iStock-1179187299.jpg,https://drive.google.com/file/d/1xUSYB3S6joD4s3wyMRqtrNCMISApluI7/view?usp=drivesdk,image/jpeg,10293804,iStock,2026-02-25T00:14:48.689+05:30,,,,,,,,
3,1GwI7nT8jlllVvlVWGH_Bq_lqoxxH4GVE,1kg9T4MFd60ovxKD1JgmOBlFUa4XoRjQp,iStock-1569342085.jpg,https://drive.google.com/file/d/1kg9T4MFd60ovxKD1JgmOBlFUa4XoRjQp/view?usp=drivesdk,image/jpeg,12801502,iStock,2026-02-25T00:14:48.692+05:30,,,,,,,,
3,1GwI7nT8jlllVvlVWGH_Bq_lqoxxH4GVE,1CLeytVeFYJTMYlISMQyEVKFPZ6WfHgEU,iStock-529418686.jpg,https://drive.google.com/file/d/1CLeytVeFYJTMYlISMQyEVKFPZ6WfHgEU/view?usp=drivesdk,image/jpeg,10582381,iStock,2026-02-25T00:14:48.693+05:30,,,,,,,,
3,1GwI7nT8jlllVvlVWGH_Bq_lqoxxH4GVE,1QH-CP2lm7PHaMMNxsbfeMFI9lfepnWfJ,iStock-966826582.jpg,https://drive.google.com/file/d/1QH-CP2lm7PHaMMNxsbfeMFI9lfepnWfJ/view?usp=drivesdk,image/jpeg,4672622,iStock,2026-02-25T00:14:48.693+05:30,,,,,,,,
3,1GwI7nT8jlllVvlVWGH_Bq_lqoxxH4GVE,1pdJIW0B1pIAMBPONgdC3-JyEnTgDFYkt,iStock-957655302.jpg,https://drive.google.com/file/d/1pdJIW0B1pIAMBPONgdC3-JyEnTgDFYkt/view?usp=drivesdk,image/jpeg,3713766,iStock,2026-02-25T00:14:48.694+05:30,,,,,,,,
3,1GwI7nT8jlllVvlVWGH_Bq_lqoxxH4GVE,19B66cnCekcb6F0QrkJuoX4olVIr8GHyJ,iStock-1356364157.jpg,https://drive.google.com/file/d/19B66cnCekcb6F0QrkJuoX4olVIr8GHyJ/view?usp=drivesdk,image/jpeg,4175984,iStock,2026-02-25T00:14:48.696+05:30,,,,,,,,
3,1GwI7nT8jlllVvlVWGH_Bq_lqoxxH4GVE,1ZNMxdJjfbOpdRtUhltyDpJ1QJd4VsNod,iStock-1553012653.jpg,https://drive.google.com/file/d/1ZNMxdJjfbOpdRtUhltyDpJ1QJd4VsNod/view?usp=drivesdk,image/jpeg,8495962,iStock,2026-02-25T00:14:48.698+05:30,,,,,,,,
3,1GwI7nT8jlllVvlVWGH_Bq_lqoxxH4GVE,1ks3aBJpp-CaIC6OaQOJJxp9ExFf8ZQ9c,iStock-1354205261.jpg,https://drive.google.com/file/d/1ks3aBJpp-CaIC6OaQOJJxp9ExFf8ZQ9c/view?usp=drivesdk,image/jpeg,3608148,iStock,2026-02-25T00:14:48.699+05:30,,,,,,,,
3,1GwI7nT8jlllVvlVWGH_Bq_lqoxxH4GVE,18Up5Oy_n9cGds3y_8f9ekX7OziHO204_,iStock-1194430863.jpg,https://drive.google.com/file/d/18Up5Oy_n9cGds3y_8f9ekX7OziHO204_/view?usp=drivesdk,image/jpeg,3666126,iStock,2026-02-25T00:14:48.700+05:30,,,,,,,,
3,1GwI7nT8jlllVvlVWGH_Bq_lqoxxH4GVE,1E9i3zjbG826ks9cNvWFZqv0L4C9hpbZw,iStock-1406088800.jpg,https://drive.google.com/file/d/1E9i3zjbG826ks9cNvWFZqv0L4C9hpbZw/view?usp=drivesdk,image/jpeg,6449345,iStock,2026-02-25T00:14:48.701+05:30,,,,,,,,
3,1GwI7nT8jlllVvlVWGH_Bq_lqoxxH4GVE,1qco0NqjXoM_dvkJXkyhx-oA6P_lhJVFq,iStock-609072850.jpg,https://drive.google.com/file/d/1qco0NqjXoM_dvkJXkyhx-oA6P_lhJVFq/view?usp=drivesdk,image/jpeg,7617189,iStock,2026-02-25T00:14:48.702+05:30,,,,,,,,
3,1GwI7nT8jlllVvlVWGH_Bq_lqoxxH4GVE,16rNCnd9k_5y131NJ35Uc_PkF933VqNkB,iStock-598241764.jpg,https://drive.google.com/file/d/16rNCnd9k_5y131NJ35Uc_PkF933VqNkB/view?usp=drivesdk,image/jpeg,10407020,iStock,2026-02-25T00:14:48.703+05:30,,,,,,,,
3,1GwI7nT8jlllVvlVWGH_Bq_lqoxxH4GVE,12xTJOO61XWHldrBqqsEUfb4b93nVPbcU,iStock-1310475310.jpg,https://drive.google.com/file/d/12xTJOO61XWHldrBqqsEUfb4b93nVPbcU/view?usp=drivesdk,image/jpeg,12216926,iStock,2026-02-25T00:14:48.705+05:30,,,,,,,,
3,1GwI7nT8jlllVvlVWGH_Bq_lqoxxH4GVE,13sUHGor5MDiKfjtXFasV37TUs819EWSj,iStock-492596662.jpg,https://drive.google.com/file/d/13sUHGor5MDiKfjtXFasV37TUs819EWSj/view?usp=drivesdk,image/jpeg,12932046,iStock,2026-02-25T00:14:48.707+05:30,,,,,,,,
3,1GwI7nT8jlllVvlVWGH_Bq_lqoxxH4GVE,1RnwmrOoSAG_ZRWKU3H9XblLo5VtcFsFd,iStock-874603792.jpg,https://drive.google.com/file/d/1RnwmrOoSAG_ZRWKU3H9XblLo5VtcFsFd/view?usp=drivesdk,image/jpeg,11123438,iStock,2026-02-25T00:14:48.708+05:30,,,,,,,,
3,1GwI7nT8jlllVvlVWGH_Bq_lqoxxH4GVE,15KM-Sm6CoNRR32hnvpkIF4jN7PEDlp8D,iStock-1160700188.jpg,https://drive.google.com/file/d/15KM-Sm6CoNRR32hnvpkIF4jN7PEDlp8D/view?usp=drivesdk,image/jpeg,12899832,iStock,2026-02-25T00:14:48.709+05:30,,,,,,,,
3,1GwI7nT8jlllVvlVWGH_Bq_lqoxxH4GVE,128EjM_nHrJ3DmtAU4TVoAIFTB916FQV0,iStock-1169668290.jpg,https://drive.google.com/file/d/128EjM_nHrJ3DmtAU4TVoAIFTB916FQV0/view?usp=drivesdk,image/jpeg,8985508,iStock,2026-02-25T00:14:48.710+05:30,,,,,,,,
3,1GwI7nT8jlllVvlVWGH_Bq_lqoxxH4GVE,11Hpz2GWkpQzd6v9X4whEDBw2m06x4u_S,iStock-509615012.jpg,https://drive.google.com/file/d/11Hpz2GWkpQzd6v9X4whEDBw2m06x4u_S/view?usp=drivesdk,image/jpeg,8249661,iStock,2026-02-25T00:14:48.711+05:30,,,,,,,,
3,1GwI7nT8jlllVvlVWGH_Bq_lqoxxH4GVE,1iFd5j5E_WogA_Cb54k2Hu05F-b32c0-t,iStock-615726768.jpg,https://drive.google.com/file/d/1iFd5j5E_WogA_Cb54k2Hu05F-b32c0-t/view?usp=drivesdk,image/jpeg,11121115,iStock,2026-02-25T00:14:48.712+05:30,,,,,,,,
3,1GwI7nT8jlllVvlVWGH_Bq_lqoxxH4GVE,1fMCF4b_ijK74c2znOeLqD9OrZ0LdbKb3,iStock-1174689484.jpg,https://drive.google.com/file/d/1fMCF4b_ijK74c2znOeLqD9OrZ0LdbKb3/view?usp=drivesdk,image/jpeg,11359942,iStock,2026-02-25T00:14:48.713+05:30,,,,,,,,
3,1GwI7nT8jlllVvlVWGH_Bq_lqoxxH4GVE,1SKITV9515VNI6XJzzuKGuC88e7Vt8iD6,iStock-1129121397.jpg,https://drive.google.com/file/d/1SKITV9515VNI6XJzzuKGuC88e7Vt8iD6/view?usp=drivesdk,image/jpeg,12668241,iStock,2026-02-25T00:14:48.714+05:30,,,,,,,,
3,1GwI7nT8jlllVvlVWGH_Bq_lqoxxH4GVE,1tqlOLjEQMP2Z9G4mMoWrLhkNoP5WMzi-,iStock-1223929888.jpg,https://drive.google.com/file/d/1tqlOLjEQMP2Z9G4mMoWrLhkNoP5WMzi-/view?usp=drivesdk,image/jpeg,6280534,iStock,2026-02-25T00:14:48.715+05:30,,,,,,,,
3,1GwI7nT8jlllVvlVWGH_Bq_lqoxxH4GVE,1_BiXP6NvB3S6EGOoVyEi48NXfQ21_CE2,iStock-1278463443.jpg,https://drive.google.com/file/d/1_BiXP6NvB3S6EGOoVyEi48NXfQ21_CE2/view?usp=drivesdk,image/jpeg,11289442,iStock,2026-02-25T00:14:48.717+05:30,,,,,,,,
3,1GwI7nT8jlllVvlVWGH_Bq_lqoxxH4GVE,1izMbA-0knERzxEII1cp6kE9_vA1s7KGa,iStock-1293773578.jpg,https://drive.google.com/file/d/1izMbA-0knERzxEII1cp6kE9_vA1s7KGa/view?usp=drivesdk,image/jpeg,3765212,iStock,2026-02-25T00:14:48.718+05:30,,,,,,,,
3,1GwI7nT8jlllVvlVWGH_Bq_lqoxxH4GVE,1s9DkFGNmp9AKr5ccmCAhugfLmCqcPNzO,iStock-1150952747.jpg,https://drive.google.com/file/d/1s9DkFGNmp9AKr5ccmCAhugfLmCqcPNzO/view?usp=drivesdk,image/jpeg,14011515,iStock,2026-02-25T00:14:48.720+05:30,,,,,,,,
3,1GwI7nT8jlllVvlVWGH_Bq_lqoxxH4GVE,10Tj_Hqpi5Oq7RyubDqakkmb0egedVVHg,iStock-1192097505.jpg,https://drive.google.com/file/d/10Tj_Hqpi5Oq7RyubDqakkmb0egedVVHg/view?usp=drivesdk,image/jpeg,13801598,iStock,2026-02-25T00:14:48.721+05:30,,,,,,,,
3,1GwI7nT8jlllVvlVWGH_Bq_lqoxxH4GVE,1iUi5-weEV3DaCptj1DjfacuqToX74MC7,iStock-1224202684.jpg,https://drive.google.com/file/d/1iUi5-weEV3DaCptj1DjfacuqToX74MC7/view?usp=drivesdk,image/jpeg,4550374,iStock,2026-02-25T00:14:48.722+05:30,,,,,,,,
3,1GwI7nT8jlllVvlVWGH_Bq_lqoxxH4GVE,1mLMWIUUoAkuCqgH9wn1rSFZqf13XJrPZ,iStock-868718238.jpg,https://drive.google.com/file/d/1mLMWIUUoAkuCqgH9wn1rSFZqf13XJrPZ/view?usp=drivesdk,image/jpeg,9100389,iStock,2026-02-25T00:14:48.723+05:30,,,,,,,,
3,1GwI7nT8jlllVvlVWGH_Bq_lqoxxH4GVE,1-P_EgsnFhb4gNDj76lC1l9dfglKetz-v,iStock-1204732594.jpg,https://drive.google.com/file/d/1-P_EgsnFhb4gNDj76lC1l9dfglKetz-v/view?usp=drivesdk,image/jpeg,7395300,iStock,2026-02-25T00:14:48.724+05:30,,,,,,,,
3,1GwI7nT8jlllVvlVWGH_Bq_lqoxxH4GVE,1-iUoYnackx9KhUjZ3gnrRrVUCWsAk8w2,iStock-1498603091.jpg,https://drive.google.com/file/d/1-iUoYnackx9KhUjZ3gnrRrVUCWsAk8w2/view?usp=drivesdk,image/jpeg,14092838,iStock,2026-02-25T00:14:48.725+05:30,,,,,,,,
3,1GwI7nT8jlllVvlVWGH_Bq_lqoxxH4GVE,1yUQDO6pBIGi87Fz49HpZJVgGqBMSAXgM,iStock-1219714126.jpg,https://drive.google.com/file/d/1yUQDO6pBIGi87Fz49HpZJVgGqBMSAXgM/view?usp=drivesdk,image/jpeg,13724831,iStock,2026-02-25T00:14:48.729+05:30,,,,,,,,
3,1GwI7nT8jlllVvlVWGH_Bq_lqoxxH4GVE,1Ei6cQurQXlZL4zjR3Gw0-D2_HN6p_fki,iStock-1223150954.jpg,https://drive.google.com/file/d/1Ei6cQurQXlZL4zjR3Gw0-D2_HN6p_fki/view?usp=drivesdk,image/jpeg,11229791,iStock,2026-02-25T00:14:48.733+05:30,,,,,,,,
3,1GwI7nT8jlllVvlVWGH_Bq_lqoxxH4GVE,1re8ueC5h62etSuXGGAcl6bvt_pEg9q-T,iStock-1189050047.jpg,https://drive.google.com/file/d/1re8ueC5h62etSuXGGAcl6bvt_pEg9q-T/view?usp=drivesdk,image/jpeg,5098336,iStock,2026-02-25T00:14:48.734+05:30,,,,,,,,
3,1GwI7nT8jlllVvlVWGH_Bq_lqoxxH4GVE,13Ro4OORpLKCUXTqsLnGFmTlf_rvJYCP8,iStock-1206800961.jpg,https://drive.google.com/file/d/13Ro4OORpLKCUXTqsLnGFmTlf_rvJYCP8/view?usp=drivesdk,image/jpeg,2909761,iStock,2026-02-25T00:14:48.735+05:30,,,,,,,,
3,1GwI7nT8jlllVvlVWGH_Bq_lqoxxH4GVE,1ddQ2FWPhBwpS1I9D6kNJM4fj-Bx_BrSQ,iStock-1311598658.jpg,https://drive.google.com/file/d/1ddQ2FWPhBwpS1I9D6kNJM4fj-Bx_BrSQ/view?usp=drivesdk,image/jpeg,5051883,iStock,2026-02-25T00:14:48.736+05:30,,,,,,,,
3,1GwI7nT8jlllVvlVWGH_Bq_lqoxxH4GVE,1H5SkxNbwmF6ppPS1zim2KKrdZNNUOW0E,iStock-1255683032.jpg,https://drive.google.com/file/d/1H5SkxNbwmF6ppPS1zim2KKrdZNNUOW0E/view?usp=drivesdk,image/jpeg,8030453,iStock,2026-02-25T00:14:48.737+05:30,,,,,,,,
3,1GwI7nT8jlllVvlVWGH_Bq_lqoxxH4GVE,1gMhz1FuwN9gxqv2okqrfiUHQ5Izepxy8,iStock-1327568874.jpg,https://drive.google.com/file/d/1gMhz1FuwN9gxqv2okqrfiUHQ5Izepxy8/view?usp=drivesdk,image/jpeg,2074114,iStock,2026-02-25T00:14:48.738+05:30,,,,,,,,
3,1GwI7nT8jlllVvlVWGH_Bq_lqoxxH4GVE,1y_00FA_F5g7qc7j_XdgtjEboZGIh5Bhd,iStock-1317706283.jpg,https://drive.google.com/file/d/1y_00FA_F5g7qc7j_XdgtjEboZGIh5Bhd/view?usp=drivesdk,image/jpeg,2689028,iStock,2026-02-25T00:14:48.739+05:30,,,,,,,,
3,1GwI7nT8jlllVvlVWGH_Bq_lqoxxH4GVE,1AjLlYSIh7aBSwzfqTbo4ZxaI5cwiQuAm,iStock-1315757284.jpg,https://drive.google.com/file/d/1AjLlYSIh7aBSwzfqTbo4ZxaI5cwiQuAm/view?usp=drivesdk,image/jpeg,4656918,iStock,2026-02-25T00:14:48.740+05:30,,,,,,,,
3,1GwI7nT8jlllVvlVWGH_Bq_lqoxxH4GVE,1J0EQCQe3Kb3Udm8qRQJByCMJR1fPOeIN,iStock-1367616995.jpg,https://drive.google.com/file/d/1J0EQCQe3Kb3Udm8qRQJByCMJR1fPOeIN/view?usp=drivesdk,image/jpeg,4897250,iStock,2026-02-25T00:14:48.742+05:30,,,,,,,,
3,1GwI7nT8jlllVvlVWGH_Bq_lqoxxH4GVE,14dVhVAaXRAv_99zzM3PimeNScS_a2BIZ,iStock-1164885329.jpg,https://drive.google.com/file/d/14dVhVAaXRAv_99zzM3PimeNScS_a2BIZ/view?usp=drivesdk,image/jpeg,15251236,iStock,2026-02-25T00:14:48.744+05:30,,,,,,,,
3,1GwI7nT8jlllVvlVWGH_Bq_lqoxxH4GVE,16xA9BLVSZytuiz5qlDYhPf6fDjQMov3_,iStock-1472230473.jpg,https://drive.google.com/file/d/16xA9BLVSZytuiz5qlDYhPf6fDjQMov3_/view?usp=drivesdk,image/jpeg,13175933,iStock,2026-02-25T00:14:48.745+05:30,,,,,,,,
3,1GwI7nT8jlllVvlVWGH_Bq_lqoxxH4GVE,1uOpBH9TFjh00mwVTLtcHcfWM1nw8JAbA,iStock-1130475956.jpg,https://drive.google.com/file/d/1uOpBH9TFjh00mwVTLtcHcfWM1nw8JAbA/view?usp=drivesdk,image/jpeg,7601649,iStock,2026-02-25T00:14:48.746+05:30,,,,,,,,
3,1GwI7nT8jlllVvlVWGH_Bq_lqoxxH4GVE,1E2-Z2d2lRPqZtTWHslaTjtWDs50ZT93P,iStock-1336250828.jpg,https://drive.google.com/file/d/1E2-Z2d2lRPqZtTWHslaTjtWDs50ZT93P/view?usp=drivesdk,image/jpeg,4158959,iStock,2026-02-25T00:14:48.747+05:30,,,,,,,,
3,1GwI7nT8jlllVvlVWGH_Bq_lqoxxH4GVE,1c7VDVaO7SpCNW8_dSVZUy18wsLyoeTkM,iStock-842214626.jpg,https://drive.google.com/file/d/1c7VDVaO7SpCNW8_dSVZUy18wsLyoeTkM/view?usp=drivesdk,image/jpeg,4349255,iStock,2026-02-25T00:14:48.748+05:30,,,,,,,,
3,1GwI7nT8jlllVvlVWGH_Bq_lqoxxH4GVE,1QfDkH1G85cAEXFrXaXaXVbNrhzL0kdid,iStock-1204573660.jpg,https://drive.google.com/file/d/1QfDkH1G85cAEXFrXaXaXVbNrhzL0kdid/view?usp=drivesdk,image/jpeg,5322888,iStock,2026-02-25T00:14:48.749+05:30,,,,,,,,
3,1GwI7nT8jlllVvlVWGH_Bq_lqoxxH4GVE,1MadEkVEVEQF_ggFa3IGI1Yx_orhSFlPc,iStock-1480880948.jpg,https://drive.google.com/file/d/1MadEkVEVEQF_ggFa3IGI1Yx_orhSFlPc/view?usp=drivesdk,image/jpeg,7707601,iStock,2026-02-25T00:14:48.750+05:30,,,,,,,,
3,1GwI7nT8jlllVvlVWGH_Bq_lqoxxH4GVE,104b1X4VKC6PQh9e9cPYZ-fdswvZL7siP,iStock-1176438482.jpg,https://drive.google.com/file/d/104b1X4VKC6PQh9e9cPYZ-fdswvZL7siP/view?usp=drivesdk,image/jpeg,3881502,iStock,2026-02-25T00:14:48.751+05:30,,,,,,,,
3,1GwI7nT8jlllVvlVWGH_Bq_lqoxxH4GVE,1Y8b63IabqPJ4SCSiwGlk8BeXRJig4hkX,iStock-1171083888.jpg,https://drive.google.com/file/d/1Y8b63IabqPJ4SCSiwGlk8BeXRJig4hkX/view?usp=drivesdk,image/jpeg,4541789,iStock,2026-02-25T00:14:48.752+05:30,,,,,,,,
3,1GwI7nT8jlllVvlVWGH_Bq_lqoxxH4GVE,18RM6aW2KllmCf9Y2YHomDdVpQrPaEAp9,iStock-613657836.jpg,https://drive.google.com/file/d/18RM6aW2KllmCf9Y2YHomDdVpQrPaEAp9/view?usp=drivesdk,image/jpeg,5977530,iStock,2026-02-25T00:14:48.756+05:30,,,,,,,,
3,1GwI7nT8jlllVvlVWGH_Bq_lqoxxH4GVE,1jcK3HD9x323Vxpnf-m6Q-cHNmLKz9sw_,iStock-1051616786.jpg,https://drive.google.com/file/d/1jcK3HD9x323Vxpnf-m6Q-cHNmLKz9sw_/view?usp=drivesdk,image/jpeg,1805549,iStock,2026-02-25T00:14:48.757+05:30,,,,,,,,
3,1GwI7nT8jlllVvlVWGH_Bq_lqoxxH4GVE,1zzG2yW1OB02nFxTslDDvlLo9EqO4Acs0,iStock-1251377620.jpg,https://drive.google.com/file/d/1zzG2yW1OB02nFxTslDDvlLo9EqO4Acs0/view?usp=drivesdk,image/jpeg,8761433,iStock,2026-02-25T00:14:48.758+05:30,,,,,,,,
3,1GwI7nT8jlllVvlVWGH_Bq_lqoxxH4GVE,1T32y1oneBcLwYVRADnfrhnnzE4HC49hv,iStock-1329665086.jpg,https://drive.google.com/file/d/1T32y1oneBcLwYVRADnfrhnnzE4HC49hv/view?usp=drivesdk,image/jpeg,3908126,iStock,2026-02-25T00:14:48.760+05:30,,,,,,,,
3,1GwI7nT8jlllVvlVWGH_Bq_lqoxxH4GVE,1eBiJ3qDszUdbLBqlsh06YQ0JzE2d2v5q,iStock-817125664.jpg,https://drive.google.com/file/d/1eBiJ3qDszUdbLBqlsh06YQ0JzE2d2v5q/view?usp=drivesdk,image/jpeg,12631985,iStock,2026-02-25T00:14:48.761+05:30,,,,,,,,
3,1GwI7nT8jlllVvlVWGH_Bq_lqoxxH4GVE,11SqBiBhZNyFdznoO3A1YkGJDT6uHGVQi,iStock-629296762.jpg,https://drive.google.com/file/d/11SqBiBhZNyFdznoO3A1YkGJDT6uHGVQi/view?usp=drivesdk,image/jpeg,9742276,iStock,2026-02-25T00:14:48.762+05:30,,,,,,,,
3,1GwI7nT8jlllVvlVWGH_Bq_lqoxxH4GVE,1haSkKjYkX1etTHY9dutSsdQEF5SmvgLd,iStock-1439088064.jpg,https://drive.google.com/file/d/1haSkKjYkX1etTHY9dutSsdQEF5SmvgLd/view?usp=drivesdk,image/jpeg,6500008,iStock,2026-02-25T00:14:48.763+05:30,,,,,,,,
3,1GwI7nT8jlllVvlVWGH_Bq_lqoxxH4GVE,11VHM8rsdI6RdeVhO5mPvu-vYAnyL-Nby,iStock-898059514.jpg,https://drive.google.com/file/d/11VHM8rsdI6RdeVhO5mPvu-vYAnyL-Nby/view?usp=drivesdk,image/jpeg,8349618,iStock,2026-02-25T00:14:48.765+05:30,,,,,,,,
3,1GwI7nT8jlllVvlVWGH_Bq_lqoxxH4GVE,1HmRQSzJC76BYVnA_LyR0V_TT7ZVW0r3a,iStock-1465723262.jpg,https://drive.google.com/file/d/1HmRQSzJC76BYVnA_LyR0V_TT7ZVW0r3a/view?usp=drivesdk,image/jpeg,12149123,iStock,2026-02-25T00:14:48.766+05:30,,,,,,,,
3,1GwI7nT8jlllVvlVWGH_Bq_lqoxxH4GVE,1RY5NWt2zQeY4e_KEmOdQKSnyFknJKu2x,iStock-857442162.jpg,https://drive.google.com/file/d/1RY5NWt2zQeY4e_KEmOdQKSnyFknJKu2x/view?usp=drivesdk,image/jpeg,8046217,iStock,2026-02-25T00:14:48.767+05:30,,,,,,,,
3,1GwI7nT8jlllVvlVWGH_Bq_lqoxxH4GVE,1DM8wl42ebrYf5MJO19G74RfWLcWn-2qp,iStock-947065970.jpg,https://drive.google.com/file/d/1DM8wl42ebrYf5MJO19G74RfWLcWn-2qp/view?usp=drivesdk,image/jpeg,6088625,iStock,2026-02-25T00:14:48.768+05:30,,,,,,,,
3,1GwI7nT8jlllVvlVWGH_Bq_lqoxxH4GVE,1CaCvZMByfFUeM_7HKlyzQqo1mb8bpqUp,iStock-1390410555.jpg,https://drive.google.com/file/d/1CaCvZMByfFUeM_7HKlyzQqo1mb8bpqUp/view?usp=drivesdk,image/jpeg,2666379,iStock,2026-02-25T00:14:48.769+05:30,,,,,,,,
3,1GwI7nT8jlllVvlVWGH_Bq_lqoxxH4GVE,11-qJ-QBkNQIM5n2WrzqRsAG0WN_tm2BS,iStock-1467035944.jpg,https://drive.google.com/file/d/11-qJ-QBkNQIM5n2WrzqRsAG0WN_tm2BS/view?usp=drivesdk,image/jpeg,14013551,iStock,2026-02-25T00:14:48.772+05:30,,,,,,,,
3,1GwI7nT8jlllVvlVWGH_Bq_lqoxxH4GVE,1nEHe6bXmkHl1PSWJdobHlmDALoAu5Hph,iStock-1300897309.jpg,https://drive.google.com/file/d/1nEHe6bXmkHl1PSWJdobHlmDALoAu5Hph/view?usp=drivesdk,image/jpeg,9870072,iStock,2026-02-25T00:14:48.775+05:30,,,,,,,,
3,1GwI7nT8jlllVvlVWGH_Bq_lqoxxH4GVE,1OmcBMNaUzZzGza0C4UmMx3GtbAchIeCc,iStock-930003546.jpg,https://drive.google.com/file/d/1OmcBMNaUzZzGza0C4UmMx3GtbAchIeCc/view?usp=drivesdk,image/jpeg,8729312,iStock,2026-02-25T00:14:48.776+05:30,,,,,,,,
3,1GwI7nT8jlllVvlVWGH_Bq_lqoxxH4GVE,1qslYWK-nfZhKCg-7m78D3_hb43GXsCA1,iStock-1296652620.jpg,https://drive.google.com/file/d/1qslYWK-nfZhKCg-7m78D3_hb43GXsCA1/view?usp=drivesdk,image/jpeg,3104231,iStock,2026-02-25T00:14:48.777+05:30,,,,,,,,
3,1GwI7nT8jlllVvlVWGH_Bq_lqoxxH4GVE,1Yq5AZReHVsQAMwDhEmNcizHJPxrYIFCE,iStock-1360521207.jpg,https://drive.google.com/file/d/1Yq5AZReHVsQAMwDhEmNcizHJPxrYIFCE/view?usp=drivesdk,image/jpeg,5597086,iStock,2026-02-25T00:14:48.779+05:30,,,,,,,,
3,1GwI7nT8jlllVvlVWGH_Bq_lqoxxH4GVE,1ApAoMtTvQ0ZvYJMdU1_8HzhwAF1ZqXm8,iStock-608627018.jpg,https://drive.google.com/file/d/1ApAoMtTvQ0ZvYJMdU1_8HzhwAF1ZqXm8/view?usp=drivesdk,image/jpeg,5985062,iStock,2026-02-25T00:14:48.781+05:30,,,,,,,,
3,1GwI7nT8jlllVvlVWGH_Bq_lqoxxH4GVE,1ua3lLBsSISfIF__dFCkoxHpFXRUZhmBr,iStock-1368173302.jpg,https://drive.google.com/file/d/1ua3lLBsSISfIF__dFCkoxHpFXRUZhmBr/view?usp=drivesdk,image/jpeg,965305,iStock,2026-02-25T00:14:48.782+05:30,,,,,,,,
3,1GwI7nT8jlllVvlVWGH_Bq_lqoxxH4GVE,1nk7fAVXL-_UgpK7WmfVA3TZnEUPBWf7V,iStock-1177232825.jpg,https://drive.google.com/file/d/1nk7fAVXL-_UgpK7WmfVA3TZnEUPBWf7V/view?usp=drivesdk,image/jpeg,10683583,iStock,2026-02-25T00:14:48.782+05:30,,,,,,,,
3,1GwI7nT8jlllVvlVWGH_Bq_lqoxxH4GVE,1V7pUjp8IuqjfzGOcHngpnWo4qoswy-nc,iStock-1362722981.jpg,https://drive.google.com/file/d/1V7pUjp8IuqjfzGOcHngpnWo4qoswy-nc/view?usp=drivesdk,image/jpeg,6881263,iStock,2026-02-25T00:14:48.784+05:30,,,,,,,,
3,1GwI7nT8jlllVvlVWGH_Bq_lqoxxH4GVE,1LTjBMfUS8xml00KRdT1IujW3G0bsNTZw,iStock-1334574095.jpg,https://drive.google.com/file/d/1LTjBMfUS8xml00KRdT1IujW3G0bsNTZw/view?usp=drivesdk,image/jpeg,2993271,iStock,2026-02-25T00:14:48.785+05:30,,,,,,,,
3,1GwI7nT8jlllVvlVWGH_Bq_lqoxxH4GVE,1yQfjYCGhL4L_oljLunyaTaEOD7Rm8Qu2,iStock-1183908006.jpg,https://drive.google.com/file/d/1yQfjYCGhL4L_oljLunyaTaEOD7Rm8Qu2/view?usp=drivesdk,image/jpeg,11561419,iStock,2026-02-25T00:14:48.786+05:30,,,,,,,,
3,1GwI7nT8jlllVvlVWGH_Bq_lqoxxH4GVE,1zvwkV4eRV9NHRaVMu31VH5mzqnpYrk4e,iStock-1468157150.jpg,https://drive.google.com/file/d/1zvwkV4eRV9NHRaVMu31VH5mzqnpYrk4e/view?usp=drivesdk,image/jpeg,5278248,iStock,2026-02-25T00:14:48.787+05:30,,,,,,,,
3,1GwI7nT8jlllVvlVWGH_Bq_lqoxxH4GVE,14RoMbgBD-rBs5AOXUitToK9xCRpfRRFx,iStock-1287345274.jpg,https://drive.google.com/file/d/14RoMbgBD-rBs5AOXUitToK9xCRpfRRFx/view?usp=drivesdk,image/jpeg,8284504,iStock,2026-02-25T00:14:48.789+05:30,,,,,,,,
3,1GwI7nT8jlllVvlVWGH_Bq_lqoxxH4GVE,1jtOOg8SnbO4ihEowxDrm7L-eVzd68TXn,iStock-1357650379.jpg,https://drive.google.com/file/d/1jtOOg8SnbO4ihEowxDrm7L-eVzd68TXn/view?usp=drivesdk,image/jpeg,4971131,iStock,2026-02-25T00:14:48.790+05:30,,,,,,,,
3,1GwI7nT8jlllVvlVWGH_Bq_lqoxxH4GVE,1Z4b4U-3-XNrneuMp7cXI1e1Rgcvgm6Uk,iStock-840814738.jpg,https://drive.google.com/file/d/1Z4b4U-3-XNrneuMp7cXI1e1Rgcvgm6Uk/view?usp=drivesdk,image/jpeg,2547770,iStock,2026-02-25T00:14:48.792+05:30,,,,,,,,
4,1t1JJ9CZ4SsYQl2zC5aULwQXgBeT0jeau,1_yWqI8-MYHTQwCKzS-MKytm2D0jUFW6t,2002.i039.010_chatbot_messenger_ai_isometric_set-05.jpg,https://drive.google.com/file/d/1_yWqI8-MYHTQwCKzS-MKytm2D0jUFW6t/view?usp=drivesdk,image/jpeg,3002686,cute-artificial-intelligence-robot-isometric-icon,2026-02-25T00:14:48.793+05:30,,,,,,,,
5,1Hy2AVmYgYzx3AKibB-Wc-bsCk-8RwOnd,1IvEqxLqkUFE12RUi-D-LGFo3ReTB42nL,AdobeStock_618346605.jpeg,https://drive.google.com/file/d/1IvEqxLqkUFE12RUi-D-LGFo3ReTB42nL/view?usp=drivesdk,image/jpeg,4872164,Adobe Stock,2026-02-25T00:14:48.795+05:30,,,,,,,,
5,1Hy2AVmYgYzx3AKibB-Wc-bsCk-8RwOnd,1IfpfiWegBQ_tBjEAKgBesLAqrhgr6jWD,AdobeStock_392277418_Editorial_Use_Only.jpeg,https://drive.google.com/file/d/1IfpfiWegBQ_tBjEAKgBesLAqrhgr6jWD/view?usp=drivesdk,image/jpeg,2216612,Adobe Stock,2026-02-25T00:14:48.796+05:30,,,,,,,,
5,1Hy2AVmYgYzx3AKibB-Wc-bsCk-8RwOnd,1J8afjoTU1U5NJ3rN_5WfXlw7Jt4o2Ag1,AdobeStock_717435593 copy.jpg,https://drive.google.com/file/d/1J8afjoTU1U5NJ3rN_5WfXlw7Jt4o2Ag1/view?usp=drivesdk,image/jpeg,9460141,Adobe Stock,2026-02-25T00:14:48.797+05:30,,,,,,,,
5,1Hy2AVmYgYzx3AKibB-Wc-bsCk-8RwOnd,1IqIh2-YGgv0bBkaZyC5LAtcZ8GdFkeVG,AdobeStock_642486752 copy.jpg,https://drive.google.com/file/d/1IqIh2-YGgv0bBkaZyC5LAtcZ8GdFkeVG/view?usp=drivesdk,image/jpeg,5970664,Adobe Stock,2026-02-25T00:14:48.798+05:30,,,,,,,,
5,1Hy2AVmYgYzx3AKibB-Wc-bsCk-8RwOnd,1Iy8rMaZWftOgY0FI2tq4JOn4RhJcQVGN,AdobeStock_602069201.jpeg,https://drive.google.com/file/d/1Iy8rMaZWftOgY0FI2tq4JOn4RhJcQVGN/view?usp=drivesdk,image/jpeg,3105556,Adobe Stock,2026-02-25T00:14:48.799+05:30,,,,,,,,
5,1Hy2AVmYgYzx3AKibB-Wc-bsCk-8RwOnd,1JWhgEmQLx-KqDZfxL-GrbxVHW0c-I2jv,AdobeStock_222106228 copy.jpg,https://drive.google.com/file/d/1JWhgEmQLx-KqDZfxL-GrbxVHW0c-I2jv/view?usp=drivesdk,image/jpeg,14811586,Adobe Stock,2026-02-25T00:14:48.800+05:30,,,,,,,,
5,1Hy2AVmYgYzx3AKibB-Wc-bsCk-8RwOnd,1Ih-uZlkYRKUEIxbvyVyks1c44fEAXEx9,AdobeStock_646759167.jpeg,https://drive.google.com/file/d/1Ih-uZlkYRKUEIxbvyVyks1c44fEAXEx9/view?usp=drivesdk,image/jpeg,5764649,Adobe Stock,2026-02-25T00:14:48.801+05:30,,,,,,,,
5,1Hy2AVmYgYzx3AKibB-Wc-bsCk-8RwOnd,1JFMwIiIbzjLbE_FKq9hg2BV2-72nNnIw,AdobeStock_716368726.jpeg,https://drive.google.com/file/d/1JFMwIiIbzjLbE_FKq9hg2BV2-72nNnIw/view?usp=drivesdk,image/jpeg,3452364,Adobe Stock,2026-02-25T00:14:48.802+05:30,,,,,,,,
5,1Hy2AVmYgYzx3AKibB-Wc-bsCk-8RwOnd,1JYKkYOyMWTG9UUvHVlPWMkl_h6ZFnOLL,AdobeStock_863379791 copy.jpg,https://drive.google.com/file/d/1JYKkYOyMWTG9UUvHVlPWMkl_h6ZFnOLL/view?usp=drivesdk,image/jpeg,10323080,Adobe Stock,2026-02-25T00:14:48.803+05:30,,,,,,,,
5,1Hy2AVmYgYzx3AKibB-Wc-bsCk-8RwOnd,1II2SmyMO3oR4ZYDOyFIzcRpgxCGPo9eH,AdobeStock_722797232.jpeg,https://drive.google.com/file/d/1II2SmyMO3oR4ZYDOyFIzcRpgxCGPo9eH/view?usp=drivesdk,image/jpeg,3842323,Adobe Stock,2026-02-25T00:14:48.804+05:30,,,,,,,,
5,1Hy2AVmYgYzx3AKibB-Wc-bsCk-8RwOnd,1IDXhzo-ldRmW2FqJfkOuiDO3QjglnudY,AdobeStock_739390615.jpeg,https://drive.google.com/file/d/1IDXhzo-ldRmW2FqJfkOuiDO3QjglnudY/view?usp=drivesdk,image/jpeg,2636785,Adobe Stock,2026-02-25T00:14:48.805+05:30,,,,,,,,
5,1Hy2AVmYgYzx3AKibB-Wc-bsCk-8RwOnd,1IFTI8U2QKn71lQJMho7xwI_-fBxiEF9c,AdobeStock_726936726.jpeg,https://drive.google.com/file/d/1IFTI8U2QKn71lQJMho7xwI_-fBxiEF9c/view?usp=drivesdk,image/jpeg,5948238,Adobe Stock,2026-02-25T00:14:48.806+05:30,,,,,,,,
5,1Hy2AVmYgYzx3AKibB-Wc-bsCk-8RwOnd,1J5VNpqkZkxx-txscPZ2Shxi-UTH3LPIE,AdobeStock_721893618.jpeg,https://drive.google.com/file/d/1J5VNpqkZkxx-txscPZ2Shxi-UTH3LPIE/view?usp=drivesdk,image/jpeg,12502854,Adobe Stock,2026-02-25T00:14:48.807+05:30,,,,,,,,
5,1Hy2AVmYgYzx3AKibB-Wc-bsCk-8RwOnd,1IA2hIiQI_uKfDtJa2Hr_rsDeq5yWWd2x,AdobeStock_758514908.jpeg,https://drive.google.com/file/d/1IA2hIiQI_uKfDtJa2Hr_rsDeq5yWWd2x/view?usp=drivesdk,image/jpeg,3571228,Adobe Stock,2026-02-25T00:14:48.808+05:30,,,,,,,,
5,1Hy2AVmYgYzx3AKibB-Wc-bsCk-8RwOnd,1I_kUOJJ9BvMImkNnCtN-IFlQZiYCjwaB,AdobeStock_275319226 copy.jpeg,https://drive.google.com/file/d/1I_kUOJJ9BvMImkNnCtN-IFlQZiYCjwaB/view?usp=drivesdk,image/jpeg,7677118,Adobe Stock,2026-02-25T00:14:48.809+05:30,,,,,,,,
5,1Hy2AVmYgYzx3AKibB-Wc-bsCk-8RwOnd,1ILverktpuSRTZN9-OZoN7RXOb-9ejppb,AdobeStock_682810949.jpeg,https://drive.google.com/file/d/1ILverktpuSRTZN9-OZoN7RXOb-9ejppb/view?usp=drivesdk,image/jpeg,4528459,Adobe Stock,2026-02-25T00:14:48.810+05:30,,,,,,,,
5,1Hy2AVmYgYzx3AKibB-Wc-bsCk-8RwOnd,1IOPjl5PEV1Qo1kB1M7Ho971lKxqcrm8C,AdobeStock_594676250.jpeg,https://drive.google.com/file/d/1IOPjl5PEV1Qo1kB1M7Ho971lKxqcrm8C/view?usp=drivesdk,image/jpeg,4559064,Adobe Stock,2026-02-25T00:14:48.811+05:30,,,,,,,,
5,1Hy2AVmYgYzx3AKibB-Wc-bsCk-8RwOnd,1IUrd556Yw44-5FpdGSK5Q9_5jDzzpn2h,AdobeStock_376881486.jpeg,https://drive.google.com/file/d/1IUrd556Yw44-5FpdGSK5Q9_5jDzzpn2h/view?usp=drivesdk,image/jpeg,5158373,Adobe Stock,2026-02-25T00:14:48.812+05:30,,,,,,,,
5,1Hy2AVmYgYzx3AKibB-Wc-bsCk-8RwOnd,1I5gHXcFtb--dfZWOxqo8S3ly0YJwFnuW,AdobeStock_704394220.jpeg,https://drive.google.com/file/d/1I5gHXcFtb--dfZWOxqo8S3ly0YJwFnuW/view?usp=drivesdk,image/jpeg,3158508,Adobe Stock,2026-02-25T00:14:48.813+05:30,,,,,,,,
5,1Hy2AVmYgYzx3AKibB-Wc-bsCk-8RwOnd,1I9Ykc1VYAD-DAUG_4NRrTxyMbaa8B63a,AdobeStock_704394220 copy.jpg,https://drive.google.com/file/d/1I9Ykc1VYAD-DAUG_4NRrTxyMbaa8B63a/view?usp=drivesdk,image/jpeg,12178404,Adobe Stock,2026-02-25T00:14:48.814+05:30,,,,,,,,
6,1YVCdLuJeUtZRRHFvcQlDbZRhFpKe1H9O,13KPNUYN00bxMz3JAVn7IIqMatVKKB-5U,shutterstock_2515753883.jpg,https://drive.google.com/file/d/13KPNUYN00bxMz3JAVn7IIqMatVKKB-5U/view?usp=drivesdk,image/jpeg,8958177,Shutterstock,2026-02-25T00:14:48.814+05:30,,,,,,,,
6,1YVCdLuJeUtZRRHFvcQlDbZRhFpKe1H9O,1HcL9T9sKx4pJPxV5TyyNmXvlESHVcVDY,shutterstock_2492640591.jpg,https://drive.google.com/file/d/1HcL9T9sKx4pJPxV5TyyNmXvlESHVcVDY/view?usp=drivesdk,image/jpeg,5272961,Shutterstock,2026-02-25T00:14:48.816+05:30,,,,,,,,
6,1YVCdLuJeUtZRRHFvcQlDbZRhFpKe1H9O,1luknExFUd2w_thjVrXNIo04OglLPW2Q5,shutterstock_2469535905.jpg,https://drive.google.com/file/d/1luknExFUd2w_thjVrXNIo04OglLPW2Q5/view?usp=drivesdk,image/jpeg,13962635,Shutterstock,2026-02-25T00:14:48.817+05:30,,,,,,,,
6,1YVCdLuJeUtZRRHFvcQlDbZRhFpKe1H9O,1LLk6mO41sbAA4QKuAdet9gH7PIIjd-Iv,shutterstock_2421727673.jpg,https://drive.google.com/file/d/1LLk6mO41sbAA4QKuAdet9gH7PIIjd-Iv/view?usp=drivesdk,image/jpeg,4137811,Shutterstock,2026-02-25T00:14:48.818+05:30,,,,,,,,
6,1YVCdLuJeUtZRRHFvcQlDbZRhFpKe1H9O,1_-3yLTkQOfyPTmqdd23TiwdUi6OV8-IS,shutterstock_1241265040.jpg,https://drive.google.com/file/d/1_-3yLTkQOfyPTmqdd23TiwdUi6OV8-IS/view?usp=drivesdk,image/jpeg,5427063,Shutterstock,2026-02-25T00:14:48.819+05:30,,,,,,,,
6,1YVCdLuJeUtZRRHFvcQlDbZRhFpKe1H9O,1MrXbR1LbK7Znw417v_6uWKxyXYa-2Gxm,shutterstock_1452297722.jpg,https://drive.google.com/file/d/1MrXbR1LbK7Znw417v_6uWKxyXYa-2Gxm/view?usp=drivesdk,image/jpeg,8702005,Shutterstock,2026-02-25T00:14:48.820+05:30,,,,,,,,
6,1YVCdLuJeUtZRRHFvcQlDbZRhFpKe1H9O,1IDpn84v3FaOO0zbcVT5Lu8ASlSsKJ-JO,shutterstock_725254000.jpg,https://drive.google.com/file/d/1IDpn84v3FaOO0zbcVT5Lu8ASlSsKJ-JO/view?usp=drivesdk,image/jpeg,6790728,Shutterstock,2026-02-25T00:14:48.821+05:30,,,,,,,,
6,1YVCdLuJeUtZRRHFvcQlDbZRhFpKe1H9O,1ekVwmNFX4agNCDQGa4dqZoASW0VrA0eO,shutterstock_2647989825.jpg,https://drive.google.com/file/d/1ekVwmNFX4agNCDQGa4dqZoASW0VrA0eO/view?usp=drivesdk,image/jpeg,12335494,Shutterstock,2026-02-25T00:14:48.822+05:30,,,,,,,,
6,1YVCdLuJeUtZRRHFvcQlDbZRhFpKe1H9O,1QZ2m5d3tXp7BK3q1PpL_BxrHHi0wGL3K,shutterstock_1982642837.jpg,https://drive.google.com/file/d/1QZ2m5d3tXp7BK3q1PpL_BxrHHi0wGL3K/view?usp=drivesdk,image/jpeg,8114112,Shutterstock,2026-02-25T00:14:48.823+05:30,,,,,,,,
6,1YVCdLuJeUtZRRHFvcQlDbZRhFpKe1H9O,1mBgjvz5zR2_N_4JqcXuMCQ87dHch12xX,shutterstock_2581983849.jpg,https://drive.google.com/file/d/1mBgjvz5zR2_N_4JqcXuMCQ87dHch12xX/view?usp=drivesdk,image/jpeg,8223998,Shutterstock,2026-02-25T00:14:48.824+05:30,,,,,,,,
6,1YVCdLuJeUtZRRHFvcQlDbZRhFpKe1H9O,1m8xaAu2Q1NUC3ThOM3Zhe-DUlI9f5fHY,shutterstock_2402421419.jpg,https://drive.google.com/file/d/1m8xaAu2Q1NUC3ThOM3Zhe-DUlI9f5fHY/view?usp=drivesdk,image/jpeg,6552995,Shutterstock,2026-02-25T00:14:48.825+05:30,,,,,,,,
6,1YVCdLuJeUtZRRHFvcQlDbZRhFpKe1H9O,1m7u-cG0L3BdDcpFcX0MR--YjC6vaklpp,shutterstock_1981556459.jpg,https://drive.google.com/file/d/1m7u-cG0L3BdDcpFcX0MR--YjC6vaklpp/view?usp=drivesdk,image/jpeg,5195882,Shutterstock,2026-02-25T00:14:48.826+05:30,,,,,,,,
6,1YVCdLuJeUtZRRHFvcQlDbZRhFpKe1H9O,1bbYS-s54nS9-nWDUIep1USapS3FeC0tS,shutterstock_2286876707.jpg,https://drive.google.com/file/d/1bbYS-s54nS9-nWDUIep1USapS3FeC0tS/view?usp=drivesdk,image/jpeg,10427935,Shutterstock,2026-02-25T00:14:48.827+05:30,,,,,,,,
6,1YVCdLuJeUtZRRHFvcQlDbZRhFpKe1H9O,1bPtJEbcCuLK9BnBuvG6okmXS2uOc3A4-,shutterstock_2215411831.jpg,https://drive.google.com/file/d/1bPtJEbcCuLK9BnBuvG6okmXS2uOc3A4-/view?usp=drivesdk,image/jpeg,13299552,Shutterstock,2026-02-25T00:14:48.828+05:30,,,,,,,,
6,1YVCdLuJeUtZRRHFvcQlDbZRhFpKe1H9O,1bR76ciBb-zpXDySlP7GjElVOhllTTu5r,shutterstock_2611968865.jpg,https://drive.google.com/file/d/1bR76ciBb-zpXDySlP7GjElVOhllTTu5r/view?usp=drivesdk,image/jpeg,13353129,Shutterstock,2026-02-25T00:14:48.829+05:30,,,,,,,,
6,1YVCdLuJeUtZRRHFvcQlDbZRhFpKe1H9O,1bLayb0FS8tcG3FI_hKWmV8-xZq3PRU3Y,shutterstock_2520902893.jpg,https://drive.google.com/file/d/1bLayb0FS8tcG3FI_hKWmV8-xZq3PRU3Y/view?usp=drivesdk,image/jpeg,2906348,Shutterstock,2026-02-25T00:14:48.829+05:30,,,,,,,,
6,1YVCdLuJeUtZRRHFvcQlDbZRhFpKe1H9O,1bFj3w77SH1fpg9Hh6iegLxBBTHWeQBKL,shutterstock_2490330855.jpg,https://drive.google.com/file/d/1bFj3w77SH1fpg9Hh6iegLxBBTHWeQBKL/view?usp=drivesdk,image/jpeg,9388522,Shutterstock,2026-02-25T00:14:48.830+05:30,,,,,,,,
6,1YVCdLuJeUtZRRHFvcQlDbZRhFpKe1H9O,1bFGUJduFmc8ZqfUTFJAK8gp5xKmun_x4,shutterstock_2433156073.jpg,https://drive.google.com/file/d/1bFGUJduFmc8ZqfUTFJAK8gp5xKmun_x4/view?usp=drivesdk,image/jpeg,9641052,Shutterstock,2026-02-25T00:14:48.831+05:30,,,,,,,,
6,1YVCdLuJeUtZRRHFvcQlDbZRhFpKe1H9O,1b-w12Soom8PH-4h_ZMv2Gkyser4gy6we,shutterstock_2464378425.jpg,https://drive.google.com/file/d/1b-w12Soom8PH-4h_ZMv2Gkyser4gy6we/view?usp=drivesdk,image/jpeg,2967405,Shutterstock,2026-02-25T00:14:48.832+05:30,,,,,,,,
6,1YVCdLuJeUtZRRHFvcQlDbZRhFpKe1H9O,1ayiTBzKggLIWfwHSmhlYJmFX8WMfYma9,shutterstock_2547972061.jpg,https://drive.google.com/file/d/1ayiTBzKggLIWfwHSmhlYJmFX8WMfYma9/view?usp=drivesdk,image/jpeg,7842910,Shutterstock,2026-02-25T00:14:48.833+05:30,,,,,,,,
6,1YVCdLuJeUtZRRHFvcQlDbZRhFpKe1H9O,1axbK1wVf2PUitiIBokcuCtWWn-ifn25O,shutterstock_2486039939.jpg,https://drive.google.com/file/d/1axbK1wVf2PUitiIBokcuCtWWn-ifn25O/view?usp=drivesdk,image/jpeg,12471933,Shutterstock,2026-02-25T00:14:48.834+05:30,,,,,,,,
6,1YVCdLuJeUtZRRHFvcQlDbZRhFpKe1H9O,1aq4TjUhCOu1K7BT5zNdWM_ocXqj55B9o,shutterstock_2457519649.jpg,https://drive.google.com/file/d/1aq4TjUhCOu1K7BT5zNdWM_ocXqj55B9o/view?usp=drivesdk,image/jpeg,10573448,Shutterstock,2026-02-25T00:14:48.835+05:30,,,,,,,,
6,1YVCdLuJeUtZRRHFvcQlDbZRhFpKe1H9O,1amfUjW8HEct_88BdSuPgc601dJOwCjhC,shutterstock_2482428287.jpg,https://drive.google.com/file/d/1amfUjW8HEct_88BdSuPgc601dJOwCjhC/view?usp=drivesdk,image/jpeg,9100261,Shutterstock,2026-02-25T00:14:48.836+05:30,,,,,,,,
6,1YVCdLuJeUtZRRHFvcQlDbZRhFpKe1H9O,1akWzQiK9xBmw9Yjfx_Huk40xwKW_arop,shutterstock_2616720979.jpg,https://drive.google.com/file/d/1akWzQiK9xBmw9Yjfx_Huk40xwKW_arop/view?usp=drivesdk,image/jpeg,7777843,Shutterstock,2026-02-25T00:14:48.837+05:30,,,,,,,,
6,1YVCdLuJeUtZRRHFvcQlDbZRhFpKe1H9O,1acSnRrkhdVSIMmph4mSr3-0GmcEIrgQ_,shutterstock_2455658505.jpg,https://drive.google.com/file/d/1acSnRrkhdVSIMmph4mSr3-0GmcEIrgQ_/view?usp=drivesdk,image/jpeg,10392645,Shutterstock,2026-02-25T00:14:48.838+05:30,,,,,,,,
6,1YVCdLuJeUtZRRHFvcQlDbZRhFpKe1H9O,1aWxQkj9FVauSUHi5T8k-_3ExzU0yh9ug,shutterstock_2310569733.jpg,https://drive.google.com/file/d/1aWxQkj9FVauSUHi5T8k-_3ExzU0yh9ug/view?usp=drivesdk,image/jpeg,11626070,Shutterstock,2026-02-25T00:14:48.839+05:30,,,,,,,,
6,1YVCdLuJeUtZRRHFvcQlDbZRhFpKe1H9O,1XtOa7XxtmBFZL8OZjWUUOjFb9m-_-oXm,shutterstock_2329333299.jpg,https://drive.google.com/file/d/1XtOa7XxtmBFZL8OZjWUUOjFb9m-_-oXm/view?usp=drivesdk,image/jpeg,9798419,Shutterstock,2026-02-25T00:14:48.842+05:30,,,,,,,,
6,1YVCdLuJeUtZRRHFvcQlDbZRhFpKe1H9O,1WuFDYnQOocY6vq2G6TFPAES4WJl65VkP,shutterstock_2459074877.jpg,https://drive.google.com/file/d/1WuFDYnQOocY6vq2G6TFPAES4WJl65VkP/view?usp=drivesdk,image/jpeg,9666321,Shutterstock,2026-02-25T00:14:48.842+05:30,,,,,,,,
6,1YVCdLuJeUtZRRHFvcQlDbZRhFpKe1H9O,195xKcCN3lXRwG2N_VgYl6hVvcooSXh6a,shutterstock_1779975584.jpg,https://drive.google.com/file/d/195xKcCN3lXRwG2N_VgYl6hVvcooSXh6a/view?usp=drivesdk,image/jpeg,9167773,Shutterstock,2026-02-25T00:14:48.843+05:30,,,,,,,,
6,1YVCdLuJeUtZRRHFvcQlDbZRhFpKe1H9O,15QgM-1WO5dZSCYUbn5Q5vA0zrzTa5KXP,shutterstock_1897342822.jpg,https://drive.google.com/file/d/15QgM-1WO5dZSCYUbn5Q5vA0zrzTa5KXP/view?usp=drivesdk,image/jpeg,13806718,Shutterstock,2026-02-25T00:14:48.844+05:30,,,,,,,,
6,1YVCdLuJeUtZRRHFvcQlDbZRhFpKe1H9O,139pUwn0YxaqZP5j3_CSslG-MNvpnsFPR,shutterstock_1675911412.jpg,https://drive.google.com/file/d/139pUwn0YxaqZP5j3_CSslG-MNvpnsFPR/view?usp=drivesdk,image/jpeg,7427057,Shutterstock,2026-02-25T00:14:48.845+05:30,,,,,,,,
6,1YVCdLuJeUtZRRHFvcQlDbZRhFpKe1H9O,135iWLVs3ZtQuZDsKWypC24LIyz3Rn3da,shutterstock_1944087604.png,https://drive.google.com/file/d/135iWLVs3ZtQuZDsKWypC24LIyz3Rn3da/view?usp=drivesdk,image/png,1689452,Shutterstock,2026-02-25T00:14:48.846+05:30,,,,,,,,
6,1YVCdLuJeUtZRRHFvcQlDbZRhFpKe1H9O,11CQ69CiGXCpBVMYVcLMbdpKeG7eSYudf,shutterstock_1894154212.jpg,https://drive.google.com/file/d/11CQ69CiGXCpBVMYVcLMbdpKeG7eSYudf/view?usp=drivesdk,image/jpeg,6331952,Shutterstock,2026-02-25T00:14:48.847+05:30,,,,,,,,
6,1YVCdLuJeUtZRRHFvcQlDbZRhFpKe1H9O,10GH4M6ABv9aGmaLi-s-8GwWO-nUEMnTq,shutterstock_2254980487.jpg,https://drive.google.com/file/d/10GH4M6ABv9aGmaLi-s-8GwWO-nUEMnTq/view?usp=drivesdk,image/jpeg,10130762,Shutterstock,2026-02-25T00:14:48.848+05:30,,,,,,,,
6,1YVCdLuJeUtZRRHFvcQlDbZRhFpKe1H9O,1-bQKxkTYDe6sy5XXoo0Dl1PFXTCvKufF,shutterstock_2457870007.png,https://drive.google.com/file/d/1-bQKxkTYDe6sy5XXoo0Dl1PFXTCvKufF/view?usp=drivesdk,image/png,512140,Shutterstock,2026-02-25T00:14:48.849+05:30,,,,,,,,
6,1YVCdLuJeUtZRRHFvcQlDbZRhFpKe1H9O,1OIZBpHrx79qEBGMw0lWfh55FAjlA6sxW,shutterstock_2482894921.jpg,https://drive.google.com/file/d/1OIZBpHrx79qEBGMw0lWfh55FAjlA6sxW/view?usp=drivesdk,image/jpeg,6268898,Shutterstock,2026-02-25T00:14:48.852+05:30,,,,,,,,
6,1YVCdLuJeUtZRRHFvcQlDbZRhFpKe1H9O,1WN02TvW1B0v_EwMJdaKI2nHHZbEwIvJk,shutterstock_2440357647.jpg,https://drive.google.com/file/d/1WN02TvW1B0v_EwMJdaKI2nHHZbEwIvJk/view?usp=drivesdk,image/jpeg,8746967,Shutterstock,2026-02-25T00:14:48.853+05:30,,,,,,,,
6,1YVCdLuJeUtZRRHFvcQlDbZRhFpKe1H9O,1WMdO-YB0hrFquT2rEGXRJ9VL0A68bj3_,shutterstock_2383287221.jpg,https://drive.google.com/file/d/1WMdO-YB0hrFquT2rEGXRJ9VL0A68bj3_/view?usp=drivesdk,image/jpeg,3072244,Shutterstock,2026-02-25T00:14:48.854+05:30,,,,,,,,
6,1YVCdLuJeUtZRRHFvcQlDbZRhFpKe1H9O,1WGD48vCouvUzDGMzQckluI5PdbJUwgMm,shutterstock_2461145877.jpg,https://drive.google.com/file/d/1WGD48vCouvUzDGMzQckluI5PdbJUwgMm/view?usp=drivesdk,image/jpeg,9405086,Shutterstock,2026-02-25T00:14:48.855+05:30,,,,,,,,
6,1YVCdLuJeUtZRRHFvcQlDbZRhFpKe1H9O,1WFzQVzdPvcno7moxqezLbL00STWcOVOW,shutterstock_2521023115.jpg,https://drive.google.com/file/d/1WFzQVzdPvcno7moxqezLbL00STWcOVOW/view?usp=drivesdk,image/jpeg,5848892,Shutterstock,2026-02-25T00:14:48.857+05:30,,,,,,,,
6,1YVCdLuJeUtZRRHFvcQlDbZRhFpKe1H9O,1WFdpwuRoMJW-X92L0BH6xyIZkpVsvKMv,shutterstock_2284409147.jpg,https://drive.google.com/file/d/1WFdpwuRoMJW-X92L0BH6xyIZkpVsvKMv/view?usp=drivesdk,image/jpeg,8449583,Shutterstock,2026-02-25T00:14:48.858+05:30,,,,,,,,
6,1YVCdLuJeUtZRRHFvcQlDbZRhFpKe1H9O,1SwfFNzJHIfjTg-yEi-lMI5ZVHLBz7OUc,shutterstock_2384650363.png,https://drive.google.com/file/d/1SwfFNzJHIfjTg-yEi-lMI5ZVHLBz7OUc/view?usp=drivesdk,image/png,74102,Shutterstock,2026-02-25T00:14:48.859+05:30,,,,,,,,
6,1YVCdLuJeUtZRRHFvcQlDbZRhFpKe1H9O,1SVyIjTlJwVmhElDMip3FFQvHIQKtbAWP,shutterstock_2383287281.jpg,https://drive.google.com/file/d/1SVyIjTlJwVmhElDMip3FFQvHIQKtbAWP/view?usp=drivesdk,image/jpeg,2990148,Shutterstock,2026-02-25T00:14:48.860+05:30,,,,,,,,
6,1YVCdLuJeUtZRRHFvcQlDbZRhFpKe1H9O,1RMymA0nAqb-0pQgQoRdjiP4IJAEoYUC5,shutterstock_2498738911.jpg,https://drive.google.com/file/d/1RMymA0nAqb-0pQgQoRdjiP4IJAEoYUC5/view?usp=drivesdk,image/jpeg,4149024,Shutterstock,2026-02-25T00:14:48.861+05:30,,,,,,,,
6,1YVCdLuJeUtZRRHFvcQlDbZRhFpKe1H9O,1QhD2CXnsh87XL5W28rKf1RiOrosV2IGR,shutterstock_2497254397.jpg,https://drive.google.com/file/d/1QhD2CXnsh87XL5W28rKf1RiOrosV2IGR/view?usp=drivesdk,image/jpeg,8666444,Shutterstock,2026-02-25T00:14:48.862+05:30,,,,,,,,
6,1YVCdLuJeUtZRRHFvcQlDbZRhFpKe1H9O,1bEKPsffZYWNoIpXVkA3NdqcFcNZI5kjL,shutterstock_2296404985.jpg,https://drive.google.com/file/d/1bEKPsffZYWNoIpXVkA3NdqcFcNZI5kjL/view?usp=drivesdk,image/jpeg,9212158,Shutterstock,2026-02-25T00:14:48.862+05:30,,,,,,,,
6,1YVCdLuJeUtZRRHFvcQlDbZRhFpKe1H9O,1QJA2SQFAJSMdpZTX7UDSki4F_cQiG-8Y,shutterstock_2411205407.jpg,https://drive.google.com/file/d/1QJA2SQFAJSMdpZTX7UDSki4F_cQiG-8Y/view?usp=drivesdk,image/jpeg,10048445,Shutterstock,2026-02-25T00:14:48.863+05:30,,,,,,,,
6,1YVCdLuJeUtZRRHFvcQlDbZRhFpKe1H9O,1QAhZ_WTdsFkYMAKAU4nVJcUI6qZ5KAfd,shutterstock_1873845877.jpg,https://drive.google.com/file/d/1QAhZ_WTdsFkYMAKAU4nVJcUI6qZ5KAfd/view?usp=drivesdk,image/jpeg,13658911,Shutterstock,2026-02-25T00:14:48.864+05:30,,,,,,,,
6,1YVCdLuJeUtZRRHFvcQlDbZRhFpKe1H9O,1Q7ngCdHg7Mlxe-nUfLOH-k8McX-NIJ_u,shutterstock_2503916707.jpg,https://drive.google.com/file/d/1Q7ngCdHg7Mlxe-nUfLOH-k8McX-NIJ_u/view?usp=drivesdk,image/jpeg,11545295,Shutterstock,2026-02-25T00:14:48.865+05:30,,,,,,,,
6,1YVCdLuJeUtZRRHFvcQlDbZRhFpKe1H9O,1Q3e9hAY466k3BVkNP1lHbPqYvchulqvz,shutterstock_2395327839.jpg,https://drive.google.com/file/d/1Q3e9hAY466k3BVkNP1lHbPqYvchulqvz/view?usp=drivesdk,image/jpeg,12190859,Shutterstock,2026-02-25T00:14:48.866+05:30,,,,,,,,
6,1YVCdLuJeUtZRRHFvcQlDbZRhFpKe1H9O,1OGDy9iDdvRGMCvBhYb_4tXC1V5x2QrS9,shutterstock_2473442773.png,https://drive.google.com/file/d/1OGDy9iDdvRGMCvBhYb_4tXC1V5x2QrS9/view?usp=drivesdk,image/png,39206,Shutterstock,2026-02-25T00:14:48.867+05:30,,,,,,,,
6,1YVCdLuJeUtZRRHFvcQlDbZRhFpKe1H9O,1OF_F-VXrvJn1B0q7NF3rfX26d47fqhIk,shutterstock_2135514499.png,https://drive.google.com/file/d/1OF_F-VXrvJn1B0q7NF3rfX26d47fqhIk/view?usp=drivesdk,image/png,114222,Shutterstock,2026-02-25T00:14:48.868+05:30,,,,,,,,
6,1YVCdLuJeUtZRRHFvcQlDbZRhFpKe1H9O,1NvrOPdFwqQkuxbEN_wyDnaWXkXoms124,shutterstock_2338660725.jpg,https://drive.google.com/file/d/1NvrOPdFwqQkuxbEN_wyDnaWXkXoms124/view?usp=drivesdk,image/jpeg,10533682,Shutterstock,2026-02-25T00:14:48.869+05:30,,,,,,,,
6,1YVCdLuJeUtZRRHFvcQlDbZRhFpKe1H9O,1NoiFointvvkTpxq7jYmFRc3Qpqng2yII,shutterstock_2392690953.png,https://drive.google.com/file/d/1NoiFointvvkTpxq7jYmFRc3Qpqng2yII/view?usp=drivesdk,image/png,13448,Shutterstock,2026-02-25T00:14:48.870+05:30,,,,,,,,
6,1YVCdLuJeUtZRRHFvcQlDbZRhFpKe1H9O,1Nm5v2mwMxZqS5LbEITNl4Zhvbhd5rYfv,shutterstock_2239930753.png,https://drive.google.com/file/d/1Nm5v2mwMxZqS5LbEITNl4Zhvbhd5rYfv/view?usp=drivesdk,image/png,160238,Shutterstock,2026-02-25T00:14:48.871+05:30,,,,,,,,
6,1YVCdLuJeUtZRRHFvcQlDbZRhFpKe1H9O,1NjGZ97C7ejSWAbLTq66l-9GStc1TltCC,shutterstock_2439891203.jpg,https://drive.google.com/file/d/1NjGZ97C7ejSWAbLTq66l-9GStc1TltCC/view?usp=drivesdk,image/jpeg,9207843,Shutterstock,2026-02-25T00:14:48.872+05:30,,,,,,,,
6,1YVCdLuJeUtZRRHFvcQlDbZRhFpKe1H9O,1NcUl6BKG_gE04yJZ_HHwHZMJgwD9AFQT,shutterstock_625937792.jpg,https://drive.google.com/file/d/1NcUl6BKG_gE04yJZ_HHwHZMJgwD9AFQT/view?usp=drivesdk,image/jpeg,952467,Shutterstock,2026-02-25T00:14:48.873+05:30,,,,,,,,
6,1YVCdLuJeUtZRRHFvcQlDbZRhFpKe1H9O,1NHeR8I_imP0ni2P3GFmc0HjtyzD6WuaF,shutterstock_percentage.jpg,https://drive.google.com/file/d/1NHeR8I_imP0ni2P3GFmc0HjtyzD6WuaF/view?usp=drivesdk,image/jpeg,1265953,Shutterstock,2026-02-25T00:14:48.874+05:30,,,,,,,,
6,1YVCdLuJeUtZRRHFvcQlDbZRhFpKe1H9O,1NDyPl6khcuvXe62HKKy5ySas2XjapaOK,shutterstock_2473583687.jpg,https://drive.google.com/file/d/1NDyPl6khcuvXe62HKKy5ySas2XjapaOK/view?usp=drivesdk,image/jpeg,350128,Shutterstock,2026-02-25T00:14:48.875+05:30,,,,,,,,
6,1YVCdLuJeUtZRRHFvcQlDbZRhFpKe1H9O,1N7yQDQd7Jo5UbuLT2-9T1dDxaQjdpJbA,shutterstock_2462025875.jpg,https://drive.google.com/file/d/1N7yQDQd7Jo5UbuLT2-9T1dDxaQjdpJbA/view?usp=drivesdk,image/jpeg,307209,Shutterstock,2026-02-25T00:14:48.876+05:30,,,,,,,,
6,1YVCdLuJeUtZRRHFvcQlDbZRhFpKe1H9O,1N0-pDU4G-nd-f-0vdTZ4vfQw4Qw-1DAN,shutterstock_2458909707.jpg,https://drive.google.com/file/d/1N0-pDU4G-nd-f-0vdTZ4vfQw4Qw-1DAN/view?usp=drivesdk,image/jpeg,297099,Shutterstock,2026-02-25T00:14:48.877+05:30,,,,,,,,
6,1YVCdLuJeUtZRRHFvcQlDbZRhFpKe1H9O,1MtZnlsVU-mm5kIn57wfmQueFqtC5Surp,shutterstock_2452504253.jpg,https://drive.google.com/file/d/1MtZnlsVU-mm5kIn57wfmQueFqtC5Surp/view?usp=drivesdk,image/jpeg,3639664,Shutterstock,2026-02-25T00:14:48.878+05:30,,,,,,,,
6,1YVCdLuJeUtZRRHFvcQlDbZRhFpKe1H9O,1MsFpe3FrXG_XAVnbIlYBBBN7Vwn8Z-1a,shutterstock_2448128149.jpg,https://drive.google.com/file/d/1MsFpe3FrXG_XAVnbIlYBBBN7Vwn8Z-1a/view?usp=drivesdk,image/jpeg,3072831,Shutterstock,2026-02-25T00:14:48.879+05:30,,,,,,,,
6,1YVCdLuJeUtZRRHFvcQlDbZRhFpKe1H9O,1MonCf2uXRuoYqfy9XKgxcamk072zo5Ss,shutterstock_2407866565.jpg,https://drive.google.com/file/d/1MonCf2uXRuoYqfy9XKgxcamk072zo5Ss/view?usp=drivesdk,image/jpeg,269198,Shutterstock,2026-02-25T00:14:48.879+05:30,,,,,,,,
6,1YVCdLuJeUtZRRHFvcQlDbZRhFpKe1H9O,1MkfPrdctSYRYChDeAZZrfXsVskys9cI1,shutterstock_2390451765.jpg,https://drive.google.com/file/d/1MkfPrdctSYRYChDeAZZrfXsVskys9cI1/view?usp=drivesdk,image/jpeg,5205193,Shutterstock,2026-02-25T00:14:48.880+05:30,,,,,,,,
6,1YVCdLuJeUtZRRHFvcQlDbZRhFpKe1H9O,1Ma4Vpu_1FyuH4l3w2sZEjX5jSXLrrSaU,shutterstock_2388623691.jpg,https://drive.google.com/file/d/1Ma4Vpu_1FyuH4l3w2sZEjX5jSXLrrSaU/view?usp=drivesdk,image/jpeg,1049720,Shutterstock,2026-02-25T00:14:48.881+05:30,,,,,,,,
6,1YVCdLuJeUtZRRHFvcQlDbZRhFpKe1H9O,1MY3ulS6zUfo_ZlXMKbtZsTjaStNAING5,shutterstock_2368741343.jpg,https://drive.google.com/file/d/1MY3ulS6zUfo_ZlXMKbtZsTjaStNAING5/view?usp=drivesdk,image/jpeg,1832349,Shutterstock,2026-02-25T00:14:48.882+05:30,,,,,,,,
6,1YVCdLuJeUtZRRHFvcQlDbZRhFpKe1H9O,1MUXz9Hj_Q94P99CpqYipSGOmzY0iQvVW,shutterstock_2349996843.jpg,https://drive.google.com/file/d/1MUXz9Hj_Q94P99CpqYipSGOmzY0iQvVW/view?usp=drivesdk,image/jpeg,6237174,Shutterstock,2026-02-25T00:14:48.883+05:30,,,,,,,,
6,1YVCdLuJeUtZRRHFvcQlDbZRhFpKe1H9O,1MSZO4ZUQ2qlEIM9OVibxKbGqE4zIzAAw,shutterstock_2344545129.jpg,https://drive.google.com/file/d/1MSZO4ZUQ2qlEIM9OVibxKbGqE4zIzAAw/view?usp=drivesdk,image/jpeg,328381,Shutterstock,2026-02-25T00:14:48.884+05:30,,,,,,,,
6,1YVCdLuJeUtZRRHFvcQlDbZRhFpKe1H9O,1MQznv_7-cJy9RsCEHMBRpdYL5SuA6FHi,shutterstock_2336759465.jpg,https://drive.google.com/file/d/1MQznv_7-cJy9RsCEHMBRpdYL5SuA6FHi/view?usp=drivesdk,image/jpeg,416677,Shutterstock,2026-02-25T00:14:48.885+05:30,,,,,,,,
6,1YVCdLuJeUtZRRHFvcQlDbZRhFpKe1H9O,1MN3w1eKF2J6YjaWEgEujB-NfmFyRa8Qk,shutterstock_2332490287.jpg,https://drive.google.com/file/d/1MN3w1eKF2J6YjaWEgEujB-NfmFyRa8Qk/view?usp=drivesdk,image/jpeg,787043,Shutterstock,2026-02-25T00:14:48.886+05:30,,,,,,,,
6,1YVCdLuJeUtZRRHFvcQlDbZRhFpKe1H9O,1MMHQr8yGoTXkQi6GjtyAi29pfkYBE2JX,shutterstock_2329508955.jpg,https://drive.google.com/file/d/1MMHQr8yGoTXkQi6GjtyAi29pfkYBE2JX/view?usp=drivesdk,image/jpeg,285225,Shutterstock,2026-02-25T00:14:48.887+05:30,,,,,,,,
6,1YVCdLuJeUtZRRHFvcQlDbZRhFpKe1H9O,1MGhSuey-uhYP0OrKWnvU7vRK4VvYRb2J,shutterstock_2319569119.png,https://drive.google.com/file/d/1MGhSuey-uhYP0OrKWnvU7vRK4VvYRb2J/view?usp=drivesdk,image/png,68672,Shutterstock,2026-02-25T00:14:48.888+05:30,,,,,,,,
6,1YVCdLuJeUtZRRHFvcQlDbZRhFpKe1H9O,1MDRQWwHssBNXvJFLgamfY9YRkSacyZy4,shutterstock_2317185013.png,https://drive.google.com/file/d/1MDRQWwHssBNXvJFLgamfY9YRkSacyZy4/view?usp=drivesdk,image/png,74707,Shutterstock,2026-02-25T00:14:48.889+05:30,,,,,,,,
6,1YVCdLuJeUtZRRHFvcQlDbZRhFpKe1H9O,1MBBMyAtc44nJxk-bnN5XHlyNwMJ8wLPD,shutterstock_2294630593.png,https://drive.google.com/file/d/1MBBMyAtc44nJxk-bnN5XHlyNwMJ8wLPD/view?usp=drivesdk,image/png,1344479,Shutterstock,2026-02-25T00:14:48.890+05:30,,,,,,,,
6,1YVCdLuJeUtZRRHFvcQlDbZRhFpKe1H9O,1MAh6uHKNbHjriWrKwWiev48-ioyu1AIS,shutterstock_2283648601.png,https://drive.google.com/file/d/1MAh6uHKNbHjriWrKwWiev48-ioyu1AIS/view?usp=drivesdk,image/png,71292,Shutterstock,2026-02-25T00:14:48.891+05:30,,,,,,,,
6,1YVCdLuJeUtZRRHFvcQlDbZRhFpKe1H9O,1M5Pbgo-e9wudDnYkLT3dW_3hW7Dv1K_x,shutterstock_2275254925.png,https://drive.google.com/file/d/1M5Pbgo-e9wudDnYkLT3dW_3hW7Dv1K_x/view?usp=drivesdk,image/png,470188,Shutterstock,2026-02-25T00:14:48.892+05:30,,,,,,,,
6,1YVCdLuJeUtZRRHFvcQlDbZRhFpKe1H9O,1M1lufNdoIAo5NaHjh9nRhnGdIehmidxX,shutterstock_2268953295.png,https://drive.google.com/file/d/1M1lufNdoIAo5NaHjh9nRhnGdIehmidxX/view?usp=drivesdk,image/png,754695,Shutterstock,2026-02-25T00:14:48.893+05:30,,,,,,,,
6,1YVCdLuJeUtZRRHFvcQlDbZRhFpKe1H9O,1LzneWLu8hTOW1f3lsAQhOZaAFC5jzwsQ,shutterstock_2262252447.png,https://drive.google.com/file/d/1LzneWLu8hTOW1f3lsAQhOZaAFC5jzwsQ/view?usp=drivesdk,image/png,1339501,Shutterstock,2026-02-25T00:14:48.894+05:30,,,,,,,,
6,1YVCdLuJeUtZRRHFvcQlDbZRhFpKe1H9O,1LuQtkBXbip4E0630K9fw1IrdleVWiVEY,shutterstock_2261352249.png,https://drive.google.com/file/d/1LuQtkBXbip4E0630K9fw1IrdleVWiVEY/view?usp=drivesdk,image/png,1150079,Shutterstock,2026-02-25T00:14:48.895+05:30,,,,,,,,
6,1YVCdLuJeUtZRRHFvcQlDbZRhFpKe1H9O,144CxlMAO80QMRjixTxoEV-JrX1tklL16,shutterstock_2212183447.jpg,https://drive.google.com/file/d/144CxlMAO80QMRjixTxoEV-JrX1tklL16/view?usp=drivesdk,image/jpeg,5277242,Shutterstock,2026-02-25T00:14:48.896+05:30,,,,,,,,
6,1YVCdLuJeUtZRRHFvcQlDbZRhFpKe1H9O,1LEKa11dn0PxA59FOinnb9FSrffD9tWPU,shutterstock_2204214077.png,https://drive.google.com/file/d/1LEKa11dn0PxA59FOinnb9FSrffD9tWPU/view?usp=drivesdk,image/png,925926,Shutterstock,2026-02-25T00:14:48.897+05:30,,,,,,,,
6,1YVCdLuJeUtZRRHFvcQlDbZRhFpKe1H9O,1L-O65M67nAlbaWejVlGgXM9LdXC6oASl,shutterstock_2166038421.png,https://drive.google.com/file/d/1L-O65M67nAlbaWejVlGgXM9LdXC6oASl/view?usp=drivesdk,image/png,261313,Shutterstock,2026-02-25T00:14:48.898+05:30,,,,,,,,
6,1YVCdLuJeUtZRRHFvcQlDbZRhFpKe1H9O,1KyV5QbxwazXl-xfeP8noJzLsYw33wyRs,shutterstock_1861853518.jpg,https://drive.google.com/file/d/1KyV5QbxwazXl-xfeP8noJzLsYw33wyRs/view?usp=drivesdk,image/jpeg,4494371,Shutterstock,2026-02-25T00:14:48.899+05:30,,,,,,,,
6,1YVCdLuJeUtZRRHFvcQlDbZRhFpKe1H9O,1KxSmWhH3tfnnjME2St_u7Caa4o3-H4Hf,shutterstock_2294486743.jpg,https://drive.google.com/file/d/1KxSmWhH3tfnnjME2St_u7Caa4o3-H4Hf/view?usp=drivesdk,image/jpeg,4631141,Shutterstock,2026-02-25T00:14:48.900+05:30,,,,,,,,
6,1YVCdLuJeUtZRRHFvcQlDbZRhFpKe1H9O,1KaKyjGAgjkkOO3c_1J0jRBfzrdVI-fuP,shutterstock_2290687071.jpg,https://drive.google.com/file/d/1KaKyjGAgjkkOO3c_1J0jRBfzrdVI-fuP/view?usp=drivesdk,image/jpeg,12566746,Shutterstock,2026-02-25T00:14:48.903+05:30,,,,,,,,
6,1YVCdLuJeUtZRRHFvcQlDbZRhFpKe1H9O,1KYUmv9dNuXvCBoXH-TnrLjovbDgakh4L,shutterstock_2468747983.png,https://drive.google.com/file/d/1KYUmv9dNuXvCBoXH-TnrLjovbDgakh4L/view?usp=drivesdk,image/png,1446449,Shutterstock,2026-02-25T00:14:48.904+05:30,,,,,,,,
6,1YVCdLuJeUtZRRHFvcQlDbZRhFpKe1H9O,1K4qj5D-pRi520XeyEQcbh-2Zh8zVpZ1q,shutterstock_2468096615.jpg,https://drive.google.com/file/d/1K4qj5D-pRi520XeyEQcbh-2Zh8zVpZ1q/view?usp=drivesdk,image/jpeg,6087813,Shutterstock,2026-02-25T00:14:48.905+05:30,,,,,,,,
6,1YVCdLuJeUtZRRHFvcQlDbZRhFpKe1H9O,1JiBH44sXGeWxJOpQpM-mGA45_1xFtJme,shutterstock_2351735111.png,https://drive.google.com/file/d/1JiBH44sXGeWxJOpQpM-mGA45_1xFtJme/view?usp=drivesdk,image/png,3227287,Shutterstock,2026-02-25T00:14:48.906+05:30,,,,,,,,
6,1YVCdLuJeUtZRRHFvcQlDbZRhFpKe1H9O,1GAv_XmutvXMcp1lC9PftbWdaG7DQ5skA,shutterstock_2226240757.jpg,https://drive.google.com/file/d/1GAv_XmutvXMcp1lC9PftbWdaG7DQ5skA/view?usp=drivesdk,image/jpeg,1394017,Shutterstock,2026-02-25T00:14:48.907+05:30,,,,,,,,
6,1YVCdLuJeUtZRRHFvcQlDbZRhFpKe1H9O,1G5i2voW8YuDAehNgBwnGLzcZO3zqCjwe,shutterstock_740139466.jpg,https://drive.google.com/file/d/1G5i2voW8YuDAehNgBwnGLzcZO3zqCjwe/view?usp=drivesdk,image/jpeg,13255259,Shutterstock,2026-02-25T00:14:48.908+05:30,,,,,,,,
6,1YVCdLuJeUtZRRHFvcQlDbZRhFpKe1H9O,1EEj5P-epjzS9YyANKIel0Kym5tBqRGVI,shutterstock_702973735.jpg,https://drive.google.com/file/d/1EEj5P-epjzS9YyANKIel0Kym5tBqRGVI/view?usp=drivesdk,image/jpeg,67272,Shutterstock,2026-02-25T00:14:48.909+05:30,,,,,,,,
6,1YVCdLuJeUtZRRHFvcQlDbZRhFpKe1H9O,1FrLcey_-Z6OzDWS3WZwjaZyZfhLbyiWo,shutterstock_1949989525.jpg,https://drive.google.com/file/d/1FrLcey_-Z6OzDWS3WZwjaZyZfhLbyiWo/view?usp=drivesdk,image/jpeg,1101962,Shutterstock,2026-02-25T00:14:48.910+05:30,,,,,,,,
6,1YVCdLuJeUtZRRHFvcQlDbZRhFpKe1H9O,1FoNFWUnjdA-qKNkzm4Nl5QV7nLAvWVs0,shutterstock_1671674941.jpg,https://drive.google.com/file/d/1FoNFWUnjdA-qKNkzm4Nl5QV7nLAvWVs0/view?usp=drivesdk,image/jpeg,291089,Shutterstock,2026-02-25T00:14:48.911+05:30,,,,,,,,
6,1YVCdLuJeUtZRRHFvcQlDbZRhFpKe1H9O,1Fj2_fUO5nGYxeYzbFtJZ-6ZUivYxlGcd,shutterstock_1526504228.jpg,https://drive.google.com/file/d/1Fj2_fUO5nGYxeYzbFtJZ-6ZUivYxlGcd/view?usp=drivesdk,image/jpeg,375746,Shutterstock,2026-02-25T00:14:48.912+05:30,,,,,,,,
6,1YVCdLuJeUtZRRHFvcQlDbZRhFpKe1H9O,1FfcmvzRsKuAIO5khxfTlAp-jckiI5tuN,shutterstock_1421765270.jpg,https://drive.google.com/file/d/1FfcmvzRsKuAIO5khxfTlAp-jckiI5tuN/view?usp=drivesdk,image/jpeg,1134781,Shutterstock,2026-02-25T00:14:48.913+05:30,,,,,,,,
6,1YVCdLuJeUtZRRHFvcQlDbZRhFpKe1H9O,1FeTG-CcZq8797-R7hLLdUijqttR15-GK,shutterstock_1435637840.jpg,https://drive.google.com/file/d/1FeTG-CcZq8797-R7hLLdUijqttR15-GK/view?usp=drivesdk,image/jpeg,1648385,Shutterstock,2026-02-25T00:14:48.913+05:30,,,,,,,,
6,1YVCdLuJeUtZRRHFvcQlDbZRhFpKe1H9O,1FXOQZ_oUXqfRYpY8R9P2EzpEYAJN1qqv,shutterstock_1343892527.jpg,https://drive.google.com/file/d/1FXOQZ_oUXqfRYpY8R9P2EzpEYAJN1qqv/view?usp=drivesdk,image/jpeg,1105758,Shutterstock,2026-02-25T00:14:48.914+05:30,,,,,,,,
6,1YVCdLuJeUtZRRHFvcQlDbZRhFpKe1H9O,1FV6YOPv5ILD36fB6dX_Hjir69s8K81nO,shutterstock_1324727924.jpg,https://drive.google.com/file/d/1FV6YOPv5ILD36fB6dX_Hjir69s8K81nO/view?usp=drivesdk,image/jpeg,209603,Shutterstock,2026-02-25T00:14:48.915+05:30,,,,,,,,
6,1YVCdLuJeUtZRRHFvcQlDbZRhFpKe1H9O,1FU_JZSvAv2bT5DYvtraNGJeNbI6wckKW,shutterstock_1315804541.jpg,https://drive.google.com/file/d/1FU_JZSvAv2bT5DYvtraNGJeNbI6wckKW/view?usp=drivesdk,image/jpeg,144404,Shutterstock,2026-02-25T00:14:48.916+05:30,,,,,,,,
6,1YVCdLuJeUtZRRHFvcQlDbZRhFpKe1H9O,1FMSu7oRWdEqURSFA7bQy_eFioCGmjBb3,shutterstock_1300050346.jpg,https://drive.google.com/file/d/1FMSu7oRWdEqURSFA7bQy_eFioCGmjBb3/view?usp=drivesdk,image/jpeg,13942,Shutterstock,2026-02-25T00:14:48.917+05:30,,,,,,,,
6,1YVCdLuJeUtZRRHFvcQlDbZRhFpKe1H9O,1FL67QzZCzkqXgIRnrUTHL_DHiaoSBDDs,shutterstock_1222427458.jpg,https://drive.google.com/file/d/1FL67QzZCzkqXgIRnrUTHL_DHiaoSBDDs/view?usp=drivesdk,image/jpeg,70663,Shutterstock,2026-02-25T00:14:48.918+05:30,,,,,,,,
6,1YVCdLuJeUtZRRHFvcQlDbZRhFpKe1H9O,1FE_rf_BIsJV8k2n1A2nqtV4OS88m3IKy,shutterstock_1216369402.jpg,https://drive.google.com/file/d/1FE_rf_BIsJV8k2n1A2nqtV4OS88m3IKy/view?usp=drivesdk,image/jpeg,220451,Shutterstock,2026-02-25T00:14:48.919+05:30,,,,,,,,
6,1YVCdLuJeUtZRRHFvcQlDbZRhFpKe1H9O,1FE4hVzOZxQayr-Zdy0VldG6oHhBGbK5M,shutterstock_1096451114.jpg,https://drive.google.com/file/d/1FE4hVzOZxQayr-Zdy0VldG6oHhBGbK5M/view?usp=drivesdk,image/jpeg,615594,Shutterstock,2026-02-25T00:14:48.920+05:30,,,,,,,,
6,1YVCdLuJeUtZRRHFvcQlDbZRhFpKe1H9O,12koyScnhmbuQTydBBGQdNbUIKLzdvDyv,shutterstock_1062915284.jpg,https://drive.google.com/file/d/12koyScnhmbuQTydBBGQdNbUIKLzdvDyv/view?usp=drivesdk,image/jpeg,10900606,Shutterstock,2026-02-25T00:14:48.921+05:30,,,,,,,,
6,1YVCdLuJeUtZRRHFvcQlDbZRhFpKe1H9O,1WPFlduFQmV6tLpA5Nl_83t98f0uYZrEH,shutterstock_1026889156.jpg,https://drive.google.com/file/d/1WPFlduFQmV6tLpA5Nl_83t98f0uYZrEH/view?usp=drivesdk,image/jpeg,10700069,Shutterstock,2026-02-25T00:14:48.922+05:30,,,,,,,,
6,1YVCdLuJeUtZRRHFvcQlDbZRhFpKe1H9O,1EThks9WBH_fL6idtVi-KTa61qkEwKKdT,shutterstock_1017038368.jpg,https://drive.google.com/file/d/1EThks9WBH_fL6idtVi-KTa61qkEwKKdT/view?usp=drivesdk,image/jpeg,183543,Shutterstock,2026-02-25T00:14:48.923+05:30,,,,,,,,
6,1YVCdLuJeUtZRRHFvcQlDbZRhFpKe1H9O,1EM9okTHrlzcL_RV42eebV01-NSv8vC73,shutterstock_1007122360.jpg,https://drive.google.com/file/d/1EM9okTHrlzcL_RV42eebV01-NSv8vC73/view?usp=drivesdk,image/jpeg,86639,Shutterstock,2026-02-25T00:14:48.924+05:30,,,,,,,,
6,1YVCdLuJeUtZRRHFvcQlDbZRhFpKe1H9O,1L5bpPZy3aVzDMMSe82tUlF-rag-_Zg0I,shutterstock_700826089.jpg,https://drive.google.com/file/d/1L5bpPZy3aVzDMMSe82tUlF-rag-_Zg0I/view?usp=drivesdk,image/jpeg,5803452,Shutterstock,2026-02-25T00:14:48.926+05:30,,,,,,,,
6,1YVCdLuJeUtZRRHFvcQlDbZRhFpKe1H9O,1Dzqq4yzF4Dbe57raKiXVLmBFQPwm29kh,shutterstock_584075221.jpg,https://drive.google.com/file/d/1Dzqq4yzF4Dbe57raKiXVLmBFQPwm29kh/view?usp=drivesdk,image/jpeg,32360,Shutterstock,2026-02-25T00:14:48.927+05:30,,,,,,,,
6,1YVCdLuJeUtZRRHFvcQlDbZRhFpKe1H9O,1DyBU1X52x_Nz4_vk09U3OF4YxKtADkBj,shutterstock_270364280.jpg,https://drive.google.com/file/d/1DyBU1X52x_Nz4_vk09U3OF4YxKtADkBj/view?usp=drivesdk,image/jpeg,47405,Shutterstock,2026-02-25T00:14:48.928+05:30,,,,,,,,
6,1YVCdLuJeUtZRRHFvcQlDbZRhFpKe1H9O,1DvJqzurXdFu73nFEDCFNbncayXdhEwrc,shutterstock_435501817.jpg,https://drive.google.com/file/d/1DvJqzurXdFu73nFEDCFNbncayXdhEwrc/view?usp=drivesdk,image/jpeg,43274,Shutterstock,2026-02-25T00:14:48.929+05:30,,,,,,,,
6,1YVCdLuJeUtZRRHFvcQlDbZRhFpKe1H9O,1DozOjyREwML6yLhkn42pbPRsBUQ7_Uhu,shutterstock_1934960570.jpg,https://drive.google.com/file/d/1DozOjyREwML6yLhkn42pbPRsBUQ7_Uhu/view?usp=drivesdk,image/jpeg,6142950,Shutterstock,2026-02-25T00:14:48.930+05:30,,,,,,,,
6,1YVCdLuJeUtZRRHFvcQlDbZRhFpKe1H9O,1DkA8Ss83t0rrQyc7AYYOofAbpZL9Cdu8,shutterstock_1935960184.jpg,https://drive.google.com/file/d/1DkA8Ss83t0rrQyc7AYYOofAbpZL9Cdu8/view?usp=drivesdk,image/jpeg,14140993,Shutterstock,2026-02-25T00:14:48.931+05:30,,,,,,,,
6,1YVCdLuJeUtZRRHFvcQlDbZRhFpKe1H9O,1Deu_hh2QCPb2kIMOlj6sNy9wqLg9yRaU,shutterstock_2052239486.jpg,https://drive.google.com/file/d/1Deu_hh2QCPb2kIMOlj6sNy9wqLg9yRaU/view?usp=drivesdk,image/jpeg,2428157,Shutterstock,2026-02-25T00:14:48.932+05:30,,,,,,,,
6,1YVCdLuJeUtZRRHFvcQlDbZRhFpKe1H9O,1DSnUdd9B89J_RslVyauXGNJMSE6enTt6,shutterstock_1928839334.jpg,https://drive.google.com/file/d/1DSnUdd9B89J_RslVyauXGNJMSE6enTt6/view?usp=drivesdk,image/jpeg,4540823,Shutterstock,2026-02-25T00:14:48.933+05:30,,,,,,,,
6,1YVCdLuJeUtZRRHFvcQlDbZRhFpKe1H9O,1DQEddDYzEXfuh_18pJRxwNVyZ0yK1TeI,shutterstock_2342416523.jpg,https://drive.google.com/file/d/1DQEddDYzEXfuh_18pJRxwNVyZ0yK1TeI/view?usp=drivesdk,image/jpeg,5422605,Shutterstock,2026-02-25T00:14:48.933+05:30,,,,,,,,
6,1YVCdLuJeUtZRRHFvcQlDbZRhFpKe1H9O,1S1yVcUsBcdTqVDBkDrL_G2Hf_PJaY3Fn,shutterstock_2270132881.jpg,https://drive.google.com/file/d/1S1yVcUsBcdTqVDBkDrL_G2Hf_PJaY3Fn/view?usp=drivesdk,image/jpeg,8361938,Shutterstock,2026-02-25T00:14:48.934+05:30,,,,,,,,
6,1YVCdLuJeUtZRRHFvcQlDbZRhFpKe1H9O,1ACE_ONMAvIPuQgg_YsmDMZ8l47OCdYyx,shutterstock_2341840289.jpg,https://drive.google.com/file/d/1ACE_ONMAvIPuQgg_YsmDMZ8l47OCdYyx/view?usp=drivesdk,image/jpeg,4175156,Shutterstock,2026-02-25T00:14:48.935+05:30,,,,,,,,
6,1YVCdLuJeUtZRRHFvcQlDbZRhFpKe1H9O,1DJqi55sVbrZWV9VVDrXBW38Qx8eKcru3,shutterstock_2356321789.jpg,https://drive.google.com/file/d/1DJqi55sVbrZWV9VVDrXBW38Qx8eKcru3/view?usp=drivesdk,image/jpeg,9856597,Shutterstock,2026-02-25T00:14:48.936+05:30,,,,,,,,
6,1YVCdLuJeUtZRRHFvcQlDbZRhFpKe1H9O,12P0flG2nYJYi8VbEQju7CLOB3zoncdCB,shutterstock_2232617097.jpg,https://drive.google.com/file/d/12P0flG2nYJYi8VbEQju7CLOB3zoncdCB/view?usp=drivesdk,image/jpeg,8181214,Shutterstock,2026-02-25T00:14:48.938+05:30,,,,,,,,
6,1YVCdLuJeUtZRRHFvcQlDbZRhFpKe1H9O,1jYOLQGoSWn7mxWMUMKG8WrSWO4tTZPeY,shutterstock_2284890973.jpg,https://drive.google.com/file/d/1jYOLQGoSWn7mxWMUMKG8WrSWO4tTZPeY/view?usp=drivesdk,image/jpeg,10170438,Shutterstock,2026-02-25T00:14:48.938+05:30,,,,,,,,
6,1YVCdLuJeUtZRRHFvcQlDbZRhFpKe1H9O,18PMAiQKp9XTleA2AaQG3fkWBfv1DOX60,shutterstock_2300906089.jpg,https://drive.google.com/file/d/18PMAiQKp9XTleA2AaQG3fkWBfv1DOX60/view?usp=drivesdk,image/jpeg,15572081,Shutterstock,2026-02-25T00:14:48.939+05:30,,,,,,,,
6,1YVCdLuJeUtZRRHFvcQlDbZRhFpKe1H9O,1YdBXGb_52WRtlVHkgjB1kQ5F1fHGsbsv,shutterstock_2336481131.jpg,https://drive.google.com/file/d/1YdBXGb_52WRtlVHkgjB1kQ5F1fHGsbsv/view?usp=drivesdk,image/jpeg,9289384,Shutterstock,2026-02-25T00:14:48.940+05:30,,,,,,,,
6,1YVCdLuJeUtZRRHFvcQlDbZRhFpKe1H9O,1txQE1bIVeHEs_rFyvEnACxrk851IVNdx,shutterstock_2277813845.jpg,https://drive.google.com/file/d/1txQE1bIVeHEs_rFyvEnACxrk851IVNdx/view?usp=drivesdk,image/jpeg,9634060,Shutterstock,2026-02-25T00:14:48.941+05:30,,,,,,,,
6,1YVCdLuJeUtZRRHFvcQlDbZRhFpKe1H9O,1OR9sQ2szMoxRehWg-hEJqC9pDIZHUrBt,shutterstock_2209144621.jpg,https://drive.google.com/file/d/1OR9sQ2szMoxRehWg-hEJqC9pDIZHUrBt/view?usp=drivesdk,image/jpeg,7313451,Shutterstock,2026-02-25T00:14:48.942+05:30,,,,,,,,
6,1YVCdLuJeUtZRRHFvcQlDbZRhFpKe1H9O,1hkVeVZws2wHfG7f7_0NRhRQxRR6fTbXx,shutterstock_2079730684.jpg,https://drive.google.com/file/d/1hkVeVZws2wHfG7f7_0NRhRQxRR6fTbXx/view?usp=drivesdk,image/jpeg,5020102,Shutterstock,2026-02-25T00:14:48.943+05:30,,,,,,,,
6,1YVCdLuJeUtZRRHFvcQlDbZRhFpKe1H9O,1J4rHeRYs_iu2EkBv5-7AagyYWFiVTs6V,shutterstock_2150934241.jpg,https://drive.google.com/file/d/1J4rHeRYs_iu2EkBv5-7AagyYWFiVTs6V/view?usp=drivesdk,image/jpeg,7015502,Shutterstock,2026-02-25T00:14:48.944+05:30,,,,,,,,
6,1YVCdLuJeUtZRRHFvcQlDbZRhFpKe1H9O,1_d5nhN-vtbDRFFdanFke7xH8pZEpvgYJ,shutterstock_2184943121.jpg,https://drive.google.com/file/d/1_d5nhN-vtbDRFFdanFke7xH8pZEpvgYJ/view?usp=drivesdk,image/jpeg,14101643,Shutterstock,2026-02-25T00:14:48.945+05:30,,,,,,,,
6,1YVCdLuJeUtZRRHFvcQlDbZRhFpKe1H9O,1yUvviiaFs3ewYZBpSdCyyrXoXPxSsIVz,shutterstock_2078550682.jpg,https://drive.google.com/file/d/1yUvviiaFs3ewYZBpSdCyyrXoXPxSsIVz/view?usp=drivesdk,image/jpeg,6624019,Shutterstock,2026-02-25T00:14:48.946+05:30,,,,,,,,
6,1YVCdLuJeUtZRRHFvcQlDbZRhFpKe1H9O,1158loeOrjjDoS_c1VohsTiejjMBmz-Yr,shutterstock_2284170415.jpg,https://drive.google.com/file/d/1158loeOrjjDoS_c1VohsTiejjMBmz-Yr/view?usp=drivesdk,image/jpeg,14307847,Shutterstock,2026-02-25T00:14:48.946+05:30,,,,,,,,
6,1YVCdLuJeUtZRRHFvcQlDbZRhFpKe1H9O,1qlC7l4VTSh7-0yLC9ulN42591GPWwhxa,shutterstock_2171951673.jpg,https://drive.google.com/file/d/1qlC7l4VTSh7-0yLC9ulN42591GPWwhxa/view?usp=drivesdk,image/jpeg,9385248,Shutterstock,2026-02-25T00:14:48.947+05:30,,,,,,,,
6,1YVCdLuJeUtZRRHFvcQlDbZRhFpKe1H9O,10MD6HxgcEJzl_8nQBDyIO1MsVZnXIkbJ,shutterstock_2101047763.jpg,https://drive.google.com/file/d/10MD6HxgcEJzl_8nQBDyIO1MsVZnXIkbJ/view?usp=drivesdk,image/jpeg,2166052,Shutterstock,2026-02-25T00:14:48.948+05:30,,,,,,,,
6,1YVCdLuJeUtZRRHFvcQlDbZRhFpKe1H9O,16U4lqsQ0P7EkzssQuZ4P978KdBgXLgZI,shutterstock_2212816489.jpg,https://drive.google.com/file/d/16U4lqsQ0P7EkzssQuZ4P978KdBgXLgZI/view?usp=drivesdk,image/jpeg,11457083,Shutterstock,2026-02-25T00:14:48.949+05:30,,,,,,,,
6,1YVCdLuJeUtZRRHFvcQlDbZRhFpKe1H9O,1GXLWfTFFTA2fd-QKtC6oukRHryV_acx6,shutterstock_2234181185.jpg,https://drive.google.com/file/d/1GXLWfTFFTA2fd-QKtC6oukRHryV_acx6/view?usp=drivesdk,image/jpeg,6640280,Shutterstock,2026-02-25T00:14:48.950+05:30,,,,,,,,
6,1YVCdLuJeUtZRRHFvcQlDbZRhFpKe1H9O,1Spsaw85o-54B6WZb3xV9lG1Wg36GFIZF,shutterstock_2263912885.jpg,https://drive.google.com/file/d/1Spsaw85o-54B6WZb3xV9lG1Wg36GFIZF/view?usp=drivesdk,image/jpeg,7635097,Shutterstock,2026-02-25T00:14:48.952+05:30,,,,,,,,
6,1YVCdLuJeUtZRRHFvcQlDbZRhFpKe1H9O,1obS74pyP1NUTPyzlmSIIRB_TW-o4q2yW,shutterstock_2258359267.jpg,https://drive.google.com/file/d/1obS74pyP1NUTPyzlmSIIRB_TW-o4q2yW/view?usp=drivesdk,image/jpeg,3610872,Shutterstock,2026-02-25T00:14:48.952+05:30,,,,,,,,
6,1YVCdLuJeUtZRRHFvcQlDbZRhFpKe1H9O,1_hYITRUJsewPsNM7gIeNFXvSJpkf4T-U,shutterstock_2219825287.jpg,https://drive.google.com/file/d/1_hYITRUJsewPsNM7gIeNFXvSJpkf4T-U/view?usp=drivesdk,image/jpeg,3337234,Shutterstock,2026-02-25T00:14:48.953+05:30,,,,,,,,
6,1YVCdLuJeUtZRRHFvcQlDbZRhFpKe1H9O,1GeYoXtsAX6LS4zLZaGy_gBYW1PBULYBV,shutterstock_1945399792.jpg,https://drive.google.com/file/d/1GeYoXtsAX6LS4zLZaGy_gBYW1PBULYBV/view?usp=drivesdk,image/jpeg,4929895,Shutterstock,2026-02-25T00:14:48.954+05:30,,,,,,,,
6,1YVCdLuJeUtZRRHFvcQlDbZRhFpKe1H9O,1qbxQaS0wByppEL84SzbPxF77QeQ6uCA-,shutterstock_2086565143.jpg,https://drive.google.com/file/d/1qbxQaS0wByppEL84SzbPxF77QeQ6uCA-/view?usp=drivesdk,image/jpeg,7182533,Shutterstock,2026-02-25T00:14:48.955+05:30,,,,,,,,
6,1YVCdLuJeUtZRRHFvcQlDbZRhFpKe1H9O,1iJ7uCUqrxFsXhIt8GYFWIu1Qe1lCpaqD,shutterstock_2119128407.jpg,https://drive.google.com/file/d/1iJ7uCUqrxFsXhIt8GYFWIu1Qe1lCpaqD/view?usp=drivesdk,image/jpeg,9923607,Shutterstock,2026-02-25T00:14:48.956+05:30,,,,,,,,
6,1YVCdLuJeUtZRRHFvcQlDbZRhFpKe1H9O,1nSlXMR2aNM6d1Zugh82ZvVfVPg-pZJ9q,shutterstock_2064581669.jpg,https://drive.google.com/file/d/1nSlXMR2aNM6d1Zugh82ZvVfVPg-pZJ9q/view?usp=drivesdk,image/jpeg,7878371,Shutterstock,2026-02-25T00:14:48.957+05:30,,,,,,,,
6,1YVCdLuJeUtZRRHFvcQlDbZRhFpKe1H9O,1AvMH6Tku4g3VI921z0BK99vUJQ6OThmy,shutterstock_2040444293.jpg,https://drive.google.com/file/d/1AvMH6Tku4g3VI921z0BK99vUJQ6OThmy/view?usp=drivesdk,image/jpeg,12513976,Shutterstock,2026-02-25T00:14:48.958+05:30,,,,,,,,
6,1YVCdLuJeUtZRRHFvcQlDbZRhFpKe1H9O,1FguaeB6xIXTpstxujA2UX0LKxmXz3JVs,shutterstock_2120042933.jpg,https://drive.google.com/file/d/1FguaeB6xIXTpstxujA2UX0LKxmXz3JVs/view?usp=drivesdk,image/jpeg,10867647,Shutterstock,2026-02-25T00:14:48.958+05:30,,,,,,,,
6,1YVCdLuJeUtZRRHFvcQlDbZRhFpKe1H9O,1Fn-ZlEoxv5TxIJwaN2wufA82Yvxk5wOq,shutterstock_1979699765.jpg,https://drive.google.com/file/d/1Fn-ZlEoxv5TxIJwaN2wufA82Yvxk5wOq/view?usp=drivesdk,image/jpeg,6261149,Shutterstock,2026-02-25T00:14:48.959+05:30,,,,,,,,
6,1YVCdLuJeUtZRRHFvcQlDbZRhFpKe1H9O,11XQvtGBT3LNrhoAUHTM0e6ii4N5d9uwS,shutterstock_2104457918.jpg,https://drive.google.com/file/d/11XQvtGBT3LNrhoAUHTM0e6ii4N5d9uwS/view?usp=drivesdk,image/jpeg,4871729,Shutterstock,2026-02-25T00:14:48.960+05:30,,,,,,,,
6,1YVCdLuJeUtZRRHFvcQlDbZRhFpKe1H9O,1nz4ikEoS2IVKLVVUKA7ceBOzzC_goC3x,shutterstock_1661663446.jpg,https://drive.google.com/file/d/1nz4ikEoS2IVKLVVUKA7ceBOzzC_goC3x/view?usp=drivesdk,image/jpeg,4798029,Shutterstock,2026-02-25T00:14:48.961+05:30,,,,,,,,
6,1YVCdLuJeUtZRRHFvcQlDbZRhFpKe1H9O,1ssSLKomruKLIpWYNS0D0C83Kd1CsAuEj,shutterstock_2036186195.jpg,https://drive.google.com/file/d/1ssSLKomruKLIpWYNS0D0C83Kd1CsAuEj/view?usp=drivesdk,image/jpeg,5489426,Shutterstock,2026-02-25T00:14:48.962+05:30,,,,,,,,
6,1YVCdLuJeUtZRRHFvcQlDbZRhFpKe1H9O,1GTXLP2oxGRfd2JPSiucfZ9HaoeCSCgBV,shutterstock_2003176019.jpg,https://drive.google.com/file/d/1GTXLP2oxGRfd2JPSiucfZ9HaoeCSCgBV/view?usp=drivesdk,image/jpeg,6023533,Shutterstock,2026-02-25T00:14:48.963+05:30,,,,,,,,
6,1YVCdLuJeUtZRRHFvcQlDbZRhFpKe1H9O,1rpVW9SlVFm9DGS-l_fVguPPtpoW3cTiN,shutterstock_2034746486.jpg,https://drive.google.com/file/d/1rpVW9SlVFm9DGS-l_fVguPPtpoW3cTiN/view?usp=drivesdk,image/jpeg,11437944,Shutterstock,2026-02-25T00:14:48.964+05:30,,,,,,,,
6,1YVCdLuJeUtZRRHFvcQlDbZRhFpKe1H9O,1pBQ1s6Lo7uEwCdBcAPbaMAoCvEya75cY,shutterstock_715100053.jpg,https://drive.google.com/file/d/1pBQ1s6Lo7uEwCdBcAPbaMAoCvEya75cY/view?usp=drivesdk,image/jpeg,3400682,Shutterstock,2026-02-25T00:14:48.965+05:30,,,,,,,,
6,1YVCdLuJeUtZRRHFvcQlDbZRhFpKe1H9O,14hO7LYT_m31YRlMDB7PIrTtsxXfgbfVB,shutterstock_2032851380.jpg,https://drive.google.com/file/d/14hO7LYT_m31YRlMDB7PIrTtsxXfgbfVB/view?usp=drivesdk,image/jpeg,8743382,Shutterstock,2026-02-25T00:14:48.966+05:30,,,,,,,,
6,1YVCdLuJeUtZRRHFvcQlDbZRhFpKe1H9O,1_lkM34rU6YffNoT9WVSmtsZdJXTkRHLq,shutterstock_1922734850.jpg,https://drive.google.com/file/d/1_lkM34rU6YffNoT9WVSmtsZdJXTkRHLq/view?usp=drivesdk,image/jpeg,5331365,Shutterstock,2026-02-25T00:14:48.968+05:30,,,,,,,,
6,1YVCdLuJeUtZRRHFvcQlDbZRhFpKe1H9O,1IJkSIothwal_BP1jUpQF5d-ELpjvAn_x,shutterstock_1930294049.jpg,https://drive.google.com/file/d/1IJkSIothwal_BP1jUpQF5d-ELpjvAn_x/view?usp=drivesdk,image/jpeg,7332371,Shutterstock,2026-02-25T00:14:48.968+05:30,,,,,,,,
6,1YVCdLuJeUtZRRHFvcQlDbZRhFpKe1H9O,1_CCArTdWz__AgQ6y9aBZ8B1hzqzcYS3l,shutterstock_1104131750.jpg,https://drive.google.com/file/d/1_CCArTdWz__AgQ6y9aBZ8B1hzqzcYS3l/view?usp=drivesdk,image/jpeg,8041929,Shutterstock,2026-02-25T00:14:48.970+05:30,,,,,,,,
6,1YVCdLuJeUtZRRHFvcQlDbZRhFpKe1H9O,1jvtuTW8RIj-zLjiLe6wB7BaVbIVwk2A9,shutterstock_1660725319.jpg,https://drive.google.com/file/d/1jvtuTW8RIj-zLjiLe6wB7BaVbIVwk2A9/view?usp=drivesdk,image/jpeg,6839646,Shutterstock,2026-02-25T00:14:48.973+05:30,,,,,,,,
6,1YVCdLuJeUtZRRHFvcQlDbZRhFpKe1H9O,1SjlQArVRn9mC48JeMFx8dQQnCSUj0tc7,shutterstock_662833021.jpg,https://drive.google.com/file/d/1SjlQArVRn9mC48JeMFx8dQQnCSUj0tc7/view?usp=drivesdk,image/jpeg,12795842,Shutterstock,2026-02-25T00:14:48.974+05:30,,,,,,,,
6,1YVCdLuJeUtZRRHFvcQlDbZRhFpKe1H9O,1JBfwAwiNWGZ22yICYKdu-kzToV3dbkTo,shutterstock_1407616286.jpg,https://drive.google.com/file/d/1JBfwAwiNWGZ22yICYKdu-kzToV3dbkTo/view?usp=drivesdk,image/jpeg,11886558,Shutterstock,2026-02-25T00:14:48.976+05:30,,,,,,,,
6,1YVCdLuJeUtZRRHFvcQlDbZRhFpKe1H9O,1eS7qoYhFyJDwlnsT_-aif8njqy6AuyFD,shutterstock_1380061061.jpg,https://drive.google.com/file/d/1eS7qoYhFyJDwlnsT_-aif8njqy6AuyFD/view?usp=drivesdk,image/jpeg,14707310,Shutterstock,2026-02-25T00:14:48.977+05:30,,,,,,,,
6,1YVCdLuJeUtZRRHFvcQlDbZRhFpKe1H9O,1Lpq3kpMMzz7YJiuTcoPgmaVJwKl1K6Gd,shutterstock_1341139490.jpg,https://drive.google.com/file/d/1Lpq3kpMMzz7YJiuTcoPgmaVJwKl1K6Gd/view?usp=drivesdk,image/jpeg,5164765,Shutterstock,2026-02-25T00:14:48.978+05:30,,,,,,,,
6,1YVCdLuJeUtZRRHFvcQlDbZRhFpKe1H9O,1n108CDB7v_itACs4FMlgYilHYmKvnbX_,shutterstock_703589686.jpg,https://drive.google.com/file/d/1n108CDB7v_itACs4FMlgYilHYmKvnbX_/view?usp=drivesdk,image/jpeg,5162857,Shutterstock,2026-02-25T00:14:48.982+05:30,,,,,,,,
6,1YVCdLuJeUtZRRHFvcQlDbZRhFpKe1H9O,1t6eBaZnm3sgzju0lDnjAJiQrXAcELiu8,shutterstock_1540608245.jpg,https://drive.google.com/file/d/1t6eBaZnm3sgzju0lDnjAJiQrXAcELiu8/view?usp=drivesdk,image/jpeg,5176418,Shutterstock,2026-02-25T00:14:48.984+05:30,,,,,,,,
6,1YVCdLuJeUtZRRHFvcQlDbZRhFpKe1H9O,1-TR6_GjFVyySSDPE8-MXxlbZKK5l0bZ1,shutterstock_1104796736.jpg,https://drive.google.com/file/d/1-TR6_GjFVyySSDPE8-MXxlbZKK5l0bZ1/view?usp=drivesdk,image/jpeg,5533541,Shutterstock,2026-02-25T00:14:48.988+05:30,,,,,,,,
6,1YVCdLuJeUtZRRHFvcQlDbZRhFpKe1H9O,1faN6hcAbIntDxowGWet6koScm5Hsf_iQ,shutterstock_1313550566.jpg,https://drive.google.com/file/d/1faN6hcAbIntDxowGWet6koScm5Hsf_iQ/view?usp=drivesdk,image/jpeg,4589152,Shutterstock,2026-02-25T00:14:48.989+05:30,,,,,,,,
6,1YVCdLuJeUtZRRHFvcQlDbZRhFpKe1H9O,1fdv4b980YRtBI46l5d8p6JIFmdfVTygJ,shutterstock_1341702176.jpg,https://drive.google.com/file/d/1fdv4b980YRtBI46l5d8p6JIFmdfVTygJ/view?usp=drivesdk,image/jpeg,10557578,Shutterstock,2026-02-25T00:14:48.993+05:30,,,,,,,,
6,1YVCdLuJeUtZRRHFvcQlDbZRhFpKe1H9O,17bkgKHC4TA_X0lR26wcOvPu6tbTM6iBf,shutterstock_1487625023.jpg,https://drive.google.com/file/d/17bkgKHC4TA_X0lR26wcOvPu6tbTM6iBf/view?usp=drivesdk,image/jpeg,5989094,Shutterstock,2026-02-25T00:14:48.997+05:30,,,,,,,,
6,1YVCdLuJeUtZRRHFvcQlDbZRhFpKe1H9O,1FT--M7dH5tVYuOmqrQB5FYLSjnx1t1NT,shutterstock_2186005691.jpg,https://drive.google.com/file/d/1FT--M7dH5tVYuOmqrQB5FYLSjnx1t1NT/view?usp=drivesdk,image/jpeg,3680318,Shutterstock,2026-02-25T00:14:48.998+05:30,,,,,,,,
6,1YVCdLuJeUtZRRHFvcQlDbZRhFpKe1H9O,13QP9mV15AOtfRnhwLtrIcXW1Q07nu2p5,shutterstock_1986488411.jpg,https://drive.google.com/file/d/13QP9mV15AOtfRnhwLtrIcXW1Q07nu2p5/view?usp=drivesdk,image/jpeg,12369325,Shutterstock,2026-02-25T00:14:49.000+05:30,,,,,,,,
6,1YVCdLuJeUtZRRHFvcQlDbZRhFpKe1H9O,1q3pVMM2yCN5EaW64Guz62tvYfK-Cd72u,shutterstock_1135978331.jpg,https://drive.google.com/file/d/1q3pVMM2yCN5EaW64Guz62tvYfK-Cd72u/view?usp=drivesdk,image/jpeg,10724386,Shutterstock,2026-02-25T00:14:49.002+05:30,,,,,,,,
6,1YVCdLuJeUtZRRHFvcQlDbZRhFpKe1H9O,1vqloLeZsZR6kplq4LrLa42x_Nf2YBLT_,shutterstock_1735851617.jpg,https://drive.google.com/file/d/1vqloLeZsZR6kplq4LrLa42x_Nf2YBLT_/view?usp=drivesdk,image/jpeg,11427813,Shutterstock,2026-02-25T00:14:49.003+05:30,,,,,,,,
6,1YVCdLuJeUtZRRHFvcQlDbZRhFpKe1H9O,1zHgsQMKZbNNDCXvZL4dUnQQvgsVzDC0i,shutterstock_2367002665.jpg,https://drive.google.com/file/d/1zHgsQMKZbNNDCXvZL4dUnQQvgsVzDC0i/view?usp=drivesdk,image/jpeg,4302314,Shutterstock,2026-02-25T00:14:49.004+05:30,,,,,,,,
6,1YVCdLuJeUtZRRHFvcQlDbZRhFpKe1H9O,1Ew0QrP5Z_PegFHDJU-YSLhhy8FzpCRoU,shutterstock_2149237967.jpg,https://drive.google.com/file/d/1Ew0QrP5Z_PegFHDJU-YSLhhy8FzpCRoU/view?usp=drivesdk,image/jpeg,3557879,Shutterstock,2026-02-25T00:14:49.005+05:30,,,,,,,,
6,1YVCdLuJeUtZRRHFvcQlDbZRhFpKe1H9O,11wNqSM5WNJKtGH-ieqx5o7DkA-D0cI_r,shutterstock_1161854047.jpg,https://drive.google.com/file/d/11wNqSM5WNJKtGH-ieqx5o7DkA-D0cI_r/view?usp=drivesdk,image/jpeg,6191688,Shutterstock,2026-02-25T00:14:49.006+05:30,,,,,,,,
6,1YVCdLuJeUtZRRHFvcQlDbZRhFpKe1H9O,1zbsPIWB5lwMUPusDdCNEyhF9n3u2hmLc,shutterstock_2258944449.jpg,https://drive.google.com/file/d/1zbsPIWB5lwMUPusDdCNEyhF9n3u2hmLc/view?usp=drivesdk,image/jpeg,3347545,Shutterstock,2026-02-25T00:14:49.007+05:30,,,,,,,,
6,1YVCdLuJeUtZRRHFvcQlDbZRhFpKe1H9O,1ujWJ0-dGRxdACJin1eRqCw_8Xt-0Vh9r,shutterstock_2089962394.jpg,https://drive.google.com/file/d/1ujWJ0-dGRxdACJin1eRqCw_8Xt-0Vh9r/view?usp=drivesdk,image/jpeg,5959697,Shutterstock,2026-02-25T00:14:49.008+05:30,,,,,,,,
6,1YVCdLuJeUtZRRHFvcQlDbZRhFpKe1H9O,16awT1_uCCWUl9SHrddpfw6d6V_TvvI0f,shutterstock_1699780642.jpg,https://drive.google.com/file/d/16awT1_uCCWUl9SHrddpfw6d6V_TvvI0f/view?usp=drivesdk,image/jpeg,4861330,Shutterstock,2026-02-25T00:14:49.009+05:30,,,,,,,,
6,1YVCdLuJeUtZRRHFvcQlDbZRhFpKe1H9O,1B9nc8lkGjqQ7rkqrU1dhIgOW6y-7YH_O,shutterstock_2082485278.jpg,https://drive.google.com/file/d/1B9nc8lkGjqQ7rkqrU1dhIgOW6y-7YH_O/view?usp=drivesdk,image/jpeg,2106813,Shutterstock,2026-02-25T00:14:49.010+05:30,,,,,,,,
6,1YVCdLuJeUtZRRHFvcQlDbZRhFpKe1H9O,19ATfLD2gaCwHUJ-xxPYBTosLIYRLnWRT,shutterstock_2345055727.jpg,https://drive.google.com/file/d/19ATfLD2gaCwHUJ-xxPYBTosLIYRLnWRT/view?usp=drivesdk,image/jpeg,5595357,Shutterstock,2026-02-25T00:14:49.011+05:30,,,,,,,,
6,1YVCdLuJeUtZRRHFvcQlDbZRhFpKe1H9O,1pqOlqfuKbcD_7zxSrph2XYNHd4Tc1Wcv,shutterstock_2102457385.jpg,https://drive.google.com/file/d/1pqOlqfuKbcD_7zxSrph2XYNHd4Tc1Wcv/view?usp=drivesdk,image/jpeg,3473973,Shutterstock,2026-02-25T00:14:49.011+05:30,,,,,,,,
6,1YVCdLuJeUtZRRHFvcQlDbZRhFpKe1H9O,1yUufU3h8qsqI3BxqM4JUKD52snrQXQWE,shutterstock_695764723.jpg,https://drive.google.com/file/d/1yUufU3h8qsqI3BxqM4JUKD52snrQXQWE/view?usp=drivesdk,image/jpeg,2252711,Shutterstock,2026-02-25T00:14:49.014+05:30,,,,,,,,
6,1YVCdLuJeUtZRRHFvcQlDbZRhFpKe1H9O,1eWTrDwvsN4f2IuLVGN_M9xh-17rzgjd_,shutterstock_1443390956.jpg,https://drive.google.com/file/d/1eWTrDwvsN4f2IuLVGN_M9xh-17rzgjd_/view?usp=drivesdk,image/jpeg,13107651,Shutterstock,2026-02-25T00:14:49.015+05:30,,,,,,,,
6,1YVCdLuJeUtZRRHFvcQlDbZRhFpKe1H9O,11IRyenew1KxzUwkvb2d0SS_G5A3b5BdG,shutterstock_2278202745.jpg,https://drive.google.com/file/d/11IRyenew1KxzUwkvb2d0SS_G5A3b5BdG/view?usp=drivesdk,image/jpeg,11170222,Shutterstock,2026-02-25T00:14:49.016+05:30,,,,,,,,
6,1YVCdLuJeUtZRRHFvcQlDbZRhFpKe1H9O,1iZB2eglt2qw8y8Sgt48rzK9jNGVSovWr,shutterstock_113675095.jpg,https://drive.google.com/file/d/1iZB2eglt2qw8y8Sgt48rzK9jNGVSovWr/view?usp=drivesdk,image/jpeg,4878108,Shutterstock,2026-02-25T00:14:49.017+05:30,,,,,,,,
6,1YVCdLuJeUtZRRHFvcQlDbZRhFpKe1H9O,10ua8YC44B6yUYzdrTGnSzoKaxLB5OwBd,shutterstock_2030685662.jpg,https://drive.google.com/file/d/10ua8YC44B6yUYzdrTGnSzoKaxLB5OwBd/view?usp=drivesdk,image/jpeg,5284446,Shutterstock,2026-02-25T00:14:49.018+05:30,,,,,,,,
6,1YVCdLuJeUtZRRHFvcQlDbZRhFpKe1H9O,1btMZ7AGwy5sTdPIHXbFTv3WCYqawaPsR,shutterstock_613972637.jpg,https://drive.google.com/file/d/1btMZ7AGwy5sTdPIHXbFTv3WCYqawaPsR/view?usp=drivesdk,image/jpeg,12033471,Shutterstock,2026-02-25T00:14:49.019+05:30,,,,,,,,
6,1YVCdLuJeUtZRRHFvcQlDbZRhFpKe1H9O,1lVrMJeMmA0Vgyj6cyhkEHW6ayZF7qt5I,shutterstock_442059196.jpg,https://drive.google.com/file/d/1lVrMJeMmA0Vgyj6cyhkEHW6ayZF7qt5I/view?usp=drivesdk,image/jpeg,7696870,Shutterstock,2026-02-25T00:14:49.020+05:30,,,,,,,,
6,1YVCdLuJeUtZRRHFvcQlDbZRhFpKe1H9O,1YQpYb5n2AV9jxOSeKEpaFyWJkotxHKQD,shutterstock_519894901.jpg,https://drive.google.com/file/d/1YQpYb5n2AV9jxOSeKEpaFyWJkotxHKQD/view?usp=drivesdk,image/jpeg,8011180,Shutterstock,2026-02-25T00:14:49.021+05:30,,,,,,,,
6,1YVCdLuJeUtZRRHFvcQlDbZRhFpKe1H9O,1o0K6RAZlRS_CooX8HBv_S8K3h8YNfuwk,shutterstock_453829501.jpg,https://drive.google.com/file/d/1o0K6RAZlRS_CooX8HBv_S8K3h8YNfuwk/view?usp=drivesdk,image/jpeg,4082551,Shutterstock,2026-02-25T00:14:49.022+05:30,,,,,,,,
6,1YVCdLuJeUtZRRHFvcQlDbZRhFpKe1H9O,1_LRcO-c54lH3BsFUvwZCOiVPRbxt3ppv,shutterstock_396355879.jpg,https://drive.google.com/file/d/1_LRcO-c54lH3BsFUvwZCOiVPRbxt3ppv/view?usp=drivesdk,image/jpeg,6143551,Shutterstock,2026-02-25T00:14:49.023+05:30,,,,,,,,
6,1YVCdLuJeUtZRRHFvcQlDbZRhFpKe1H9O,1HC5TtnJ0C1gL82rpTH3DqpyDfV6pqb_4,shutterstock_445366585.jpg,https://drive.google.com/file/d/1HC5TtnJ0C1gL82rpTH3DqpyDfV6pqb_4/view?usp=drivesdk,image/jpeg,7545171,Shutterstock,2026-02-25T00:14:49.024+05:30,,,,,,,,
6,1YVCdLuJeUtZRRHFvcQlDbZRhFpKe1H9O,1DS2R15KxPq-BgvvXMcud95ilFKoNUyUJ,shutterstock_2287610391.jpg,https://drive.google.com/file/d/1DS2R15KxPq-BgvvXMcud95ilFKoNUyUJ/view?usp=drivesdk,image/jpeg,6790790,Shutterstock,2026-02-25T00:14:49.025+05:30,,,,,,,,
6,1YVCdLuJeUtZRRHFvcQlDbZRhFpKe1H9O,1DH-JEAzUhBGZHfuOxWCPatS8W_DfIHdt,shutterstock_2322797869.jpg,https://drive.google.com/file/d/1DH-JEAzUhBGZHfuOxWCPatS8W_DfIHdt/view?usp=drivesdk,image/jpeg,9881281,Shutterstock,2026-02-25T00:14:49.025+05:30,,,,,,,,
6,1YVCdLuJeUtZRRHFvcQlDbZRhFpKe1H9O,1DGeExVlIxzi8FqwlIsDhJqEA6abZk7Aj,shutterstock_2162001981.jpg,https://drive.google.com/file/d/1DGeExVlIxzi8FqwlIsDhJqEA6abZk7Aj/view?usp=drivesdk,image/jpeg,4914672,Shutterstock,2026-02-25T00:14:49.027+05:30,,,,,,,,
6,1YVCdLuJeUtZRRHFvcQlDbZRhFpKe1H9O,1WvUwByvoAx5wb9ohrj9hUibVlX4WH5yl,shutterstock_2197444629.jpg,https://drive.google.com/file/d/1WvUwByvoAx5wb9ohrj9hUibVlX4WH5yl/view?usp=drivesdk,image/jpeg,8314228,Shutterstock,2026-02-25T00:14:49.028+05:30,,,,,,,,
6,1YVCdLuJeUtZRRHFvcQlDbZRhFpKe1H9O,1Xx-wFaOqcwTLxpui23lSGDHUM1_SGXtN,shutterstock_2424322885.jpg,https://drive.google.com/file/d/1Xx-wFaOqcwTLxpui23lSGDHUM1_SGXtN/view?usp=drivesdk,image/jpeg,4280496,Shutterstock,2026-02-25T00:14:49.030+05:30,,,,,,,,
6,1YVCdLuJeUtZRRHFvcQlDbZRhFpKe1H9O,19beKAkE1yLJ3sSOb7VQc6dl7dy-DUIKc,shutterstock_1746589004.jpg,https://drive.google.com/file/d/19beKAkE1yLJ3sSOb7VQc6dl7dy-DUIKc/view?usp=drivesdk,image/jpeg,6718448,Shutterstock,2026-02-25T00:14:49.032+05:30,,,,,,,,
6,1YVCdLuJeUtZRRHFvcQlDbZRhFpKe1H9O,1JcvRWDCjZ6LxN7V8WiBFLPBB4cTg5nBE,shutterstock_1378342613.jpg,https://drive.google.com/file/d/1JcvRWDCjZ6LxN7V8WiBFLPBB4cTg5nBE/view?usp=drivesdk,image/jpeg,1337614,Shutterstock,2026-02-25T00:14:49.033+05:30,,,,,,,,
6,1YVCdLuJeUtZRRHFvcQlDbZRhFpKe1H9O,1KUXquDZKgRoQJmaamaAhj-FBdAqaxKoJ,shutterstock_2323141171.jpg,https://drive.google.com/file/d/1KUXquDZKgRoQJmaamaAhj-FBdAqaxKoJ/view?usp=drivesdk,image/jpeg,2835170,Shutterstock,2026-02-25T00:14:49.035+05:30,,,,,,,,
6,1YVCdLuJeUtZRRHFvcQlDbZRhFpKe1H9O,1Uvoy2QGQj7G_atvZj3PhEGzkiZacl9BZ,shutterstock_1626375367.jpg,https://drive.google.com/file/d/1Uvoy2QGQj7G_atvZj3PhEGzkiZacl9BZ/view?usp=drivesdk,image/jpeg,10996097,Shutterstock,2026-02-25T00:14:49.036+05:30,,,,,,,,
6,1YVCdLuJeUtZRRHFvcQlDbZRhFpKe1H9O,1CyupvkwXKxBPNv10BBFs9-0SCF5QtWqu,shutterstock_93957508.jpg,https://drive.google.com/file/d/1CyupvkwXKxBPNv10BBFs9-0SCF5QtWqu/view?usp=drivesdk,image/jpeg,2752611,Shutterstock,2026-02-25T00:14:49.037+05:30,,,,,,,,
6,1YVCdLuJeUtZRRHFvcQlDbZRhFpKe1H9O,1Cxat4G2PQ7tHCUv9n_SYL3f3ww2GdLyk,shutterstock_1938079744.jpg,https://drive.google.com/file/d/1Cxat4G2PQ7tHCUv9n_SYL3f3ww2GdLyk/view?usp=drivesdk,image/jpeg,9243175,Shutterstock,2026-02-25T00:14:49.038+05:30,,,,,,,,
6,1YVCdLuJeUtZRRHFvcQlDbZRhFpKe1H9O,1m72UP0KmJtg_gGrWDs9I0f3Wl7XSI-1T,shutterstock_395066779.jpg,https://drive.google.com/file/d/1m72UP0KmJtg_gGrWDs9I0f3Wl7XSI-1T/view?usp=drivesdk,image/jpeg,10358205,Shutterstock,2026-02-25T00:14:49.039+05:30,,,,,,,,
6,1YVCdLuJeUtZRRHFvcQlDbZRhFpKe1H9O,17yVTSxjUOAeJPQZhDypKGx5HsMh36CwT,shutterstock_2201547845.jpg,https://drive.google.com/file/d/17yVTSxjUOAeJPQZhDypKGx5HsMh36CwT/view?usp=drivesdk,image/jpeg,3781165,Shutterstock,2026-02-25T00:14:49.040+05:30,,,,,,,,
6,1YVCdLuJeUtZRRHFvcQlDbZRhFpKe1H9O,1fbRo-LeytQe1RoScrhtfTfH2ehhdumDT,shutterstock_2461090373.jpg,https://drive.google.com/file/d/1fbRo-LeytQe1RoScrhtfTfH2ehhdumDT/view?usp=drivesdk,image/jpeg,2392444,Shutterstock,2026-02-25T00:14:49.042+05:30,,,,,,,,
6,1YVCdLuJeUtZRRHFvcQlDbZRhFpKe1H9O,16n_NSMPD2w00CHHwd2Qe-ps2BYJOLg-y,shutterstock_2466621905.jpg,https://drive.google.com/file/d/16n_NSMPD2w00CHHwd2Qe-ps2BYJOLg-y/view?usp=drivesdk,image/jpeg,13143828,Shutterstock,2026-02-25T00:14:49.043+05:30,,,,,,,,
6,1YVCdLuJeUtZRRHFvcQlDbZRhFpKe1H9O,1EIP8oHP13kuupiZItLn35Yt_Khp7XZtS,shutterstock_2438057403.jpg,https://drive.google.com/file/d/1EIP8oHP13kuupiZItLn35Yt_Khp7XZtS/view?usp=drivesdk,image/jpeg,1950389,Shutterstock,2026-02-25T00:14:49.044+05:30,,,,,,,,
6,1YVCdLuJeUtZRRHFvcQlDbZRhFpKe1H9O,1RstdX9eX3hEXB4B2dhgCj9_1kdKd61fn,shutterstock_2200894171.jpg,https://drive.google.com/file/d/1RstdX9eX3hEXB4B2dhgCj9_1kdKd61fn/view?usp=drivesdk,image/jpeg,3191693,Shutterstock,2026-02-25T00:14:49.045+05:30,,,,,,,,
6,1YVCdLuJeUtZRRHFvcQlDbZRhFpKe1H9O,1DZzbvhduMDRHloA9NYIdpReebicSfj9h,shutterstock_2299688857.jpg,https://drive.google.com/file/d/1DZzbvhduMDRHloA9NYIdpReebicSfj9h/view?usp=drivesdk,image/jpeg,3032139,Shutterstock,2026-02-25T00:14:49.046+05:30,,,,,,,,
6,1YVCdLuJeUtZRRHFvcQlDbZRhFpKe1H9O,1MN5Fh_lWMIHyYkb0V-GyXABT-EOUhT0c,shutterstock_2271267215.jpg,https://drive.google.com/file/d/1MN5Fh_lWMIHyYkb0V-GyXABT-EOUhT0c/view?usp=drivesdk,image/jpeg,13462910,Shutterstock,2026-02-25T00:14:49.047+05:30,,,,,,,,
6,1YVCdLuJeUtZRRHFvcQlDbZRhFpKe1H9O,1ibB6jgfS6qx5_7DYu43Kzz-WSjf4LxtT,shutterstock_2302831023.jpg,https://drive.google.com/file/d/1ibB6jgfS6qx5_7DYu43Kzz-WSjf4LxtT/view?usp=drivesdk,image/jpeg,11428477,Shutterstock,2026-02-25T00:14:49.048+05:30,,,,,,,,
6,1YVCdLuJeUtZRRHFvcQlDbZRhFpKe1H9O,1oNZ4eMFgmf08DFpTWtykU8G8gtHx3WZo,shutterstock_2475090821.jpg,https://drive.google.com/file/d/1oNZ4eMFgmf08DFpTWtykU8G8gtHx3WZo/view?usp=drivesdk,image/jpeg,5901358,Shutterstock,2026-02-25T00:14:49.049+05:30,,,,,,,,
6,1YVCdLuJeUtZRRHFvcQlDbZRhFpKe1H9O,1yDzjGGGSbBGxPKVgRHnxoH0KmDRclZsq,shutterstock_2461064785.jpg,https://drive.google.com/file/d/1yDzjGGGSbBGxPKVgRHnxoH0KmDRclZsq/view?usp=drivesdk,image/jpeg,5294863,Shutterstock,2026-02-25T00:14:49.050+05:30,,,,,,,,
6,1YVCdLuJeUtZRRHFvcQlDbZRhFpKe1H9O,1C3RXla81K1t7GqJ2VEMaHPCRASnbQO2T,shutterstock_2471257911.jpg,https://drive.google.com/file/d/1C3RXla81K1t7GqJ2VEMaHPCRASnbQO2T/view?usp=drivesdk,image/jpeg,3867484,Shutterstock,2026-02-25T00:14:49.051+05:30,,,,,,,,
6,1YVCdLuJeUtZRRHFvcQlDbZRhFpKe1H9O,1JU7bSmJgqnfZOvOPcJoPcH9MjjB0qayd,shutterstock_2287651215.jpg,https://drive.google.com/file/d/1JU7bSmJgqnfZOvOPcJoPcH9MjjB0qayd/view?usp=drivesdk,image/jpeg,11325483,Shutterstock,2026-02-25T00:14:49.052+05:30,,,,,,,,
6,1YVCdLuJeUtZRRHFvcQlDbZRhFpKe1H9O,1wxaQFwUgl1QRNdD87fwtWGRGBN6xAQAr,shutterstock_2188915871.jpg,https://drive.google.com/file/d/1wxaQFwUgl1QRNdD87fwtWGRGBN6xAQAr/view?usp=drivesdk,image/jpeg,6533206,Shutterstock,2026-02-25T00:14:49.053+05:30,,,,,,,,
6,1YVCdLuJeUtZRRHFvcQlDbZRhFpKe1H9O,1BnlYe5MvY7E0XAMKVAQEIUYmXauZKraF,shutterstock_2056414424.jpg,https://drive.google.com/file/d/1BnlYe5MvY7E0XAMKVAQEIUYmXauZKraF/view?usp=drivesdk,image/jpeg,3186266,Shutterstock,2026-02-25T00:14:49.054+05:30,,,,,,,,
6,1YVCdLuJeUtZRRHFvcQlDbZRhFpKe1H9O,1BF0KoCWZ50sG1N9a3jXy-H7PFmajZXx1,shutterstock_567879337.jpg,https://drive.google.com/file/d/1BF0KoCWZ50sG1N9a3jXy-H7PFmajZXx1/view?usp=drivesdk,image/jpeg,7034162,Shutterstock,2026-02-25T00:14:49.055+05:30,,,,,,,,
6,1YVCdLuJeUtZRRHFvcQlDbZRhFpKe1H9O,12dDqvb9BkS7QNRzkrMmsrM8wYFjaHGCK,shutterstock_1079923613.jpg,https://drive.google.com/file/d/12dDqvb9BkS7QNRzkrMmsrM8wYFjaHGCK/view?usp=drivesdk,image/jpeg,11239550,Shutterstock,2026-02-25T00:14:49.056+05:30,,,,,,,,
6,1YVCdLuJeUtZRRHFvcQlDbZRhFpKe1H9O,10xA0Y6KBNq2oxCFlmft3dbvwaraDbDUu,shutterstock_2056423790.jpg,https://drive.google.com/file/d/10xA0Y6KBNq2oxCFlmft3dbvwaraDbDUu/view?usp=drivesdk,image/jpeg,4649368,Shutterstock,2026-02-25T00:14:49.057+05:30,,,,,,,,
6,1YVCdLuJeUtZRRHFvcQlDbZRhFpKe1H9O,1vb469ePdqeVf71k3vj024wW2xmIT7ZtI,shutterstock_1419976127.jpg,https://drive.google.com/file/d/1vb469ePdqeVf71k3vj024wW2xmIT7ZtI/view?usp=drivesdk,image/jpeg,4385491,Shutterstock,2026-02-25T00:14:49.058+05:30,,,,,,,,
6,1YVCdLuJeUtZRRHFvcQlDbZRhFpKe1H9O,1jxcvL9ikuZkw5hYDwl7qM4HZU8Mj0hH4,shutterstock_2249889569.jpg,https://drive.google.com/file/d/1jxcvL9ikuZkw5hYDwl7qM4HZU8Mj0hH4/view?usp=drivesdk,image/jpeg,11253288,Shutterstock,2026-02-25T00:14:49.059+05:30,,,,,,,,
6,1YVCdLuJeUtZRRHFvcQlDbZRhFpKe1H9O,1RiPq7EQo4HLcRF4I7_bMjg2CE2nzRCTy,shutterstock_2435055163.jpg,https://drive.google.com/file/d/1RiPq7EQo4HLcRF4I7_bMjg2CE2nzRCTy/view?usp=drivesdk,image/jpeg,7015524,Shutterstock,2026-02-25T00:14:49.060+05:30,,,,,,,,
6,1YVCdLuJeUtZRRHFvcQlDbZRhFpKe1H9O,1mk73t40uMtGvuYVDWnNzyi9AtU7hbH2J,shutterstock_2140347409.jpg,https://drive.google.com/file/d/1mk73t40uMtGvuYVDWnNzyi9AtU7hbH2J/view?usp=drivesdk,image/jpeg,5069431,Shutterstock,2026-02-25T00:14:49.061+05:30,,,,,,,,
6,1YVCdLuJeUtZRRHFvcQlDbZRhFpKe1H9O,14COLJggaNcFr9l7H6WedEpMm_2461VC0,shutterstock_2255445473.jpg,https://drive.google.com/file/d/14COLJggaNcFr9l7H6WedEpMm_2461VC0/view?usp=drivesdk,image/jpeg,13414590,Shutterstock,2026-02-25T00:14:49.062+05:30,,,,,,,,
6,1YVCdLuJeUtZRRHFvcQlDbZRhFpKe1H9O,1K7xxFWilaJkUAKxN-MmjNAZ58yRYo5SU,shutterstock_2207032637.jpg,https://drive.google.com/file/d/1K7xxFWilaJkUAKxN-MmjNAZ58yRYo5SU/view?usp=drivesdk,image/jpeg,3870418,Shutterstock,2026-02-25T00:14:49.063+05:30,,,,,,,,
6,1YVCdLuJeUtZRRHFvcQlDbZRhFpKe1H9O,1mqQIBp9UiMDRKGIgldbB8GQE-UJkrMBW,shutterstock_2355317485.jpg,https://drive.google.com/file/d/1mqQIBp9UiMDRKGIgldbB8GQE-UJkrMBW/view?usp=drivesdk,image/jpeg,12486595,Shutterstock,2026-02-25T00:14:49.064+05:30,,,,,,,,
6,1YVCdLuJeUtZRRHFvcQlDbZRhFpKe1H9O,11gGz2UeiuJJ-X9AJDQQOXaFpOivYEi2y,shutterstock_2191880035.jpg,https://drive.google.com/file/d/11gGz2UeiuJJ-X9AJDQQOXaFpOivYEi2y/view?usp=drivesdk,image/jpeg,11950391,Shutterstock,2026-02-25T00:14:49.066+05:30,,,,,,,,
6,1YVCdLuJeUtZRRHFvcQlDbZRhFpKe1H9O,1A-bsVQIgGFGbf0x9gb7DKGDvNYpBJ8GS,shutterstock_2223014335.jpg,https://drive.google.com/file/d/1A-bsVQIgGFGbf0x9gb7DKGDvNYpBJ8GS/view?usp=drivesdk,image/jpeg,5220254,Shutterstock,2026-02-25T00:14:49.067+05:30,,,,,,,,
6,1YVCdLuJeUtZRRHFvcQlDbZRhFpKe1H9O,1Lkyx8SLJVt14nArU9EzDDgsFHW33PwjS,shutterstock_2287651241.jpg,https://drive.google.com/file/d/1Lkyx8SLJVt14nArU9EzDDgsFHW33PwjS/view?usp=drivesdk,image/jpeg,11481419,Shutterstock,2026-02-25T00:14:49.068+05:30,,,,,,,,
6,1YVCdLuJeUtZRRHFvcQlDbZRhFpKe1H9O,1AyKOrDk32OyFtaytT_YSuYTDu5REyJCL,shutterstock_2317213089.jpg,https://drive.google.com/file/d/1AyKOrDk32OyFtaytT_YSuYTDu5REyJCL/view?usp=drivesdk,image/jpeg,3450918,Shutterstock,2026-02-25T00:14:49.069+05:30,,,,,,,,
6,1YVCdLuJeUtZRRHFvcQlDbZRhFpKe1H9O,1AwnESVoyQUYPd0fo3K8KrICNPf2ZPZAa,shutterstock_1928079041.jpg,https://drive.google.com/file/d/1AwnESVoyQUYPd0fo3K8KrICNPf2ZPZAa/view?usp=drivesdk,image/jpeg,3810797,Shutterstock,2026-02-25T00:14:49.070+05:30,,,,,,,,
6,1YVCdLuJeUtZRRHFvcQlDbZRhFpKe1H9O,1YwGpnSXAtemqLGXCtySyXxS1aJjqsSNN,shutterstock_295381787.jpg,https://drive.google.com/file/d/1YwGpnSXAtemqLGXCtySyXxS1aJjqsSNN/view?usp=drivesdk,image/jpeg,5828523,Shutterstock,2026-02-25T00:14:49.070+05:30,,,,,,,,
6,1YVCdLuJeUtZRRHFvcQlDbZRhFpKe1H9O,1tPjIDWHVu9bBPeXDQNz9WSSQZtJNF1Rn,shutterstock_499997395.jpg,https://drive.google.com/file/d/1tPjIDWHVu9bBPeXDQNz9WSSQZtJNF1Rn/view?usp=drivesdk,image/jpeg,12517396,Shutterstock,2026-02-25T00:14:49.071+05:30,,,,,,,,
6,1YVCdLuJeUtZRRHFvcQlDbZRhFpKe1H9O,1SbJ-3cES5sDaQCN-llEKhNDi70fuRIlf,shutterstock_2301487993.png,https://drive.google.com/file/d/1SbJ-3cES5sDaQCN-llEKhNDi70fuRIlf/view?usp=drivesdk,image/png,2477647,Shutterstock,2026-02-25T00:14:49.072+05:30,,,,,,,,
6,1YVCdLuJeUtZRRHFvcQlDbZRhFpKe1H9O,1iCOSEs5qG9LTv1yQ97aQ38a2z4RSzGDi,shutterstock_2280555503.jpg,https://drive.google.com/file/d/1iCOSEs5qG9LTv1yQ97aQ38a2z4RSzGDi/view?usp=drivesdk,image/jpeg,2647680,Shutterstock,2026-02-25T00:14:49.074+05:30,,,,,,,,
6,1YVCdLuJeUtZRRHFvcQlDbZRhFpKe1H9O,10b8_CqbRCK_kuv3Sb9rTArGYsZmqvrr-,shutterstock_2268386621.jpg,https://drive.google.com/file/d/10b8_CqbRCK_kuv3Sb9rTArGYsZmqvrr-/view?usp=drivesdk,image/jpeg,7223287,Shutterstock,2026-02-25T00:14:49.075+05:30,,,,,,,,
6,1YVCdLuJeUtZRRHFvcQlDbZRhFpKe1H9O,1rTZbwkXfGPCvRSZL4d0Gud4IlOqSXHlP,shutterstock_2040223445.jpg,https://drive.google.com/file/d/1rTZbwkXfGPCvRSZL4d0Gud4IlOqSXHlP/view?usp=drivesdk,image/jpeg,13933998,Shutterstock,2026-02-25T00:14:49.076+05:30,,,,,,,,
6,1YVCdLuJeUtZRRHFvcQlDbZRhFpKe1H9O,1nmVBxrftj5FjI9OPc1F9Tj15gWKq4SUR,shutterstock_681689710.jpg,https://drive.google.com/file/d/1nmVBxrftj5FjI9OPc1F9Tj15gWKq4SUR/view?usp=drivesdk,image/jpeg,5291702,Shutterstock,2026-02-25T00:14:49.077+05:30,,,,,,,,
6,1YVCdLuJeUtZRRHFvcQlDbZRhFpKe1H9O,1Q0WFJ4FrBEwTvxuJP1ZVSk0mNLjTBgu1,shutterstock_1254249499.jpg,https://drive.google.com/file/d/1Q0WFJ4FrBEwTvxuJP1ZVSk0mNLjTBgu1/view?usp=drivesdk,image/jpeg,6319787,Shutterstock,2026-02-25T00:14:49.078+05:30,,,,,,,,
6,1YVCdLuJeUtZRRHFvcQlDbZRhFpKe1H9O,1Dr12OvoDdI8wz1bXOJwTiAWH5ruXZ00R,shutterstock_2078917666.jpg,https://drive.google.com/file/d/1Dr12OvoDdI8wz1bXOJwTiAWH5ruXZ00R/view?usp=drivesdk,image/jpeg,4871650,Shutterstock,2026-02-25T00:14:49.080+05:30,,,,,,,,
6,1YVCdLuJeUtZRRHFvcQlDbZRhFpKe1H9O,189veFBxorDjaYAIWeKzLJ7A0R81K_Mu-,shutterstock_2257390161.jpg,https://drive.google.com/file/d/189veFBxorDjaYAIWeKzLJ7A0R81K_Mu-/view?usp=drivesdk,image/jpeg,8612766,Shutterstock,2026-02-25T00:14:49.081+05:30,,,,,,,,
6,1YVCdLuJeUtZRRHFvcQlDbZRhFpKe1H9O,18mQDJx0ffjkJ7ih-wF2yjjiNVPLGGKnY,shutterstock_699421801.jpg,https://drive.google.com/file/d/18mQDJx0ffjkJ7ih-wF2yjjiNVPLGGKnY/view?usp=drivesdk,image/jpeg,2265473,Shutterstock,2026-02-25T00:14:49.082+05:30,,,,,,,,
6,1YVCdLuJeUtZRRHFvcQlDbZRhFpKe1H9O,1cB3HQtzpZJoIi5rNuiRXJ5VusPcvUCxP,shutterstock_2255711629.jpg,https://drive.google.com/file/d/1cB3HQtzpZJoIi5rNuiRXJ5VusPcvUCxP/view?usp=drivesdk,image/jpeg,8266975,Shutterstock,2026-02-25T00:14:49.083+05:30,,,,,,,,
6,1YVCdLuJeUtZRRHFvcQlDbZRhFpKe1H9O,1YdnAn4r4kEmoxi5ytR4huYdkmxzISOZ_,shutterstock_2271577409.jpg,https://drive.google.com/file/d/1YdnAn4r4kEmoxi5ytR4huYdkmxzISOZ_/view?usp=drivesdk,image/jpeg,14481037,Shutterstock,2026-02-25T00:14:49.084+05:30,,,,,,,,
6,1YVCdLuJeUtZRRHFvcQlDbZRhFpKe1H9O,1oxJoVjlm71VVPqL9tPYEGU2acsDl4P_a,shutterstock_2140317289.jpg,https://drive.google.com/file/d/1oxJoVjlm71VVPqL9tPYEGU2acsDl4P_a/view?usp=drivesdk,image/jpeg,5145880,Shutterstock,2026-02-25T00:14:49.085+05:30,,,,,,,,
6,1YVCdLuJeUtZRRHFvcQlDbZRhFpKe1H9O,1tXPmWRNW4DofftvaVVG3WXc_RbAkxVkG,shutterstock_1821134621.jpg,https://drive.google.com/file/d/1tXPmWRNW4DofftvaVVG3WXc_RbAkxVkG/view?usp=drivesdk,image/jpeg,13586234,Shutterstock,2026-02-25T00:14:49.086+05:30,,,,,,,,
6,1YVCdLuJeUtZRRHFvcQlDbZRhFpKe1H9O,1EDUOUHn4go8YU7ji_Sn6jWu5-b1c4wkv,shutterstock_2357143499.jpg,https://drive.google.com/file/d/1EDUOUHn4go8YU7ji_Sn6jWu5-b1c4wkv/view?usp=drivesdk,image/jpeg,10964826,Shutterstock,2026-02-25T00:14:49.087+05:30,,,,,,,,
6,1YVCdLuJeUtZRRHFvcQlDbZRhFpKe1H9O,1Ia_NPakNEiz17-FeCMKJF_Eyh1lyYbjd,shutterstock_2154856109.jpg,https://drive.google.com/file/d/1Ia_NPakNEiz17-FeCMKJF_Eyh1lyYbjd/view?usp=drivesdk,image/jpeg,10414360,Shutterstock,2026-02-25T00:14:49.087+05:30,,,,,,,,
6,1YVCdLuJeUtZRRHFvcQlDbZRhFpKe1H9O,1fdxbiQAaReqgF8V4P0mgsDFJb7D3DIem,shutterstock_1069475624.jpg,https://drive.google.com/file/d/1fdxbiQAaReqgF8V4P0mgsDFJb7D3DIem/view?usp=drivesdk,image/jpeg,6012721,Shutterstock,2026-02-25T00:14:49.088+05:30,,,,,,,,
6,1YVCdLuJeUtZRRHFvcQlDbZRhFpKe1H9O,1cjp6Hk-_Djl_o718heL0NyEmgJ9HkFDY,shutterstock_1836462676.jpg,https://drive.google.com/file/d/1cjp6Hk-_Djl_o718heL0NyEmgJ9HkFDY/view?usp=drivesdk,image/jpeg,8487744,Shutterstock,2026-02-25T00:14:49.089+05:30,,,,,,,,
6,1YVCdLuJeUtZRRHFvcQlDbZRhFpKe1H9O,1-Ks0KvqnCCpgdIkwY96GLd_8xP33B-CV,shutterstock_1127568581.jpg,https://drive.google.com/file/d/1-Ks0KvqnCCpgdIkwY96GLd_8xP33B-CV/view?usp=drivesdk,image/jpeg,13276307,Shutterstock,2026-02-25T00:14:49.091+05:30,,,,,,,,
6,1YVCdLuJeUtZRRHFvcQlDbZRhFpKe1H9O,1dVa3zGLsYoR5J53gn09At0vGLgI-Y_BI,shutterstock_1899126991.jpg,https://drive.google.com/file/d/1dVa3zGLsYoR5J53gn09At0vGLgI-Y_BI/view?usp=drivesdk,image/jpeg,5201509,Shutterstock,2026-02-25T00:14:49.092+05:30,,,,,,,,
6,1YVCdLuJeUtZRRHFvcQlDbZRhFpKe1H9O,1MUmpympqui2zQ4VMdRq9mfxOTzcd7qip,shutterstock_1119927341.jpg,https://drive.google.com/file/d/1MUmpympqui2zQ4VMdRq9mfxOTzcd7qip/view?usp=drivesdk,image/jpeg,4593742,Shutterstock,2026-02-25T00:14:49.095+05:30,,,,,,,,
6,1YVCdLuJeUtZRRHFvcQlDbZRhFpKe1H9O,1Km6trcoBZW8ReMhLmzOC_OWJRAY2a6JQ,shutterstock_2358164871.jpg,https://drive.google.com/file/d/1Km6trcoBZW8ReMhLmzOC_OWJRAY2a6JQ/view?usp=drivesdk,image/jpeg,9258510,Shutterstock,2026-02-25T00:14:49.096+05:30,,,,,,,,
6,1YVCdLuJeUtZRRHFvcQlDbZRhFpKe1H9O,1d4OEmRoZkr5muZpmwtnUOWXAoLDU7oEG,shutterstock_2077724824.jpg,https://drive.google.com/file/d/1d4OEmRoZkr5muZpmwtnUOWXAoLDU7oEG/view?usp=drivesdk,image/jpeg,2859418,Shutterstock,2026-02-25T00:14:49.097+05:30,,,,,,,,
6,1YVCdLuJeUtZRRHFvcQlDbZRhFpKe1H9O,1dBywE3pK_2iL_lUs0CKWw4Xm_bn5ebqs,shutterstock_2264767949.jpg,https://drive.google.com/file/d/1dBywE3pK_2iL_lUs0CKWw4Xm_bn5ebqs/view?usp=drivesdk,image/jpeg,4716607,Shutterstock,2026-02-25T00:14:49.098+05:30,,,,,,,,
6,1YVCdLuJeUtZRRHFvcQlDbZRhFpKe1H9O,1Zn36s8F7Z3KBgNlZGOVOL-_0_WCmF_y5,shutterstock_2458068061.jpg,https://drive.google.com/file/d/1Zn36s8F7Z3KBgNlZGOVOL-_0_WCmF_y5/view?usp=drivesdk,image/jpeg,7529894,Shutterstock,2026-02-25T00:14:49.099+05:30,,,,,,,,
6,1YVCdLuJeUtZRRHFvcQlDbZRhFpKe1H9O,1RcDxl_Ro4MB7lKee5BRFlu628UupYUpy,shutterstock_2357272619.jpg,https://drive.google.com/file/d/1RcDxl_Ro4MB7lKee5BRFlu628UupYUpy/view?usp=drivesdk,image/jpeg,964499,Shutterstock,2026-02-25T00:14:49.100+05:30,,,,,,,,
6,1YVCdLuJeUtZRRHFvcQlDbZRhFpKe1H9O,1X26ZqrRF2AMzP-ZAqd6g8bGF36gctaoD,shutterstock_2114019005.jpg,https://drive.google.com/file/d/1X26ZqrRF2AMzP-ZAqd6g8bGF36gctaoD/view?usp=drivesdk,image/jpeg,5283278,Shutterstock,2026-02-25T00:14:49.100+05:30,,,,,,,,
6,1YVCdLuJeUtZRRHFvcQlDbZRhFpKe1H9O,1Mwa0DiaRt_TNVJbzAeJ5B6yBKy7pNIRw,shutterstock_1797827044.jpg,https://drive.google.com/file/d/1Mwa0DiaRt_TNVJbzAeJ5B6yBKy7pNIRw/view?usp=drivesdk,image/jpeg,2363892,Shutterstock,2026-02-25T00:14:49.101+05:30,,,,,,,,
6,1YVCdLuJeUtZRRHFvcQlDbZRhFpKe1H9O,10TlgDJPfGp8gIOer8okYxqvoY31Dz_gI,shutterstock_2275189323.jpg,https://drive.google.com/file/d/10TlgDJPfGp8gIOer8okYxqvoY31Dz_gI/view?usp=drivesdk,image/jpeg,4612205,Shutterstock,2026-02-25T00:14:49.102+05:30,,,,,,,,
6,1YVCdLuJeUtZRRHFvcQlDbZRhFpKe1H9O,1gCQeKEUlw5lTL9cO5zuBOtOfhLrYqcHM,shutterstock_2248569293.jpg,https://drive.google.com/file/d/1gCQeKEUlw5lTL9cO5zuBOtOfhLrYqcHM/view?usp=drivesdk,image/jpeg,3821210,Shutterstock,2026-02-25T00:14:49.103+05:30,,,,,,,,
6,1YVCdLuJeUtZRRHFvcQlDbZRhFpKe1H9O,1dubej_2ZLUQaqPoZipPpJrTh3v6lQcXK,shutterstock_2310722839.jpg,https://drive.google.com/file/d/1dubej_2ZLUQaqPoZipPpJrTh3v6lQcXK/view?usp=drivesdk,image/jpeg,9658762,Shutterstock,2026-02-25T00:14:49.105+05:30,,,,,,,,
6,1YVCdLuJeUtZRRHFvcQlDbZRhFpKe1H9O,1wmd5HUhygpj0lxkVwWq6lG4FrGowvEOU,shutterstock_1840785676.jpg,https://drive.google.com/file/d/1wmd5HUhygpj0lxkVwWq6lG4FrGowvEOU/view?usp=drivesdk,image/jpeg,6376222,Shutterstock,2026-02-25T00:14:49.106+05:30,,,,,,,,
6,1YVCdLuJeUtZRRHFvcQlDbZRhFpKe1H9O,126zpyDEu0wHI9Pm_ZfXWZxEsFnyxjH-m,shutterstock_2417826133.jpg,https://drive.google.com/file/d/126zpyDEu0wHI9Pm_ZfXWZxEsFnyxjH-m/view?usp=drivesdk,image/jpeg,7788877,Shutterstock,2026-02-25T00:14:49.107+05:30,,,,,,,,
6,1YVCdLuJeUtZRRHFvcQlDbZRhFpKe1H9O,1RZhpmb6HmDxKB3jDdW2ZCm5sLLhMgdyV,shutterstock_2324942761.jpg,https://drive.google.com/file/d/1RZhpmb6HmDxKB3jDdW2ZCm5sLLhMgdyV/view?usp=drivesdk,image/jpeg,6025369,Shutterstock,2026-02-25T00:14:49.108+05:30,,,,,,,,
6,1YVCdLuJeUtZRRHFvcQlDbZRhFpKe1H9O,132Ll9QbkeG8aKM7QxRLyhd6c7u_-80Nj,shutterstock_2213583627.jpg,https://drive.google.com/file/d/132Ll9QbkeG8aKM7QxRLyhd6c7u_-80Nj/view?usp=drivesdk,image/jpeg,4253567,Shutterstock,2026-02-25T00:14:49.111+05:30,,,,,,,,
6,1YVCdLuJeUtZRRHFvcQlDbZRhFpKe1H9O,1Zlg4eoenhZnzY10TGVuZfzrvNVemmSFK,shutterstock_2055501530.jpg,https://drive.google.com/file/d/1Zlg4eoenhZnzY10TGVuZfzrvNVemmSFK/view?usp=drivesdk,image/jpeg,4243225,Shutterstock,2026-02-25T00:14:49.112+05:30,,,,,,,,
6,1YVCdLuJeUtZRRHFvcQlDbZRhFpKe1H9O,173nZTmw8L2qqIEz0DUGs15qDFkI2w5NT,shutterstock_2292923903.jpg,https://drive.google.com/file/d/173nZTmw8L2qqIEz0DUGs15qDFkI2w5NT/view?usp=drivesdk,image/jpeg,9696694,Shutterstock,2026-02-25T00:14:49.113+05:30,,,,,,,,
6,1YVCdLuJeUtZRRHFvcQlDbZRhFpKe1H9O,1mYum37pptt81_tXKzQOJOIbS0i2bKEPr,shutterstock_2329333365.jpg,https://drive.google.com/file/d/1mYum37pptt81_tXKzQOJOIbS0i2bKEPr/view?usp=drivesdk,image/jpeg,12667590,Shutterstock,2026-02-25T00:14:49.115+05:30,,,,,,,,
6,1YVCdLuJeUtZRRHFvcQlDbZRhFpKe1H9O,1JW1nT-CSpUesNt6V_KcaksOo79DYxM5o,shutterstock_2411208913.jpg,https://drive.google.com/file/d/1JW1nT-CSpUesNt6V_KcaksOo79DYxM5o/view?usp=drivesdk,image/jpeg,9136216,Shutterstock,2026-02-25T00:14:49.116+05:30,,,,,,,,
6,1YVCdLuJeUtZRRHFvcQlDbZRhFpKe1H9O,1c_4JOUjqTEXWn_oUo9I9KuEEd9NNZrUs,shutterstock_1949516221.jpg,https://drive.google.com/file/d/1c_4JOUjqTEXWn_oUo9I9KuEEd9NNZrUs/view?usp=drivesdk,image/jpeg,4487584,Shutterstock,2026-02-25T00:14:49.116+05:30,,,,,,,,
6,1YVCdLuJeUtZRRHFvcQlDbZRhFpKe1H9O,1Ksh5Imp8XGYfdxz6LVuQqOVIT-rV4svm,shutterstock_2144687551.jpg,https://drive.google.com/file/d/1Ksh5Imp8XGYfdxz6LVuQqOVIT-rV4svm/view?usp=drivesdk,image/jpeg,7606757,Shutterstock,2026-02-25T00:14:49.117+05:30,,,,,,,,
6,1YVCdLuJeUtZRRHFvcQlDbZRhFpKe1H9O,11tk6ppEppc7Kt8OUz5_5BA90jirqnSin,shutterstock_446643199.jpg,https://drive.google.com/file/d/11tk6ppEppc7Kt8OUz5_5BA90jirqnSin/view?usp=drivesdk,image/jpeg,917689,Shutterstock,2026-02-25T00:14:49.118+05:30,,,,,,,,
6,1YVCdLuJeUtZRRHFvcQlDbZRhFpKe1H9O,1dYM2-FTIVuvcEZebm_qAhhiz_Ut69GIh,shutterstock_2363466707.jpg,https://drive.google.com/file/d/1dYM2-FTIVuvcEZebm_qAhhiz_Ut69GIh/view?usp=drivesdk,image/jpeg,6833978,Shutterstock,2026-02-25T00:14:49.119+05:30,,,,,,,,
6,1YVCdLuJeUtZRRHFvcQlDbZRhFpKe1H9O,1CgB80_D-n_JvkzRyY4h3zJM2lT9I8JH2,shutterstock_2147126571.jpg,https://drive.google.com/file/d/1CgB80_D-n_JvkzRyY4h3zJM2lT9I8JH2/view?usp=drivesdk,image/jpeg,11154466,Shutterstock,2026-02-25T00:14:49.121+05:30,,,,,,,,
6,1YVCdLuJeUtZRRHFvcQlDbZRhFpKe1H9O,13TtWQjz7r9fyGGJlyOWviSSmBI0D6O6k,shutterstock_2331997347.jpg,https://drive.google.com/file/d/13TtWQjz7r9fyGGJlyOWviSSmBI0D6O6k/view?usp=drivesdk,image/jpeg,10593960,Shutterstock,2026-02-25T00:14:49.123+05:30,,,,,,,,
6,1YVCdLuJeUtZRRHFvcQlDbZRhFpKe1H9O,1GQhzPftRrJgcHgIgP7ldjXnlQtBY_ZHV,shutterstock_2355583127.jpg,https://drive.google.com/file/d/1GQhzPftRrJgcHgIgP7ldjXnlQtBY_ZHV/view?usp=drivesdk,image/jpeg,2878172,Shutterstock,2026-02-25T00:14:49.124+05:30,,,,,,,,
6,1YVCdLuJeUtZRRHFvcQlDbZRhFpKe1H9O,12hDCF6ciA_tJQT8qDqq9NUGY8PGKZmwC,shutterstock_2238570409.jpg,https://drive.google.com/file/d/12hDCF6ciA_tJQT8qDqq9NUGY8PGKZmwC/view?usp=drivesdk,image/jpeg,6996965,Shutterstock,2026-02-25T00:14:49.125+05:30,,,,,,,,
6,1YVCdLuJeUtZRRHFvcQlDbZRhFpKe1H9O,1i4X3g0jPr-jrFy85lmdDxMVOMPQKQt6G,shutterstock_2046011612.jpg,https://drive.google.com/file/d/1i4X3g0jPr-jrFy85lmdDxMVOMPQKQt6G/view?usp=drivesdk,image/jpeg,3566645,Shutterstock,2026-02-25T00:14:49.127+05:30,,,,,,,,
6,1YVCdLuJeUtZRRHFvcQlDbZRhFpKe1H9O,1NLarX9tfd2yh-Cilws8OyVuAfum9aBOA,shutterstock_710168107.jpg,https://drive.google.com/file/d/1NLarX9tfd2yh-Cilws8OyVuAfum9aBOA/view?usp=drivesdk,image/jpeg,4772544,Shutterstock,2026-02-25T00:14:49.128+05:30,,,,,,,,
6,1YVCdLuJeUtZRRHFvcQlDbZRhFpKe1H9O,1-NnDh2yuwGsEcM36BvviC10DCzAiTH34,shutterstock_2429398189.jpg,https://drive.google.com/file/d/1-NnDh2yuwGsEcM36BvviC10DCzAiTH34/view?usp=drivesdk,image/jpeg,9180259,Shutterstock,2026-02-25T00:14:49.130+05:30,,,,,,,,
6,1YVCdLuJeUtZRRHFvcQlDbZRhFpKe1H9O,1Ru0FpY0PwXGf74XjWF1Oz2o-KGhTFCie,shutterstock_1284537988.jpg,https://drive.google.com/file/d/1Ru0FpY0PwXGf74XjWF1Oz2o-KGhTFCie/view?usp=drivesdk,image/jpeg,11869939,Shutterstock,2026-02-25T00:14:49.131+05:30,,,,,,,,
6,1YVCdLuJeUtZRRHFvcQlDbZRhFpKe1H9O,1YU1FEd66sjQauwbd-gULKAM6YnD7KdR5,shutterstock_740858473.jpg,https://drive.google.com/file/d/1YU1FEd66sjQauwbd-gULKAM6YnD7KdR5/view?usp=drivesdk,image/jpeg,12730769,Shutterstock,2026-02-25T00:14:49.132+05:30,,,,,,,,
6,1YVCdLuJeUtZRRHFvcQlDbZRhFpKe1H9O,1abO32djH1hbXuAZG__X0Y9FN7_VI4ooE,shutterstock_2152292393.jpg,https://drive.google.com/file/d/1abO32djH1hbXuAZG__X0Y9FN7_VI4ooE/view?usp=drivesdk,image/jpeg,7779946,Shutterstock,2026-02-25T00:14:49.133+05:30,,,,,,,,
6,1YVCdLuJeUtZRRHFvcQlDbZRhFpKe1H9O,1PQcD9iN07gdgi0O5l0PIFxdUOJpH_W6V,shutterstock_1341936098.jpg,https://drive.google.com/file/d/1PQcD9iN07gdgi0O5l0PIFxdUOJpH_W6V/view?usp=drivesdk,image/jpeg,13230481,Shutterstock,2026-02-25T00:14:49.134+05:30,,,,,,,,
6,1YVCdLuJeUtZRRHFvcQlDbZRhFpKe1H9O,1pPSgvroIwuO1e4G1mdizToyhFkGQimv4,shutterstock_2252621543.jpg,https://drive.google.com/file/d/1pPSgvroIwuO1e4G1mdizToyhFkGQimv4/view?usp=drivesdk,image/jpeg,12487582,Shutterstock,2026-02-25T00:14:49.135+05:30,,,,,,,,
6,1YVCdLuJeUtZRRHFvcQlDbZRhFpKe1H9O,1i1DrpcC41eonvK2FvAFABdcMf1pAvGzl,shutterstock_2292589923.jpg,https://drive.google.com/file/d/1i1DrpcC41eonvK2FvAFABdcMf1pAvGzl/view?usp=drivesdk,image/jpeg,15453211,Shutterstock,2026-02-25T00:14:49.136+05:30,,,,,,,,
6,1YVCdLuJeUtZRRHFvcQlDbZRhFpKe1H9O,1BfDM_OMPtp1Uyf2aVusTy1GJXiYdLAT4,shutterstock_1890707368.jpg,https://drive.google.com/file/d/1BfDM_OMPtp1Uyf2aVusTy1GJXiYdLAT4/view?usp=drivesdk,image/jpeg,12751041,Shutterstock,2026-02-25T00:14:49.137+05:30,,,,,,,,
6,1YVCdLuJeUtZRRHFvcQlDbZRhFpKe1H9O,16py6AkAkD6MRuulXjptTyHhCjlAfyY8k,shutterstock_589715486.jpg,https://drive.google.com/file/d/16py6AkAkD6MRuulXjptTyHhCjlAfyY8k/view?usp=drivesdk,image/jpeg,2773794,Shutterstock,2026-02-25T00:14:49.138+05:30,,,,,,,,
6,1YVCdLuJeUtZRRHFvcQlDbZRhFpKe1H9O,1ltBOIHOKy34Bj7tRlNd9iijmYcP_ZHNc,shutterstock_1927127819.jpg,https://drive.google.com/file/d/1ltBOIHOKy34Bj7tRlNd9iijmYcP_ZHNc/view?usp=drivesdk,image/jpeg,5233783,Shutterstock,2026-02-25T00:14:49.138+05:30,,,,,,,,
6,1YVCdLuJeUtZRRHFvcQlDbZRhFpKe1H9O,1H_lEaGlR-diGLXTGshPvjs_63yGjLk-2,shutterstock_2139848117.jpg,https://drive.google.com/file/d/1H_lEaGlR-diGLXTGshPvjs_63yGjLk-2/view?usp=drivesdk,image/jpeg,7596594,Shutterstock,2026-02-25T00:14:49.139+05:30,,,,,,,,
6,1YVCdLuJeUtZRRHFvcQlDbZRhFpKe1H9O,11ZE6tM9pF1OM3RgYfQNJwxEdRvg2JpWc,shutterstock_2174543847.jpg,https://drive.google.com/file/d/11ZE6tM9pF1OM3RgYfQNJwxEdRvg2JpWc/view?usp=drivesdk,image/jpeg,6187543,Shutterstock,2026-02-25T00:14:49.140+05:30,,,,,,,,
6,1YVCdLuJeUtZRRHFvcQlDbZRhFpKe1H9O,1D0ukhjEHlUINVEHkf3eDGYZT8izLXhLE,shutterstock_2345506335.jpg,https://drive.google.com/file/d/1D0ukhjEHlUINVEHkf3eDGYZT8izLXhLE/view?usp=drivesdk,image/jpeg,7262100,Shutterstock,2026-02-25T00:14:49.141+05:30,,,,,,,,
6,1YVCdLuJeUtZRRHFvcQlDbZRhFpKe1H9O,16C5-AerQoz9sYuUC5l_YG3-lYS0E2F3V,shutterstock_2305976351.jpg,https://drive.google.com/file/d/16C5-AerQoz9sYuUC5l_YG3-lYS0E2F3V/view?usp=drivesdk,image/jpeg,11506918,Shutterstock,2026-02-25T00:14:49.142+05:30,,,,,,,,
6,1YVCdLuJeUtZRRHFvcQlDbZRhFpKe1H9O,1cMCGGFqVnap0_zRt0ALd-CC9Q-tYl_NQ,shutterstock_2296051695.jpg,https://drive.google.com/file/d/1cMCGGFqVnap0_zRt0ALd-CC9Q-tYl_NQ/view?usp=drivesdk,image/jpeg,3836531,Shutterstock,2026-02-25T00:14:49.143+05:30,,,,,,,,
6,1YVCdLuJeUtZRRHFvcQlDbZRhFpKe1H9O,12_CTButWI8lTEj3YoKUk4EfBVzdTsT1f,shutterstock_612080048.jpg,https://drive.google.com/file/d/12_CTButWI8lTEj3YoKUk4EfBVzdTsT1f/view?usp=drivesdk,image/jpeg,5133068,Shutterstock,2026-02-25T00:14:49.144+05:30,,,,,,,,
6,1YVCdLuJeUtZRRHFvcQlDbZRhFpKe1H9O,108-NCmuJ9jG3XfS02RI1mpxiNOFsDcQy,shutterstock_2179255059.jpg,https://drive.google.com/file/d/108-NCmuJ9jG3XfS02RI1mpxiNOFsDcQy/view?usp=drivesdk,image/jpeg,11201688,Shutterstock,2026-02-25T00:14:49.145+05:30,,,,,,,,
6,1YVCdLuJeUtZRRHFvcQlDbZRhFpKe1H9O,1QqTXjLtez3rGGSOLVD1_nV7qgvazODqV,shutterstock_305567459.jpg,https://drive.google.com/file/d/1QqTXjLtez3rGGSOLVD1_nV7qgvazODqV/view?usp=drivesdk,image/jpeg,8807881,Shutterstock,2026-02-25T00:14:49.145+05:30,,,,,,,,
6,1YVCdLuJeUtZRRHFvcQlDbZRhFpKe1H9O,1AGEIHaJxCCyIxE8eH6sjIbS09vWUVWgL,shutterstock_2267403839.jpg,https://drive.google.com/file/d/1AGEIHaJxCCyIxE8eH6sjIbS09vWUVWgL/view?usp=drivesdk,image/jpeg,15706173,Shutterstock,2026-02-25T00:14:49.147+05:30,,,,,,,,
6,1YVCdLuJeUtZRRHFvcQlDbZRhFpKe1H9O,1i3PyCS7fzB9zf2d8l2xnW6BLdYGuRZVS,shutterstock_2202741401.jpg,https://drive.google.com/file/d/1i3PyCS7fzB9zf2d8l2xnW6BLdYGuRZVS/view?usp=drivesdk,image/jpeg,2987471,Shutterstock,2026-02-25T00:14:49.148+05:30,,,,,,,,
6,1YVCdLuJeUtZRRHFvcQlDbZRhFpKe1H9O,1PrNAo5bJ10Ng5FVWNnkzf2WdWpSS7boQ,shutterstock_2300796985.jpg,https://drive.google.com/file/d/1PrNAo5bJ10Ng5FVWNnkzf2WdWpSS7boQ/view?usp=drivesdk,image/jpeg,9428096,Shutterstock,2026-02-25T00:14:49.149+05:30,,,,,,,,
6,1YVCdLuJeUtZRRHFvcQlDbZRhFpKe1H9O,1SsnvKkEo7qX3FCrJQMClMyZCKg6qwzYy,shutterstock_1698393829.jpg,https://drive.google.com/file/d/1SsnvKkEo7qX3FCrJQMClMyZCKg6qwzYy/view?usp=drivesdk,image/jpeg,10800627,Shutterstock,2026-02-25T00:14:49.150+05:30,,,,,,,,
6,1YVCdLuJeUtZRRHFvcQlDbZRhFpKe1H9O,1hD2syy24UL9Tosk1qMxGmiVP_ESKMm7q,shutterstock_1934950961.jpg,https://drive.google.com/file/d/1hD2syy24UL9Tosk1qMxGmiVP_ESKMm7q/view?usp=drivesdk,image/jpeg,8653434,Shutterstock,2026-02-25T00:14:49.151+05:30,,,,,,,,
6,1YVCdLuJeUtZRRHFvcQlDbZRhFpKe1H9O,1FJup7_SJjoCpW812WCuRavceDEJqHrjk,shutterstock_747030889.jpg,https://drive.google.com/file/d/1FJup7_SJjoCpW812WCuRavceDEJqHrjk/view?usp=drivesdk,image/jpeg,2738945,Shutterstock,2026-02-25T00:14:49.152+05:30,,,,,,,,
6,1YVCdLuJeUtZRRHFvcQlDbZRhFpKe1H9O,1vA1hN1G0zaPExqSOqswTzBqe6qYY2nyC,shutterstock_1447125896.jpg,https://drive.google.com/file/d/1vA1hN1G0zaPExqSOqswTzBqe6qYY2nyC/view?usp=drivesdk,image/jpeg,7551417,Shutterstock,2026-02-25T00:14:49.153+05:30,,,,,,,,
6,1YVCdLuJeUtZRRHFvcQlDbZRhFpKe1H9O,1Xz8pdQ8duPMH3IamYkPv95Mb7xSXu2Zn,shutterstock_1950559648.jpg,https://drive.google.com/file/d/1Xz8pdQ8duPMH3IamYkPv95Mb7xSXu2Zn/view?usp=drivesdk,image/jpeg,5522545,Shutterstock,2026-02-25T00:14:49.154+05:30,,,,,,,,
6,1YVCdLuJeUtZRRHFvcQlDbZRhFpKe1H9O,1wXI7zvf4CxLLzTnx3XQPwWH-JE4T-jfL,shutterstock_1844044162.jpg,https://drive.google.com/file/d/1wXI7zvf4CxLLzTnx3XQPwWH-JE4T-jfL/view?usp=drivesdk,image/jpeg,4776784,Shutterstock,2026-02-25T00:14:49.155+05:30,,,,,,,,
6,1YVCdLuJeUtZRRHFvcQlDbZRhFpKe1H9O,1r_kiJZ1VP7z-o_tgZ1vSrZxfmbZFRj22,shutterstock_510191620.jpg,https://drive.google.com/file/d/1r_kiJZ1VP7z-o_tgZ1vSrZxfmbZFRj22/view?usp=drivesdk,image/jpeg,3508985,Shutterstock,2026-02-25T00:14:49.156+05:30,,,,,,,,
6,1YVCdLuJeUtZRRHFvcQlDbZRhFpKe1H9O,14MbH4uC1CHRP_sK06UCVqVmVnKTMUGqL,shutterstock_2304794651.jpg,https://drive.google.com/file/d/14MbH4uC1CHRP_sK06UCVqVmVnKTMUGqL/view?usp=drivesdk,image/jpeg,6597479,Shutterstock,2026-02-25T00:14:49.158+05:30,,,,,,,,
6,1YVCdLuJeUtZRRHFvcQlDbZRhFpKe1H9O,1zGKggXUXllEmHJcRaAPFTjPEuOFmM89b,shutterstock_2136182725.jpg,https://drive.google.com/file/d/1zGKggXUXllEmHJcRaAPFTjPEuOFmM89b/view?usp=drivesdk,image/jpeg,3875739,Shutterstock,2026-02-25T00:14:49.162+05:30,,,,,,,,
6,1YVCdLuJeUtZRRHFvcQlDbZRhFpKe1H9O,19xnwjmv-p1WX450yWerou2gL5yKHBzMT,shutterstock_700277257.jpg,https://drive.google.com/file/d/19xnwjmv-p1WX450yWerou2gL5yKHBzMT/view?usp=drivesdk,image/jpeg,6965486,Shutterstock,2026-02-25T00:14:49.163+05:30,,,,,,,,
6,1YVCdLuJeUtZRRHFvcQlDbZRhFpKe1H9O,104wbG0trHcDucvC484PH4PGu3B8Jc7zl,shutterstock_701560189.jpg,https://drive.google.com/file/d/104wbG0trHcDucvC484PH4PGu3B8Jc7zl/view?usp=drivesdk,image/jpeg,2795288,Shutterstock,2026-02-25T00:14:49.165+05:30,,,,,,,,
6,1YVCdLuJeUtZRRHFvcQlDbZRhFpKe1H9O,1EYjLRbdwLiI6WNUFmfKXRjpYe18ZoHek,shutterstock_755579374.jpg,https://drive.google.com/file/d/1EYjLRbdwLiI6WNUFmfKXRjpYe18ZoHek/view?usp=drivesdk,image/jpeg,4374535,Shutterstock,2026-02-25T00:14:49.166+05:30,,,,,,,,
6,1YVCdLuJeUtZRRHFvcQlDbZRhFpKe1H9O,1Jz_qX-_-jZdjiDwkcX80bDpqv4ojVJVt,shutterstock_590894252.jpg,https://drive.google.com/file/d/1Jz_qX-_-jZdjiDwkcX80bDpqv4ojVJVt/view?usp=drivesdk,image/jpeg,4273799,Shutterstock,2026-02-25T00:14:49.169+05:30,,,,,,,,
6,1YVCdLuJeUtZRRHFvcQlDbZRhFpKe1H9O,1ycckU4wUX8Qrv_udNOhmtJwKZMik6Plk,shutterstock_458468218.jpg,https://drive.google.com/file/d/1ycckU4wUX8Qrv_udNOhmtJwKZMik6Plk/view?usp=drivesdk,image/jpeg,4868549,Shutterstock,2026-02-25T00:14:49.171+05:30,,,,,,,,
6,1YVCdLuJeUtZRRHFvcQlDbZRhFpKe1H9O,1UCtl5nniVIbjyZcWgMaKhMGA5YBZAH-H,shutterstock_2110335860.jpg,https://drive.google.com/file/d/1UCtl5nniVIbjyZcWgMaKhMGA5YBZAH-H/view?usp=drivesdk,image/jpeg,9893537,Shutterstock,2026-02-25T00:14:49.172+05:30,,,,,,,,
6,1YVCdLuJeUtZRRHFvcQlDbZRhFpKe1H9O,149eVTbTdFNuIgxKNzBlpeQvC_Zpt6Bks,shutterstock_1729293145.jpg,https://drive.google.com/file/d/149eVTbTdFNuIgxKNzBlpeQvC_Zpt6Bks/view?usp=drivesdk,image/jpeg,8499916,Shutterstock,2026-02-25T00:14:49.174+05:30,,,,,,,,
6,1YVCdLuJeUtZRRHFvcQlDbZRhFpKe1H9O,1dey5V01m2dQGItf0MxQ-Vm6RgZnkewnc,shutterstock_759574066.jpg,https://drive.google.com/file/d/1dey5V01m2dQGItf0MxQ-Vm6RgZnkewnc/view?usp=drivesdk,image/jpeg,3806354,Shutterstock,2026-02-25T00:14:49.176+05:30,,,,,,,,
6,1YVCdLuJeUtZRRHFvcQlDbZRhFpKe1H9O,1_WNZDRR8-pqNME5sZpWpbJd9SDv2hLI0,shutterstock_641524333.jpg,https://drive.google.com/file/d/1_WNZDRR8-pqNME5sZpWpbJd9SDv2hLI0/view?usp=drivesdk,image/jpeg,9265057,Shutterstock,2026-02-25T00:14:49.177+05:30,,,,,,,,
6,1YVCdLuJeUtZRRHFvcQlDbZRhFpKe1H9O,1btZjegK5YL0xm11C_meDMmb3Y6TG8OjQ,shutterstock_2201414671.jpg,https://drive.google.com/file/d/1btZjegK5YL0xm11C_meDMmb3Y6TG8OjQ/view?usp=drivesdk,image/jpeg,4744475,Shutterstock,2026-02-25T00:14:49.179+05:30,,,,,,,,
6,1YVCdLuJeUtZRRHFvcQlDbZRhFpKe1H9O,141HXEVFsbvTfaxsiIemnLoz8fSEtYCCb,shutterstock_1570890760.jpg,https://drive.google.com/file/d/141HXEVFsbvTfaxsiIemnLoz8fSEtYCCb/view?usp=drivesdk,image/jpeg,9964104,Shutterstock,2026-02-25T00:14:49.180+05:30,,,,,,,,
6,1YVCdLuJeUtZRRHFvcQlDbZRhFpKe1H9O,1k3o4nfqFbY5QeY8mQSo0E4PT3EXOKYRn,shutterstock_2329068819.jpg,https://drive.google.com/file/d/1k3o4nfqFbY5QeY8mQSo0E4PT3EXOKYRn/view?usp=drivesdk,image/jpeg,14517146,Shutterstock,2026-02-25T00:14:49.182+05:30,,,,,,,,
6,1YVCdLuJeUtZRRHFvcQlDbZRhFpKe1H9O,14TiCNK2S5VcPc1-qd_GMU-svPnNjnUTn,shutterstock_1466218760.jpg,https://drive.google.com/file/d/14TiCNK2S5VcPc1-qd_GMU-svPnNjnUTn/view?usp=drivesdk,image/jpeg,14490884,Shutterstock,2026-02-25T00:14:49.183+05:30,,,,,,,,
6,1YVCdLuJeUtZRRHFvcQlDbZRhFpKe1H9O,1bmZz6Vapznn2Y2VMt0PTBni88i_KG61V,shutterstock_376772248.jpg,https://drive.google.com/file/d/1bmZz6Vapznn2Y2VMt0PTBni88i_KG61V/view?usp=drivesdk,image/jpeg,6681658,Shutterstock,2026-02-25T00:14:49.184+05:30,,,,,,,,
6,1YVCdLuJeUtZRRHFvcQlDbZRhFpKe1H9O,1GHAt9zTiWn9SlXfwjeRAwtEC50IG-JHJ,shutterstock_1144931987.jpg,https://drive.google.com/file/d/1GHAt9zTiWn9SlXfwjeRAwtEC50IG-JHJ/view?usp=drivesdk,image/jpeg,9271949,Shutterstock,2026-02-25T00:14:49.185+05:30,,,,,,,,
6,1YVCdLuJeUtZRRHFvcQlDbZRhFpKe1H9O,14e-gLZAj94BbSHYUeklxbeeAbYARdsjT,shutterstock_2140347365.jpg,https://drive.google.com/file/d/14e-gLZAj94BbSHYUeklxbeeAbYARdsjT/view?usp=drivesdk,image/jpeg,4141735,Shutterstock,2026-02-25T00:14:49.186+05:30,,,,,,,,
6,1YVCdLuJeUtZRRHFvcQlDbZRhFpKe1H9O,1Qtfj-NTBvWrHY51g-wqKP9P6Pgt9Qnma,shutterstock_514764796.jpg,https://drive.google.com/file/d/1Qtfj-NTBvWrHY51g-wqKP9P6Pgt9Qnma/view?usp=drivesdk,image/jpeg,1009813,Shutterstock,2026-02-25T00:14:49.188+05:30,,,,,,,,
6,1YVCdLuJeUtZRRHFvcQlDbZRhFpKe1H9O,1U0sjoc6Dg8rETVKTayyWyBQpp4a2ebxD,shutterstock_2182644283.jpg,https://drive.google.com/file/d/1U0sjoc6Dg8rETVKTayyWyBQpp4a2ebxD/view?usp=drivesdk,image/jpeg,4633918,Shutterstock,2026-02-25T00:14:49.189+05:30,,,,,,,,
6,1YVCdLuJeUtZRRHFvcQlDbZRhFpKe1H9O,1PgpXKB2khbP0dJLqkDXcxeWSyGGVvZFt,shutterstock_2010205142.jpg,https://drive.google.com/file/d/1PgpXKB2khbP0dJLqkDXcxeWSyGGVvZFt/view?usp=drivesdk,image/jpeg,5810635,Shutterstock,2026-02-25T00:14:49.190+05:30,,,,,,,,
6,1YVCdLuJeUtZRRHFvcQlDbZRhFpKe1H9O,1bbGHr9hi7IX_BZzpnJXr7bv0gJXm3_Fe,shutterstock_409779364.jpg,https://drive.google.com/file/d/1bbGHr9hi7IX_BZzpnJXr7bv0gJXm3_Fe/view?usp=drivesdk,image/jpeg,7702176,Shutterstock,2026-02-25T00:14:49.190+05:30,,,,,,,,
6,1YVCdLuJeUtZRRHFvcQlDbZRhFpKe1H9O,1KaIzmDbXG-DmRXULP83W7vQiihcp-XVh,shutterstock_360577190.jpg,https://drive.google.com/file/d/1KaIzmDbXG-DmRXULP83W7vQiihcp-XVh/view?usp=drivesdk,image/jpeg,4679233,Shutterstock,2026-02-25T00:14:49.191+05:30,,,,,,,,
6,1YVCdLuJeUtZRRHFvcQlDbZRhFpKe1H9O,16QxGpN0H418sbT9q24rBJqYzL6vtpyNZ,shutterstock_1025018239.jpg,https://drive.google.com/file/d/16QxGpN0H418sbT9q24rBJqYzL6vtpyNZ/view?usp=drivesdk,image/jpeg,12476988,Shutterstock,2026-02-25T00:14:49.192+05:30,,,,,,,,
6,1YVCdLuJeUtZRRHFvcQlDbZRhFpKe1H9O,1N0_hYHyPBid9lKkedp4uq8r7DiZxBz_q,shutterstock_1771738652.jpg,https://drive.google.com/file/d/1N0_hYHyPBid9lKkedp4uq8r7DiZxBz_q/view?usp=drivesdk,image/jpeg,6321263,Shutterstock,2026-02-25T00:14:49.196+05:30,,,,,,,,
6,1YVCdLuJeUtZRRHFvcQlDbZRhFpKe1H9O,1oJZR4un6cSy5plBZeQO2Tur9peu1goO8,shutterstock_1741594712.jpg,https://drive.google.com/file/d/1oJZR4un6cSy5plBZeQO2Tur9peu1goO8/view?usp=drivesdk,image/jpeg,13869516,Shutterstock,2026-02-25T00:14:49.197+05:30,,,,,,,,
6,1YVCdLuJeUtZRRHFvcQlDbZRhFpKe1H9O,1oYQFcrGiIGSJ-8e4qDaCR4YuMYElMbMo,shutterstock_1275409888.jpg,https://drive.google.com/file/d/1oYQFcrGiIGSJ-8e4qDaCR4YuMYElMbMo/view?usp=drivesdk,image/jpeg,6477022,Shutterstock,2026-02-25T00:14:49.199+05:30,,,,,,,,
6,1YVCdLuJeUtZRRHFvcQlDbZRhFpKe1H9O,194VtmWXLirFiKPDPO2gosRLGOa00FHSi,shutterstock_2151476677.jpg,https://drive.google.com/file/d/194VtmWXLirFiKPDPO2gosRLGOa00FHSi/view?usp=drivesdk,image/jpeg,3736362,Shutterstock,2026-02-25T00:14:49.200+05:30,,,,,,,,
6,1YVCdLuJeUtZRRHFvcQlDbZRhFpKe1H9O,1O-hU2nhbY3ak3RGpZnnxaoEEh5BbeRs8,shutterstock_1135079063.jpg,https://drive.google.com/file/d/1O-hU2nhbY3ak3RGpZnnxaoEEh5BbeRs8/view?usp=drivesdk,image/jpeg,9383669,Shutterstock,2026-02-25T00:14:49.201+05:30,,,,,,,,
6,1YVCdLuJeUtZRRHFvcQlDbZRhFpKe1H9O,1upyFzIvqX9v02n4ue84P7WPzEdd0Szwn,shutterstock_2161110159.jpg,https://drive.google.com/file/d/1upyFzIvqX9v02n4ue84P7WPzEdd0Szwn/view?usp=drivesdk,image/jpeg,11405895,Shutterstock,2026-02-25T00:14:49.202+05:30,,,,,,,,
6,1YVCdLuJeUtZRRHFvcQlDbZRhFpKe1H9O,19na4F9un9zbeosCj042AHSg4MxKoAZEX,shutterstock_2235852089.jpg,https://drive.google.com/file/d/19na4F9un9zbeosCj042AHSg4MxKoAZEX/view?usp=drivesdk,image/jpeg,8979810,Shutterstock,2026-02-25T00:14:49.203+05:30,,,,,,,,
6,1YVCdLuJeUtZRRHFvcQlDbZRhFpKe1H9O,12Q70FBYeVBVfWrvFNgrSSm6mIX8XV_Z6,shutterstock_1091903447.jpg,https://drive.google.com/file/d/12Q70FBYeVBVfWrvFNgrSSm6mIX8XV_Z6/view?usp=drivesdk,image/jpeg,12868676,Shutterstock,2026-02-25T00:14:49.204+05:30,,,,,,,,
6,1YVCdLuJeUtZRRHFvcQlDbZRhFpKe1H9O,1VtdwqnAA3QeEzQ0jEe4X7pNdUAUvca0G,shutterstock_2303674197.jpg,https://drive.google.com/file/d/1VtdwqnAA3QeEzQ0jEe4X7pNdUAUvca0G/view?usp=drivesdk,image/jpeg,6589645,Shutterstock,2026-02-25T00:14:49.205+05:30,,,,,,,,
6,1YVCdLuJeUtZRRHFvcQlDbZRhFpKe1H9O,13tz1aAW1q23AVnoVqJhefbJ2Q3vip_jN,shutterstock_2168522771.jpg,https://drive.google.com/file/d/13tz1aAW1q23AVnoVqJhefbJ2Q3vip_jN/view?usp=drivesdk,image/jpeg,15485533,Shutterstock,2026-02-25T00:14:49.206+05:30,,,,,,,,
6,1YVCdLuJeUtZRRHFvcQlDbZRhFpKe1H9O,1MnJ92zk7etZ2oUXgPvO7WnoAHPitI0l8,shutterstock_1511352863.jpg,https://drive.google.com/file/d/1MnJ92zk7etZ2oUXgPvO7WnoAHPitI0l8/view?usp=drivesdk,image/jpeg,9111050,Shutterstock,2026-02-25T00:14:49.208+05:30,,,,,,,,
6,1YVCdLuJeUtZRRHFvcQlDbZRhFpKe1H9O,1l5LDeN7v-vTo7iiesrps0B-kkF9lulsa,shutterstock_2014536944.jpg,https://drive.google.com/file/d/1l5LDeN7v-vTo7iiesrps0B-kkF9lulsa/view?usp=drivesdk,image/jpeg,14359459,Shutterstock,2026-02-25T00:14:49.209+05:30,,,,,,,,
6,1YVCdLuJeUtZRRHFvcQlDbZRhFpKe1H9O,1NDSZrhnSliXJeWXHjITGYD0vUwF6EA5Z,shutterstock_2168498565.jpg,https://drive.google.com/file/d/1NDSZrhnSliXJeWXHjITGYD0vUwF6EA5Z/view?usp=drivesdk,image/jpeg,12135410,Shutterstock,2026-02-25T00:14:49.210+05:30,,,,,,,,
6,1YVCdLuJeUtZRRHFvcQlDbZRhFpKe1H9O,1B2jvskxc5NyKxxist-yVLZW5tWOH-Zjt,shutterstock_1931169122.jpg,https://drive.google.com/file/d/1B2jvskxc5NyKxxist-yVLZW5tWOH-Zjt/view?usp=drivesdk,image/jpeg,10906114,Shutterstock,2026-02-25T00:14:49.211+05:30,,,,,,,,
6,1YVCdLuJeUtZRRHFvcQlDbZRhFpKe1H9O,1nkZHnfj_GNOlA_nABWPn8YeGZgZxcAem,shutterstock_548778619.jpg,https://drive.google.com/file/d/1nkZHnfj_GNOlA_nABWPn8YeGZgZxcAem/view?usp=drivesdk,image/jpeg,10391969,Shutterstock,2026-02-25T00:14:49.212+05:30,,,,,,,,
6,1YVCdLuJeUtZRRHFvcQlDbZRhFpKe1H9O,1QSlpftRGkye6b6z6dsgjj3uQoraMWrz6,shutterstock_1843050832.jpg,https://drive.google.com/file/d/1QSlpftRGkye6b6z6dsgjj3uQoraMWrz6/view?usp=drivesdk,image/jpeg,11441973,Shutterstock,2026-02-25T00:14:49.214+05:30,,,,,,,,
6,1YVCdLuJeUtZRRHFvcQlDbZRhFpKe1H9O,1febR_w4iI_hEx7aXIehtQqOJbm5ZVwq7,shutterstock_177389729.jpg,https://drive.google.com/file/d/1febR_w4iI_hEx7aXIehtQqOJbm5ZVwq7/view?usp=drivesdk,image/jpeg,2214456,Shutterstock,2026-02-25T00:14:49.215+05:30,,,,,,,,
6,1YVCdLuJeUtZRRHFvcQlDbZRhFpKe1H9O,1knpYLI40vgzjFlbe9pQrvq9pZTPpXJug,shutterstock_641397646.jpg,https://drive.google.com/file/d/1knpYLI40vgzjFlbe9pQrvq9pZTPpXJug/view?usp=drivesdk,image/jpeg,9183891,Shutterstock,2026-02-25T00:14:49.217+05:30,,,,,,,,
6,1YVCdLuJeUtZRRHFvcQlDbZRhFpKe1H9O,1Xs9nn1I_68gNGj0qrmPE0COhGxgMc7hz,shutterstock_1854699166.jpg,https://drive.google.com/file/d/1Xs9nn1I_68gNGj0qrmPE0COhGxgMc7hz/view?usp=drivesdk,image/jpeg,11520664,Shutterstock,2026-02-25T00:14:49.217+05:30,,,,,,,,
6,1YVCdLuJeUtZRRHFvcQlDbZRhFpKe1H9O,1bjpik7BBf7tQXWcwXkFtJ2BA6RxGYty-,shutterstock_1694685298.jpg,https://drive.google.com/file/d/1bjpik7BBf7tQXWcwXkFtJ2BA6RxGYty-/view?usp=drivesdk,image/jpeg,9769263,Shutterstock,2026-02-25T00:14:49.218+05:30,,,,,,,,
6,1YVCdLuJeUtZRRHFvcQlDbZRhFpKe1H9O,1ZVhDY4uFTB9fDKwEndwsNWc_6Kz3xfqE,shutterstock_2182331383.jpg,https://drive.google.com/file/d/1ZVhDY4uFTB9fDKwEndwsNWc_6Kz3xfqE/view?usp=drivesdk,image/jpeg,9148214,Shutterstock,2026-02-25T00:14:49.219+05:30,,,,,,,,
6,1YVCdLuJeUtZRRHFvcQlDbZRhFpKe1H9O,1St5P6Eta8Fvz9CGe3uwJJIGrlGEE-wdZ,shutterstock_2214737883.jpg,https://drive.google.com/file/d/1St5P6Eta8Fvz9CGe3uwJJIGrlGEE-wdZ/view?usp=drivesdk,image/jpeg,9478671,Shutterstock,2026-02-25T00:14:49.220+05:30,,,,,,,,
6,1YVCdLuJeUtZRRHFvcQlDbZRhFpKe1H9O,1Q3bTQLYQhJcyGy-zo6cixuzZimjaslfH,shutterstock_1935540943.jpg,https://drive.google.com/file/d/1Q3bTQLYQhJcyGy-zo6cixuzZimjaslfH/view?usp=drivesdk,image/jpeg,6974321,Shutterstock,2026-02-25T00:14:49.221+05:30,,,,,,,,
6,1YVCdLuJeUtZRRHFvcQlDbZRhFpKe1H9O,14_MiTIPQUlB-r3W90UB6R5MRaCAdqoax,shutterstock_1186179382.jpg,https://drive.google.com/file/d/14_MiTIPQUlB-r3W90UB6R5MRaCAdqoax/view?usp=drivesdk,image/jpeg,8083538,Shutterstock,2026-02-25T00:14:49.222+05:30,,,,,,,,
6,1YVCdLuJeUtZRRHFvcQlDbZRhFpKe1H9O,1BtralepStknd0ogQlvT46kotqKPGMnBV,shutterstock_730498120.jpg,https://drive.google.com/file/d/1BtralepStknd0ogQlvT46kotqKPGMnBV/view?usp=drivesdk,image/jpeg,15474936,Shutterstock,2026-02-25T00:14:49.223+05:30,,,,,,,,
6,1YVCdLuJeUtZRRHFvcQlDbZRhFpKe1H9O,1132e40bQY0fAQ-hcLye9FfGg6CGxW6Mh,shutterstock_435613807.jpg,https://drive.google.com/file/d/1132e40bQY0fAQ-hcLye9FfGg6CGxW6Mh/view?usp=drivesdk,image/jpeg,2603650,Shutterstock,2026-02-25T00:14:49.224+05:30,,,,,,,,
6,1YVCdLuJeUtZRRHFvcQlDbZRhFpKe1H9O,18qLgpXP5OVXvSks1Gej5e-8Q3BQqKpnm,shutterstock_641277613.jpg,https://drive.google.com/file/d/18qLgpXP5OVXvSks1Gej5e-8Q3BQqKpnm/view?usp=drivesdk,image/jpeg,3852920,Shutterstock,2026-02-25T00:14:49.225+05:30,,,,,,,,
6,1YVCdLuJeUtZRRHFvcQlDbZRhFpKe1H9O,1oBiRm5KN_ZQsJ-1K7bSv2hsKX5a78KTL,shutterstock_1770322289.jpg,https://drive.google.com/file/d/1oBiRm5KN_ZQsJ-1K7bSv2hsKX5a78KTL/view?usp=drivesdk,image/jpeg,4391329,Shutterstock,2026-02-25T00:14:49.226+05:30,,,,,,,,
6,1YVCdLuJeUtZRRHFvcQlDbZRhFpKe1H9O,1d36ErPNrAR0Z8u-spcLbCd6-rR3gaRqh,shutterstock_2242235005.jpg,https://drive.google.com/file/d/1d36ErPNrAR0Z8u-spcLbCd6-rR3gaRqh/view?usp=drivesdk,image/jpeg,7598963,Shutterstock,2026-02-25T00:14:49.227+05:30,,,,,,,,
6,1YVCdLuJeUtZRRHFvcQlDbZRhFpKe1H9O,1QBpsSjAYefTxgmaswEaU8fKdWwu_uim6,shutterstock_450192526.jpg,https://drive.google.com/file/d/1QBpsSjAYefTxgmaswEaU8fKdWwu_uim6/view?usp=drivesdk,image/jpeg,14692712,Shutterstock,2026-02-25T00:14:49.228+05:30,,,,,,,,
6,1YVCdLuJeUtZRRHFvcQlDbZRhFpKe1H9O,1Ntiruz-F8Rd0NAdvZkBZXIE1hgRJpQGF,shutterstock_1946066557.jpg,https://drive.google.com/file/d/1Ntiruz-F8Rd0NAdvZkBZXIE1hgRJpQGF/view?usp=drivesdk,image/jpeg,11613163,Shutterstock,2026-02-25T00:14:49.229+05:30,,,,,,,,
6,1YVCdLuJeUtZRRHFvcQlDbZRhFpKe1H9O,1Dnv-BIXlfrAMlFcoXyo_OwbFi--MaY7T,shutterstock_2137304159.jpg,https://drive.google.com/file/d/1Dnv-BIXlfrAMlFcoXyo_OwbFi--MaY7T/view?usp=drivesdk,image/jpeg,10816857,Shutterstock,2026-02-25T00:14:49.230+05:30,,,,,,,,
6,1YVCdLuJeUtZRRHFvcQlDbZRhFpKe1H9O,1nO-5euwA-atdsSp-nUbQTokxIzviShHA,shutterstock_2203263891.jpg,https://drive.google.com/file/d/1nO-5euwA-atdsSp-nUbQTokxIzviShHA/view?usp=drivesdk,image/jpeg,12443316,Shutterstock,2026-02-25T00:14:49.231+05:30,,,,,,,,
6,1YVCdLuJeUtZRRHFvcQlDbZRhFpKe1H9O,1SPY2MvfYfw4wc_H1c17mLJVRMTbnkO0G,shutterstock_2159781505.jpg,https://drive.google.com/file/d/1SPY2MvfYfw4wc_H1c17mLJVRMTbnkO0G/view?usp=drivesdk,image/jpeg,3781920,Shutterstock,2026-02-25T00:14:49.232+05:30,,,,,,,,
6,1YVCdLuJeUtZRRHFvcQlDbZRhFpKe1H9O,11bKdZwtBb0NCd3o6DtJX--F4rOyattC4,shutterstock_2192606305.jpg,https://drive.google.com/file/d/11bKdZwtBb0NCd3o6DtJX--F4rOyattC4/view?usp=drivesdk,image/jpeg,3863907,Shutterstock,2026-02-25T00:14:49.233+05:30,,,,,,,,
6,1YVCdLuJeUtZRRHFvcQlDbZRhFpKe1H9O,1gmLHeBhchJOBKevhSNN90XBjV_1fN008,shutterstock_1814418299.jpg,https://drive.google.com/file/d/1gmLHeBhchJOBKevhSNN90XBjV_1fN008/view?usp=drivesdk,image/jpeg,4902215,Shutterstock,2026-02-25T00:14:49.236+05:30,,,,,,,,
6,1YVCdLuJeUtZRRHFvcQlDbZRhFpKe1H9O,1URgqYT2L4How9tifvkg_UjAGF38EWh8m,shutterstock_2016196394.jpg,https://drive.google.com/file/d/1URgqYT2L4How9tifvkg_UjAGF38EWh8m/view?usp=drivesdk,image/jpeg,7700813,Shutterstock,2026-02-25T00:14:49.237+05:30,,,,,,,,
6,1YVCdLuJeUtZRRHFvcQlDbZRhFpKe1H9O,13LzUN9eq4SY54J7jbb_wQNLtK-WNJM2b,shutterstock_1914443473.jpg,https://drive.google.com/file/d/13LzUN9eq4SY54J7jbb_wQNLtK-WNJM2b/view?usp=drivesdk,image/jpeg,7625702,Shutterstock,2026-02-25T00:14:49.238+05:30,,,,,,,,
6,1YVCdLuJeUtZRRHFvcQlDbZRhFpKe1H9O,19NP9so_aggv1NHb3MbURkJNvzFWBD44t,shutterstock_2228436555.jpg,https://drive.google.com/file/d/19NP9so_aggv1NHb3MbURkJNvzFWBD44t/view?usp=drivesdk,image/jpeg,7022290,Shutterstock,2026-02-25T00:14:49.239+05:30,,,,,,,,
6,1YVCdLuJeUtZRRHFvcQlDbZRhFpKe1H9O,11fMtrfVkRF-YuhsgMCexXnFL5lGjzCkK,shutterstock_259208585.jpg,https://drive.google.com/file/d/11fMtrfVkRF-YuhsgMCexXnFL5lGjzCkK/view?usp=drivesdk,image/jpeg,4165614,Shutterstock,2026-02-25T00:14:49.240+05:30,,,,,,,,
6,1YVCdLuJeUtZRRHFvcQlDbZRhFpKe1H9O,1RBP44d9Fp7UGajBOtMEQhMOnd2Gu1o74,shutterstock_2080021201.jpg,https://drive.google.com/file/d/1RBP44d9Fp7UGajBOtMEQhMOnd2Gu1o74/view?usp=drivesdk,image/jpeg,3041962,Shutterstock,2026-02-25T00:14:49.241+05:30,,,,,,,,
6,1YVCdLuJeUtZRRHFvcQlDbZRhFpKe1H9O,1qA0VdfiX8rIqiCqgGlSnGTAsi4jJkVbu,shutterstock_2255255943.jpg,https://drive.google.com/file/d/1qA0VdfiX8rIqiCqgGlSnGTAsi4jJkVbu/view?usp=drivesdk,image/jpeg,12953549,Shutterstock,2026-02-25T00:14:49.242+05:30,,,,,,,,
6,1YVCdLuJeUtZRRHFvcQlDbZRhFpKe1H9O,17wzczsfYhz_7reif06f8otyKH0XHObJT,shutterstock_2291348969.jpg,https://drive.google.com/file/d/17wzczsfYhz_7reif06f8otyKH0XHObJT/view?usp=drivesdk,image/jpeg,10821974,Shutterstock,2026-02-25T00:14:49.246+05:30,,,,,,,,
6,1YVCdLuJeUtZRRHFvcQlDbZRhFpKe1H9O,1GKmlUCxmWkMbmV8_5rddFDCyKgb1o77R,shutterstock_2178839517.jpg,https://drive.google.com/file/d/1GKmlUCxmWkMbmV8_5rddFDCyKgb1o77R/view?usp=drivesdk,image/jpeg,10604634,Shutterstock,2026-02-25T00:14:49.247+05:30,,,,,,,,
6,1YVCdLuJeUtZRRHFvcQlDbZRhFpKe1H9O,1NFkW-MaCLVsZ2ofwzO_sJGJCeb8W2hGL,shutterstock_2338680067.jpg,https://drive.google.com/file/d/1NFkW-MaCLVsZ2ofwzO_sJGJCeb8W2hGL/view?usp=drivesdk,image/jpeg,7733223,Shutterstock,2026-02-25T00:14:49.248+05:30,,,,,,,,
6,1YVCdLuJeUtZRRHFvcQlDbZRhFpKe1H9O,1KFJo5PQAgc0zSXe0TSdVsSbhoBZLbh2-,shutterstock_1469861795.jpg,https://drive.google.com/file/d/1KFJo5PQAgc0zSXe0TSdVsSbhoBZLbh2-/view?usp=drivesdk,image/jpeg,9985988,Shutterstock,2026-02-25T00:14:49.248+05:30,,,,,,,,
6,1YVCdLuJeUtZRRHFvcQlDbZRhFpKe1H9O,1UaVNcqyUQ3JYGjU-WIg3Zb6imuzypVxz,shutterstock_756370465.jpg,https://drive.google.com/file/d/1UaVNcqyUQ3JYGjU-WIg3Zb6imuzypVxz/view?usp=drivesdk,image/jpeg,6361094,Shutterstock,2026-02-25T00:14:49.249+05:30,,,,,,,,
6,1YVCdLuJeUtZRRHFvcQlDbZRhFpKe1H9O,1XRDbJsIRJMh25M9dy_0PIoNlnxUkVhRs,shutterstock_1016861428.jpg,https://drive.google.com/file/d/1XRDbJsIRJMh25M9dy_0PIoNlnxUkVhRs/view?usp=drivesdk,image/jpeg,9980305,Shutterstock,2026-02-25T00:14:49.251+05:30,,,,,,,,
6,1YVCdLuJeUtZRRHFvcQlDbZRhFpKe1H9O,1MZqFKIIWCs49EK5vMf3eMroblOFsC1B5,shutterstock_752586814.jpg,https://drive.google.com/file/d/1MZqFKIIWCs49EK5vMf3eMroblOFsC1B5/view?usp=drivesdk,image/jpeg,7135504,Shutterstock,2026-02-25T00:14:49.252+05:30,,,,,,,,
6,1YVCdLuJeUtZRRHFvcQlDbZRhFpKe1H9O,1B9A03MPNQ3aLEQuNQyY12g-e0qwMAEoz,shutterstock_672089917.jpg,https://drive.google.com/file/d/1B9A03MPNQ3aLEQuNQyY12g-e0qwMAEoz/view?usp=drivesdk,image/jpeg,13035302,Shutterstock,2026-02-25T00:14:49.253+05:30,,,,,,,,
6,1YVCdLuJeUtZRRHFvcQlDbZRhFpKe1H9O,1k04TvlJsMJzVyzMGzXSPlERyAST7-inV,shutterstock_2255711627.jpg,https://drive.google.com/file/d/1k04TvlJsMJzVyzMGzXSPlERyAST7-inV/view?usp=drivesdk,image/jpeg,11066315,Shutterstock,2026-02-25T00:14:49.254+05:30,,,,,,,,
6,1YVCdLuJeUtZRRHFvcQlDbZRhFpKe1H9O,1Hsz8mnlOEEk10rCTYT3E8aHt_tYsH4la,shutterstock_707654608.jpg,https://drive.google.com/file/d/1Hsz8mnlOEEk10rCTYT3E8aHt_tYsH4la/view?usp=drivesdk,image/jpeg,5552822,Shutterstock,2026-02-25T00:14:49.255+05:30,,,,,,,,
6,1YVCdLuJeUtZRRHFvcQlDbZRhFpKe1H9O,1J_1Tp5P63mKQmIeDA4CNmG8VuQiGDw-9,shutterstock_2191250871.jpg,https://drive.google.com/file/d/1J_1Tp5P63mKQmIeDA4CNmG8VuQiGDw-9/view?usp=drivesdk,image/jpeg,2568136,Shutterstock,2026-02-25T00:14:49.257+05:30,,,,,,,,
6,1YVCdLuJeUtZRRHFvcQlDbZRhFpKe1H9O,1c0EqAMXXF7JImKw4kZmPLBrCuaNdT1-D,shutterstock_2289277353.jpg,https://drive.google.com/file/d/1c0EqAMXXF7JImKw4kZmPLBrCuaNdT1-D/view?usp=drivesdk,image/jpeg,4254104,Shutterstock,2026-02-25T00:14:49.257+05:30,,,,,,,,
6,1YVCdLuJeUtZRRHFvcQlDbZRhFpKe1H9O,1GPkleYkGODbXxGYIbVZ78_Dspo6P7PHz,shutterstock_1025143093.jpg,https://drive.google.com/file/d/1GPkleYkGODbXxGYIbVZ78_Dspo6P7PHz/view?usp=drivesdk,image/jpeg,10970237,Shutterstock,2026-02-25T00:14:49.259+05:30,,,,,,,,
6,1YVCdLuJeUtZRRHFvcQlDbZRhFpKe1H9O,1IDrP5Cj9VOazzIL9pnRR00PEkhRHRXA_,shutterstock_1521834125.jpg,https://drive.google.com/file/d/1IDrP5Cj9VOazzIL9pnRR00PEkhRHRXA_/view?usp=drivesdk,image/jpeg,15268474,Shutterstock,2026-02-25T00:14:49.260+05:30,,,,,,,,
6,1YVCdLuJeUtZRRHFvcQlDbZRhFpKe1H9O,13gS4YPzmZGeN0zBCa8G4RIrtxgHNfNfw,shutterstock_2179562083.jpg,https://drive.google.com/file/d/13gS4YPzmZGeN0zBCa8G4RIrtxgHNfNfw/view?usp=drivesdk,image/jpeg,3473818,Shutterstock,2026-02-25T00:14:49.261+05:30,,,,,,,,
6,1YVCdLuJeUtZRRHFvcQlDbZRhFpKe1H9O,15MTWiczjJ5gHP4hd4QPjtYRcgYxPykNF,shutterstock_2206168377.jpg,https://drive.google.com/file/d/15MTWiczjJ5gHP4hd4QPjtYRcgYxPykNF/view?usp=drivesdk,image/jpeg,5812439,Shutterstock,2026-02-25T00:14:49.262+05:30,,,,,,,,
6,1YVCdLuJeUtZRRHFvcQlDbZRhFpKe1H9O,1T4n1soZZkXkaAkQV-vZxj9mvU2ATczXI,shutterstock_2201660449.jpg,https://drive.google.com/file/d/1T4n1soZZkXkaAkQV-vZxj9mvU2ATczXI/view?usp=drivesdk,image/jpeg,8243739,Shutterstock,2026-02-25T00:14:49.263+05:30,,,,,,,,
6,1YVCdLuJeUtZRRHFvcQlDbZRhFpKe1H9O,1VC64QY9uM1THrRUecMVHN4IFtkDkssAp,shutterstock_1741288904.jpg,https://drive.google.com/file/d/1VC64QY9uM1THrRUecMVHN4IFtkDkssAp/view?usp=drivesdk,image/jpeg,9707772,Shutterstock,2026-02-25T00:14:49.264+05:30,,,,,,,,
6,1YVCdLuJeUtZRRHFvcQlDbZRhFpKe1H9O,1wgWM-vea9nqgCidAXZvXI6c6DS2Fo1oW,shutterstock_511981423.jpg,https://drive.google.com/file/d/1wgWM-vea9nqgCidAXZvXI6c6DS2Fo1oW/view?usp=drivesdk,image/jpeg,5951259,Shutterstock,2026-02-25T00:14:49.265+05:30,,,,,,,,
6,1YVCdLuJeUtZRRHFvcQlDbZRhFpKe1H9O,1jstbJ_r9SLkcAWVudL6x_lIFTBGtWThJ,shutterstock_2279451679.jpg,https://drive.google.com/file/d/1jstbJ_r9SLkcAWVudL6x_lIFTBGtWThJ/view?usp=drivesdk,image/jpeg,14109069,Shutterstock,2026-02-25T00:14:49.265+05:30,,,,,,,,
6,1YVCdLuJeUtZRRHFvcQlDbZRhFpKe1H9O,1MVr3YTzJ0OQ8whA3PsRGR4X757kbKEPx,shutterstock_1199235616.jpg,https://drive.google.com/file/d/1MVr3YTzJ0OQ8whA3PsRGR4X757kbKEPx/view?usp=drivesdk,image/jpeg,10583816,Shutterstock,2026-02-25T00:14:49.266+05:30,,,,,,,,
6,1YVCdLuJeUtZRRHFvcQlDbZRhFpKe1H9O,1hbiqTFJHt4HZi24w6M6K1WaNEbK8inK5,shutterstock_2269750735.jpg,https://drive.google.com/file/d/1hbiqTFJHt4HZi24w6M6K1WaNEbK8inK5/view?usp=drivesdk,image/jpeg,6991978,Shutterstock,2026-02-25T00:14:49.267+05:30,,,,,,,,
6,1YVCdLuJeUtZRRHFvcQlDbZRhFpKe1H9O,1LvGB0wIEDtgD6A5Grchgo60XEe0M0x2J,shutterstock_2257592873.jpg,https://drive.google.com/file/d/1LvGB0wIEDtgD6A5Grchgo60XEe0M0x2J/view?usp=drivesdk,image/jpeg,5267986,Shutterstock,2026-02-25T00:14:49.268+05:30,,,,,,,,
6,1YVCdLuJeUtZRRHFvcQlDbZRhFpKe1H9O,1Cctu5Qu4PMt-gSyqNj9inunPTQ8c8LVq,shutterstock_1788715889.jpg,https://drive.google.com/file/d/1Cctu5Qu4PMt-gSyqNj9inunPTQ8c8LVq/view?usp=drivesdk,image/jpeg,3980921,Shutterstock,2026-02-25T00:14:49.269+05:30,,,,,,,,
6,1YVCdLuJeUtZRRHFvcQlDbZRhFpKe1H9O,1bP0-_0RvzJJH5ig0Xn-BYM5rsoZgp3nm,shutterstock_581642971.jpg,https://drive.google.com/file/d/1bP0-_0RvzJJH5ig0Xn-BYM5rsoZgp3nm/view?usp=drivesdk,image/jpeg,3954615,Shutterstock,2026-02-25T00:14:49.270+05:30,,,,,,,,
6,1YVCdLuJeUtZRRHFvcQlDbZRhFpKe1H9O,1t_H63IHVmgCEjfKecPg79F4Tha9QvqQr,shutterstock_1760911844.jpg,https://drive.google.com/file/d/1t_H63IHVmgCEjfKecPg79F4Tha9QvqQr/view?usp=drivesdk,image/jpeg,14430083,Shutterstock,2026-02-25T00:14:49.271+05:30,,,,,,,,
6,1YVCdLuJeUtZRRHFvcQlDbZRhFpKe1H9O,1kkqsc6C4CeuLCuW8HRdz1Gxt3J5lIthF,shutterstock_1440765188.jpg,https://drive.google.com/file/d/1kkqsc6C4CeuLCuW8HRdz1Gxt3J5lIthF/view?usp=drivesdk,image/jpeg,9493723,Shutterstock,2026-02-25T00:14:49.272+05:30,,,,,,,,
6,1YVCdLuJeUtZRRHFvcQlDbZRhFpKe1H9O,1DxlLM4w-x6cUnWumPZwS28kdsg9NZ61-,shutterstock_2316101753.jpg,https://drive.google.com/file/d/1DxlLM4w-x6cUnWumPZwS28kdsg9NZ61-/view?usp=drivesdk,image/jpeg,8134830,Shutterstock,2026-02-25T00:14:49.272+05:30,,,,,,,,
6,1YVCdLuJeUtZRRHFvcQlDbZRhFpKe1H9O,1loqxX97i-Y7uDtWCk4ohn-j4EA-sz_Rm,shutterstock_2218398695.jpg,https://drive.google.com/file/d/1loqxX97i-Y7uDtWCk4ohn-j4EA-sz_Rm/view?usp=drivesdk,image/jpeg,10056117,Shutterstock,2026-02-25T00:14:49.273+05:30,,,,,,,,
6,1YVCdLuJeUtZRRHFvcQlDbZRhFpKe1H9O,18wiiSwAJCyfwk1MAP9d88OocR_S3eLH8,shutterstock_1746589295.jpg,https://drive.google.com/file/d/18wiiSwAJCyfwk1MAP9d88OocR_S3eLH8/view?usp=drivesdk,image/jpeg,7164296,Shutterstock,2026-02-25T00:14:49.274+05:30,,,,,,,,
6,1YVCdLuJeUtZRRHFvcQlDbZRhFpKe1H9O,1NOU450-CsjgbgH312rwuh2gmPAznCVf9,shutterstock_2018729366.jpg,https://drive.google.com/file/d/1NOU450-CsjgbgH312rwuh2gmPAznCVf9/view?usp=drivesdk,image/jpeg,13370330,Shutterstock,2026-02-25T00:14:49.275+05:30,,,,,,,,
6,1YVCdLuJeUtZRRHFvcQlDbZRhFpKe1H9O,1YdOA1hgCdnJ-AZqRBux8zK4_jvuJHHxA,shutterstock_2255647479.jpg,https://drive.google.com/file/d/1YdOA1hgCdnJ-AZqRBux8zK4_jvuJHHxA/view?usp=drivesdk,image/jpeg,3860237,Shutterstock,2026-02-25T00:14:49.277+05:30,,,,,,,,
6,1YVCdLuJeUtZRRHFvcQlDbZRhFpKe1H9O,1OcrfrF0SSlZqSmnr4z9VyRQHdCmORKRY,shutterstock_2051822702.jpg,https://drive.google.com/file/d/1OcrfrF0SSlZqSmnr4z9VyRQHdCmORKRY/view?usp=drivesdk,image/jpeg,4116616,Shutterstock,2026-02-25T00:14:49.279+05:30,,,,,,,,
6,1YVCdLuJeUtZRRHFvcQlDbZRhFpKe1H9O,1AHDdWiBV-8tshWflizyZ3vTZZVtHgiDh,shutterstock_681594808.jpg,https://drive.google.com/file/d/1AHDdWiBV-8tshWflizyZ3vTZZVtHgiDh/view?usp=drivesdk,image/jpeg,9446243,Shutterstock,2026-02-25T00:14:49.280+05:30,,,,,,,,
6,1YVCdLuJeUtZRRHFvcQlDbZRhFpKe1H9O,1ME8T4yysDzRUk8HO4mFywfHZJ5hHgw0t,shutterstock_2331713703.jpg,https://drive.google.com/file/d/1ME8T4yysDzRUk8HO4mFywfHZJ5hHgw0t/view?usp=drivesdk,image/jpeg,6285982,Shutterstock,2026-02-25T00:14:49.281+05:30,,,,,,,,
6,1YVCdLuJeUtZRRHFvcQlDbZRhFpKe1H9O,1KlySgD647mFMHVuUarFYA_GXlniA2zGG,shutterstock_2215406511.jpg,https://drive.google.com/file/d/1KlySgD647mFMHVuUarFYA_GXlniA2zGG/view?usp=drivesdk,image/jpeg,7100738,Shutterstock,2026-02-25T00:14:49.282+05:30,,,,,,,,
6,1YVCdLuJeUtZRRHFvcQlDbZRhFpKe1H9O,14hN673XYatNYtiw3r3mZ8LWrFV__UQ6w,shutterstock_1899126973.jpg,https://drive.google.com/file/d/14hN673XYatNYtiw3r3mZ8LWrFV__UQ6w/view?usp=drivesdk,image/jpeg,4788069,Shutterstock,2026-02-25T00:14:49.283+05:30,,,,,,,,
6,1YVCdLuJeUtZRRHFvcQlDbZRhFpKe1H9O,16GdeImue1WZPqtBlIserQEQu9D-KnSPU,shutterstock_572651239.jpg,https://drive.google.com/file/d/16GdeImue1WZPqtBlIserQEQu9D-KnSPU/view?usp=drivesdk,image/jpeg,8575634,Shutterstock,2026-02-25T00:14:49.284+05:30,,,,,,,,
6,1YVCdLuJeUtZRRHFvcQlDbZRhFpKe1H9O,1Of1QbTaRTC07xXgb1TkzvgEJF9dt6zD5,shutterstock_1074687401.jpg,https://drive.google.com/file/d/1Of1QbTaRTC07xXgb1TkzvgEJF9dt6zD5/view?usp=drivesdk,image/jpeg,7184216,Shutterstock,2026-02-25T00:14:49.285+05:30,,,,,,,,
6,1YVCdLuJeUtZRRHFvcQlDbZRhFpKe1H9O,1NDlTNdHf9UkrybZAg7cPWa3ajMgKbxnX,shutterstock_2171220323.jpg,https://drive.google.com/file/d/1NDlTNdHf9UkrybZAg7cPWa3ajMgKbxnX/view?usp=drivesdk,image/jpeg,3825476,Shutterstock,2026-02-25T00:14:49.286+05:30,,,,,,,,
6,1YVCdLuJeUtZRRHFvcQlDbZRhFpKe1H9O,1FJZ5Vo9QUC4YLDX3s7vyw00dGT0iotLX,shutterstock_2286631099.jpg,https://drive.google.com/file/d/1FJZ5Vo9QUC4YLDX3s7vyw00dGT0iotLX/view?usp=drivesdk,image/jpeg,5803750,Shutterstock,2026-02-25T00:14:49.287+05:30,,,,,,,,
6,1YVCdLuJeUtZRRHFvcQlDbZRhFpKe1H9O,1eGJgPvetOFRLvktpF2awHj_yxyjxZGTQ,shutterstock_422268739.jpg,https://drive.google.com/file/d/1eGJgPvetOFRLvktpF2awHj_yxyjxZGTQ/view?usp=drivesdk,image/jpeg,9150670,Shutterstock,2026-02-25T00:14:49.288+05:30,,,,,,,,
6,1YVCdLuJeUtZRRHFvcQlDbZRhFpKe1H9O,1-z0PtfnlNvk3TTaGwF-sB58EaP3cPODC,shutterstock_1554793793.jpg,https://drive.google.com/file/d/1-z0PtfnlNvk3TTaGwF-sB58EaP3cPODC/view?usp=drivesdk,image/jpeg,16610447,Shutterstock,2026-02-25T00:14:49.289+05:30,,,,,,,,
6,1YVCdLuJeUtZRRHFvcQlDbZRhFpKe1H9O,1WW2JSRCxWipKcfJojZN7_hYujzFodi6a,shutterstock_2117026061.jpg,https://drive.google.com/file/d/1WW2JSRCxWipKcfJojZN7_hYujzFodi6a/view?usp=drivesdk,image/jpeg,5941938,Shutterstock,2026-02-25T00:14:49.290+05:30,,,,,,,,
6,1YVCdLuJeUtZRRHFvcQlDbZRhFpKe1H9O,1vmeZwP7ch1jsllfLxoVLOwwp2rbzR-jr,shutterstock_1927428326.jpg,https://drive.google.com/file/d/1vmeZwP7ch1jsllfLxoVLOwwp2rbzR-jr/view?usp=drivesdk,image/jpeg,12032753,Shutterstock,2026-02-25T00:14:49.291+05:30,,,,,,,,
6,1YVCdLuJeUtZRRHFvcQlDbZRhFpKe1H9O,1moijHO6LOcFQONgoaVPZzOJyVB5QJq-R,shutterstock_1966669258.jpg,https://drive.google.com/file/d/1moijHO6LOcFQONgoaVPZzOJyVB5QJq-R/view?usp=drivesdk,image/jpeg,11887613,Shutterstock,2026-02-25T00:14:49.293+05:30,,,,,,,,
6,1YVCdLuJeUtZRRHFvcQlDbZRhFpKe1H9O,1zJdrD98bBh2CE9ViIUIz1b_fWRMeH_mU,shutterstock_2258732959.jpg,https://drive.google.com/file/d/1zJdrD98bBh2CE9ViIUIz1b_fWRMeH_mU/view?usp=drivesdk,image/jpeg,7562009,Shutterstock,2026-02-25T00:14:49.294+05:30,,,,,,,,
6,1YVCdLuJeUtZRRHFvcQlDbZRhFpKe1H9O,1H-Jv1W3LK4muVr1VT_Am2csVncGJXmC9,shutterstock_2262167355.jpg,https://drive.google.com/file/d/1H-Jv1W3LK4muVr1VT_Am2csVncGJXmC9/view?usp=drivesdk,image/jpeg,7591755,Shutterstock,2026-02-25T00:14:49.295+05:30,,,,,,,,
6,1YVCdLuJeUtZRRHFvcQlDbZRhFpKe1H9O,1YPJv3Ugh7HHYVsYpFg1SwXoWMfhGz1pW,shutterstock_428275762.jpg,https://drive.google.com/file/d/1YPJv3Ugh7HHYVsYpFg1SwXoWMfhGz1pW/view?usp=drivesdk,image/jpeg,10964849,Shutterstock,2026-02-25T00:14:49.296+05:30,,,,,,,,
6,1YVCdLuJeUtZRRHFvcQlDbZRhFpKe1H9O,1EHwBtOo50B3rzaM6gC3Ktz6ZW4Xn2hcK,shutterstock_2057949305.jpg,https://drive.google.com/file/d/1EHwBtOo50B3rzaM6gC3Ktz6ZW4Xn2hcK/view?usp=drivesdk,image/jpeg,6040367,Shutterstock,2026-02-25T00:14:49.296+05:30,,,,,,,,
6,1YVCdLuJeUtZRRHFvcQlDbZRhFpKe1H9O,1M1Nt8dMd_GOLLaMjG0xGpnF4MFpJCh3A,shutterstock_1070669687.jpg,https://drive.google.com/file/d/1M1Nt8dMd_GOLLaMjG0xGpnF4MFpJCh3A/view?usp=drivesdk,image/jpeg,4623790,Shutterstock,2026-02-25T00:14:49.297+05:30,,,,,,,,
6,1YVCdLuJeUtZRRHFvcQlDbZRhFpKe1H9O,1VZED412L1khdTf7qkKHHX-enI7CfpVux,shutterstock_2049703586.jpg,https://drive.google.com/file/d/1VZED412L1khdTf7qkKHHX-enI7CfpVux/view?usp=drivesdk,image/jpeg,6430021,Shutterstock,2026-02-25T00:14:49.298+05:30,,,,,,,,
6,1YVCdLuJeUtZRRHFvcQlDbZRhFpKe1H9O,1ED36SfjjybEwjWPny0j_tcJbRViZgMSp,shutterstock_1133982038.jpg,https://drive.google.com/file/d/1ED36SfjjybEwjWPny0j_tcJbRViZgMSp/view?usp=drivesdk,image/jpeg,3607011,Shutterstock,2026-02-25T00:14:49.299+05:30,,,,,,,,
6,1YVCdLuJeUtZRRHFvcQlDbZRhFpKe1H9O,1jty5MpfkdpF1LAwnZPCWfwltw1kywJzo,shutterstock_2111290427.jpg,https://drive.google.com/file/d/1jty5MpfkdpF1LAwnZPCWfwltw1kywJzo/view?usp=drivesdk,image/jpeg,6577031,Shutterstock,2026-02-25T00:14:49.300+05:30,,,,,,,,
6,1YVCdLuJeUtZRRHFvcQlDbZRhFpKe1H9O,1zJtZRmOjixONG36vzM6j2ip9HOhlbaTj,shutterstock_2068912751.jpg,https://drive.google.com/file/d/1zJtZRmOjixONG36vzM6j2ip9HOhlbaTj/view?usp=drivesdk,image/jpeg,7310317,Shutterstock,2026-02-25T00:14:49.301+05:30,,,,,,,,
6,1YVCdLuJeUtZRRHFvcQlDbZRhFpKe1H9O,1vpQ9wDcBE4B9oDD4VGazSnCSw363fy2I,shutterstock_558968941.jpg,https://drive.google.com/file/d/1vpQ9wDcBE4B9oDD4VGazSnCSw363fy2I/view?usp=drivesdk,image/jpeg,11161276,Shutterstock,2026-02-25T00:14:49.302+05:30,,,,,,,,
6,1YVCdLuJeUtZRRHFvcQlDbZRhFpKe1H9O,1vMhG_XPziLfMiJlMN00TWF2C4KHs52ZF,shutterstock_319732583.jpg,https://drive.google.com/file/d/1vMhG_XPziLfMiJlMN00TWF2C4KHs52ZF/view?usp=drivesdk,image/jpeg,11937240,Shutterstock,2026-02-25T00:14:49.302+05:30,,,,,,,,
6,1YVCdLuJeUtZRRHFvcQlDbZRhFpKe1H9O,1_rB2lZbKkQxW6qkzE500cxWQwqwdFXsu,shutterstock_2252508825.jpg,https://drive.google.com/file/d/1_rB2lZbKkQxW6qkzE500cxWQwqwdFXsu/view?usp=drivesdk,image/jpeg,11239669,Shutterstock,2026-02-25T00:14:49.303+05:30,,,,,,,,
6,1YVCdLuJeUtZRRHFvcQlDbZRhFpKe1H9O,1nUYzJQ1DnU8tPeigNf2bDcylL8ONsIT6,shutterstock_1011983758.jpg,https://drive.google.com/file/d/1nUYzJQ1DnU8tPeigNf2bDcylL8ONsIT6/view?usp=drivesdk,image/jpeg,12128335,Shutterstock,2026-02-25T00:14:49.304+05:30,,,,,,,,
6,1YVCdLuJeUtZRRHFvcQlDbZRhFpKe1H9O,1QYu32mi27GWWjVH2aujmMOZwhZHbnrye,shutterstock_2296920153.jpg,https://drive.google.com/file/d/1QYu32mi27GWWjVH2aujmMOZwhZHbnrye/view?usp=drivesdk,image/jpeg,4719040,Shutterstock,2026-02-25T00:14:49.305+05:30,,,,,,,,
6,1YVCdLuJeUtZRRHFvcQlDbZRhFpKe1H9O,13ntRl-3uRpXSToTLMYm2RTWNwEMkHf_A,shutterstock_1590148723.jpg,https://drive.google.com/file/d/13ntRl-3uRpXSToTLMYm2RTWNwEMkHf_A/view?usp=drivesdk,image/jpeg,8547334,Shutterstock,2026-02-25T00:14:49.306+05:30,,,,,,,,
6,1YVCdLuJeUtZRRHFvcQlDbZRhFpKe1H9O,1JFP11fyNDKZSCF7vKwUad__nVTs7VkfM,shutterstock_1949825512.jpg,https://drive.google.com/file/d/1JFP11fyNDKZSCF7vKwUad__nVTs7VkfM/view?usp=drivesdk,image/jpeg,8177445,Shutterstock,2026-02-25T00:14:49.307+05:30,,,,,,,,
6,1YVCdLuJeUtZRRHFvcQlDbZRhFpKe1H9O,1ssv24I5diFwhfv9uyO18qOa5qn1nYL8-,shutterstock_1846345372.jpg,https://drive.google.com/file/d/1ssv24I5diFwhfv9uyO18qOa5qn1nYL8-/view?usp=drivesdk,image/jpeg,7295077,Shutterstock,2026-02-25T00:14:49.309+05:30,,,,,,,,
6,1YVCdLuJeUtZRRHFvcQlDbZRhFpKe1H9O,1JtrmXJvtuT3LlKlNbDq5cVrFvpC8U8vy,shutterstock_682426453.jpg,https://drive.google.com/file/d/1JtrmXJvtuT3LlKlNbDq5cVrFvpC8U8vy/view?usp=drivesdk,image/jpeg,6716627,Shutterstock,2026-02-25T00:14:49.309+05:30,,,,,,,,
6,1YVCdLuJeUtZRRHFvcQlDbZRhFpKe1H9O,1D1XNYz1SQg7jz40390ZwyC1LzSqDVNVb,shutterstock_530775229.jpg,https://drive.google.com/file/d/1D1XNYz1SQg7jz40390ZwyC1LzSqDVNVb/view?usp=drivesdk,image/jpeg,9088520,Shutterstock,2026-02-25T00:14:49.310+05:30,,,,,,,,
6,1YVCdLuJeUtZRRHFvcQlDbZRhFpKe1H9O,1T-wLh1bD41FvtP_kOTicJ-p4zDynuGWs,shutterstock_635520215.jpg,https://drive.google.com/file/d/1T-wLh1bD41FvtP_kOTicJ-p4zDynuGWs/view?usp=drivesdk,image/jpeg,5598084,Shutterstock,2026-02-25T00:14:49.311+05:30,,,,,,,,
6,1YVCdLuJeUtZRRHFvcQlDbZRhFpKe1H9O,1d-qeeN4w7LHieOMS4R4_Rw6fzzEhchTB,shutterstock_2098281439.jpg,https://drive.google.com/file/d/1d-qeeN4w7LHieOMS4R4_Rw6fzzEhchTB/view?usp=drivesdk,image/jpeg,4339883,Shutterstock,2026-02-25T00:14:49.312+05:30,,,,,,,,
6,1YVCdLuJeUtZRRHFvcQlDbZRhFpKe1H9O,1Z8vpFsFBGjhyWfnueWry1XHUQIha8uSe,shutterstock_508681009.jpg,https://drive.google.com/file/d/1Z8vpFsFBGjhyWfnueWry1XHUQIha8uSe/view?usp=drivesdk,image/jpeg,11763268,Shutterstock,2026-02-25T00:14:49.314+05:30,,,,,,,,
6,1YVCdLuJeUtZRRHFvcQlDbZRhFpKe1H9O,1UuZ0Za9sC9cU8sK_M6dCW1ostm17O1_v,shutterstock_2335874943.jpg,https://drive.google.com/file/d/1UuZ0Za9sC9cU8sK_M6dCW1ostm17O1_v/view?usp=drivesdk,image/jpeg,4074031,Shutterstock,2026-02-25T00:14:49.316+05:30,,,,,,,,
6,1YVCdLuJeUtZRRHFvcQlDbZRhFpKe1H9O,1nTJKIXvSME36BCMkXvAPhinC30-LRuOC,shutterstock_398630869.jpg,https://drive.google.com/file/d/1nTJKIXvSME36BCMkXvAPhinC30-LRuOC/view?usp=drivesdk,image/jpeg,4790297,Shutterstock,2026-02-25T00:14:49.316+05:30,,,,,,,,
6,1YVCdLuJeUtZRRHFvcQlDbZRhFpKe1H9O,1efTrWpqmGIUAgg706sYVU4zRkH6OYQrz,shutterstock_708817909.jpg,https://drive.google.com/file/d/1efTrWpqmGIUAgg706sYVU4zRkH6OYQrz/view?usp=drivesdk,image/jpeg,10474649,Shutterstock,2026-02-25T00:14:49.318+05:30,,,,,,,,
6,1YVCdLuJeUtZRRHFvcQlDbZRhFpKe1H9O,169aVMOLSUV0MS5t5FNeMwwxI9FIf9-4Y,shutterstock_2119383497.jpg,https://drive.google.com/file/d/169aVMOLSUV0MS5t5FNeMwwxI9FIf9-4Y/view?usp=drivesdk,image/jpeg,15645162,Shutterstock,2026-02-25T00:14:49.319+05:30,,,,,,,,
6,1YVCdLuJeUtZRRHFvcQlDbZRhFpKe1H9O,17TJ5MMOL8GeMzkYxbdqxLSPPJemgBFsF,shutterstock_2051753258.jpg,https://drive.google.com/file/d/17TJ5MMOL8GeMzkYxbdqxLSPPJemgBFsF/view?usp=drivesdk,image/jpeg,13226869,Shutterstock,2026-02-25T00:14:49.320+05:30,,,,,,,,
6,1YVCdLuJeUtZRRHFvcQlDbZRhFpKe1H9O,1x-BBtD_BFLOvNAytAIKHPUBQkiSFiv1I,shutterstock_2293627077.jpg,https://drive.google.com/file/d/1x-BBtD_BFLOvNAytAIKHPUBQkiSFiv1I/view?usp=drivesdk,image/jpeg,6097428,Shutterstock,2026-02-25T00:14:49.322+05:30,,,,,,,,
6,1YVCdLuJeUtZRRHFvcQlDbZRhFpKe1H9O,1gvRwLbzB7djXXfApQuInz4nkTU3nQhbE,shutterstock_481976119.jpg,https://drive.google.com/file/d/1gvRwLbzB7djXXfApQuInz4nkTU3nQhbE/view?usp=drivesdk,image/jpeg,11158740,Shutterstock,2026-02-25T00:14:49.323+05:30,,,,,,,,
6,1YVCdLuJeUtZRRHFvcQlDbZRhFpKe1H9O,1LG22wXdhOwjFJsCX68bz_5rX2o_GyA6_,shutterstock_1982128022.jpg,https://drive.google.com/file/d/1LG22wXdhOwjFJsCX68bz_5rX2o_GyA6_/view?usp=drivesdk,image/jpeg,15349609,Shutterstock,2026-02-25T00:14:49.324+05:30,,,,,,,,
6,1YVCdLuJeUtZRRHFvcQlDbZRhFpKe1H9O,1E7sVv1s8GOObAg8vVfBcayWlDDZFA7cX,shutterstock_407331907.jpg,https://drive.google.com/file/d/1E7sVv1s8GOObAg8vVfBcayWlDDZFA7cX/view?usp=drivesdk,image/jpeg,5900165,Shutterstock,2026-02-25T00:14:49.325+05:30,,,,,,,,
6,1YVCdLuJeUtZRRHFvcQlDbZRhFpKe1H9O,103Ri0foqgA87T9dSp0cJjuDuCu6zl3cL,shutterstock_1453183286.jpg,https://drive.google.com/file/d/103Ri0foqgA87T9dSp0cJjuDuCu6zl3cL/view?usp=drivesdk,image/jpeg,6217160,Shutterstock,2026-02-25T00:14:49.327+05:30,,,,,,,,
6,1YVCdLuJeUtZRRHFvcQlDbZRhFpKe1H9O,1aK1H33wxya5WEs1UqJd2xQ2iLJoG_JYx,shutterstock_2210993859.jpg,https://drive.google.com/file/d/1aK1H33wxya5WEs1UqJd2xQ2iLJoG_JYx/view?usp=drivesdk,image/jpeg,9922582,Shutterstock,2026-02-25T00:14:49.328+05:30,,,,,,,,
6,1YVCdLuJeUtZRRHFvcQlDbZRhFpKe1H9O,1aQfkvCwqBH5JXqbnSwFUfXrt4fMzFWip,shutterstock_2344399249.jpg,https://drive.google.com/file/d/1aQfkvCwqBH5JXqbnSwFUfXrt4fMzFWip/view?usp=drivesdk,image/jpeg,4434123,Shutterstock,2026-02-25T00:14:49.329+05:30,,,,,,,,
6,1YVCdLuJeUtZRRHFvcQlDbZRhFpKe1H9O,1aZx5glHqwuf8sU8i2mI2IfU9Nr3ZpnFI,shutterstock_1388811452.jpg,https://drive.google.com/file/d/1aZx5glHqwuf8sU8i2mI2IfU9Nr3ZpnFI/view?usp=drivesdk,image/jpeg,6783625,Shutterstock,2026-02-25T00:14:49.329+05:30,,,,,,,,
6,1YVCdLuJeUtZRRHFvcQlDbZRhFpKe1H9O,1a_3_cXM-2i_AvfaSMkTRiCIMmajHpots,shutterstock_617131586.jpg,https://drive.google.com/file/d/1a_3_cXM-2i_AvfaSMkTRiCIMmajHpots/view?usp=drivesdk,image/jpeg,14965287,Shutterstock,2026-02-25T00:14:49.330+05:30,,,,,,,,
6,1YVCdLuJeUtZRRHFvcQlDbZRhFpKe1H9O,1a_Hh4uMpgJR33yoAQDPouoofVik9QVab,shutterstock_2074246129.jpg,https://drive.google.com/file/d/1a_Hh4uMpgJR33yoAQDPouoofVik9QVab/view?usp=drivesdk,image/jpeg,2952834,Shutterstock,2026-02-25T00:14:49.333+05:30,,,,,,,,
6,1YVCdLuJeUtZRRHFvcQlDbZRhFpKe1H9O,1abPne8vrw6lDP-6Z8oYZYSUD715vci7A,shutterstock_2064675314.jpg,https://drive.google.com/file/d/1abPne8vrw6lDP-6Z8oYZYSUD715vci7A/view?usp=drivesdk,image/jpeg,3405004,Shutterstock,2026-02-25T00:14:49.334+05:30,,,,,,,,
6,1YVCdLuJeUtZRRHFvcQlDbZRhFpKe1H9O,1ah53Zlj_OiicJD6jMRilW1XihJhC0dD9,shutterstock_2346485353.jpg,https://drive.google.com/file/d/1ah53Zlj_OiicJD6jMRilW1XihJhC0dD9/view?usp=drivesdk,image/jpeg,6507261,Shutterstock,2026-02-25T00:14:49.335+05:30,,,,,,,,
6,1YVCdLuJeUtZRRHFvcQlDbZRhFpKe1H9O,1awUears6I9Qo7J7kvWkS6jwRUS2puicw,shutterstock_2313792999.jpg,https://drive.google.com/file/d/1awUears6I9Qo7J7kvWkS6jwRUS2puicw/view?usp=drivesdk,image/jpeg,8129987,Shutterstock,2026-02-25T00:14:49.335+05:30,,,,,,,,
6,1YVCdLuJeUtZRRHFvcQlDbZRhFpKe1H9O,1bALRkQ_E72PKrSEYqbIvIPhlQ3J48-0z,shutterstock_2127519233.jpg,https://drive.google.com/file/d/1bALRkQ_E72PKrSEYqbIvIPhlQ3J48-0z/view?usp=drivesdk,image/jpeg,8027943,Shutterstock,2026-02-25T00:14:49.336+05:30,,,,,,,,
6,1YVCdLuJeUtZRRHFvcQlDbZRhFpKe1H9O,1bABqIkmBma0AAIbUtszR70KycZN07b1y,shutterstock_2279559063.jpg,https://drive.google.com/file/d/1bABqIkmBma0AAIbUtszR70KycZN07b1y/view?usp=drivesdk,image/jpeg,6638557,Shutterstock,2026-02-25T00:14:49.337+05:30,,,,,,,,
6,1YVCdLuJeUtZRRHFvcQlDbZRhFpKe1H9O,1bE3_bU1dw4C4sdPp5-iYD8a77x6DKxvr,shutterstock_578912143.jpg,https://drive.google.com/file/d/1bE3_bU1dw4C4sdPp5-iYD8a77x6DKxvr/view?usp=drivesdk,image/jpeg,14753691,Shutterstock,2026-02-25T00:14:49.338+05:30,,,,,,,,
6,1YVCdLuJeUtZRRHFvcQlDbZRhFpKe1H9O,1bIxPL2IKnn-wtzAwtnovKDS_v33PZ8hc,shutterstock_2103634133.jpg,https://drive.google.com/file/d/1bIxPL2IKnn-wtzAwtnovKDS_v33PZ8hc/view?usp=drivesdk,image/jpeg,14073550,Shutterstock,2026-02-25T00:14:49.339+05:30,,,,,,,,
6,1YVCdLuJeUtZRRHFvcQlDbZRhFpKe1H9O,1bb0rwZ30vl4shcBB6iKo0grjl7KQDKiO,shutterstock_669226183.jpg,https://drive.google.com/file/d/1bb0rwZ30vl4shcBB6iKo0grjl7KQDKiO/view?usp=drivesdk,image/jpeg,4426040,Shutterstock,2026-02-25T00:14:49.341+05:30,,,,,,,,
6,1YVCdLuJeUtZRRHFvcQlDbZRhFpKe1H9O,1E09cD6ANFH_SLKan2cY5gvQS1Bh6obdA,shutterstock_2126382278.jpg,https://drive.google.com/file/d/1E09cD6ANFH_SLKan2cY5gvQS1Bh6obdA/view?usp=drivesdk,image/jpeg,10097492,Shutterstock,2026-02-25T00:14:49.342+05:30,,,,,,,,
6,1YVCdLuJeUtZRRHFvcQlDbZRhFpKe1H9O,1DzjMaGqkxOq4t5t56YJ_VAycPdbqMFlU,shutterstock_1940780935.jpg,https://drive.google.com/file/d/1DzjMaGqkxOq4t5t56YJ_VAycPdbqMFlU/view?usp=drivesdk,image/jpeg,10402357,Shutterstock,2026-02-25T00:14:49.343+05:30,,,,,,,,
6,1YVCdLuJeUtZRRHFvcQlDbZRhFpKe1H9O,1Dtzi3r1JZ-7OHQ5CR7jOrtbFzRMwdX49,shutterstock_2324952307.jpg,https://drive.google.com/file/d/1Dtzi3r1JZ-7OHQ5CR7jOrtbFzRMwdX49/view?usp=drivesdk,image/jpeg,12739190,Shutterstock,2026-02-25T00:14:49.344+05:30,,,,,,,,
6,1YVCdLuJeUtZRRHFvcQlDbZRhFpKe1H9O,1Jt_pETxEzMKyDDj2lDaMZu8nxNOztDT9,shutterstock_2255590895.jpg,https://drive.google.com/file/d/1Jt_pETxEzMKyDDj2lDaMZu8nxNOztDT9/view?usp=drivesdk,image/jpeg,14150294,Shutterstock,2026-02-25T00:14:49.345+05:30,,,,,,,,
6,1YVCdLuJeUtZRRHFvcQlDbZRhFpKe1H9O,120ZyqGjFMdQNQiT02_n5FOzcK2176qC8,shutterstock_2270998021.jpg,https://drive.google.com/file/d/120ZyqGjFMdQNQiT02_n5FOzcK2176qC8/view?usp=drivesdk,image/jpeg,3127561,Shutterstock,2026-02-25T00:14:49.346+05:30,,,,,,,,
6,1YVCdLuJeUtZRRHFvcQlDbZRhFpKe1H9O,1Fq1TtnZ-tqfQRp5aOgQAxPS3psO4en2z,shutterstock_2354102487.jpg,https://drive.google.com/file/d/1Fq1TtnZ-tqfQRp5aOgQAxPS3psO4en2z/view?usp=drivesdk,image/jpeg,2694506,Shutterstock,2026-02-25T00:14:49.346+05:30,,,,,,,,
6,1YVCdLuJeUtZRRHFvcQlDbZRhFpKe1H9O,1VUdP4ko693AJAcFuoFhBqJXAkPs8phtz,shutterstock_1392193910.jpg,https://drive.google.com/file/d/1VUdP4ko693AJAcFuoFhBqJXAkPs8phtz/view?usp=drivesdk,image/jpeg,12042524,Shutterstock,2026-02-25T00:14:49.347+05:30,,,,,,,,
6,1YVCdLuJeUtZRRHFvcQlDbZRhFpKe1H9O,12d_0cV8JXgq6iknZP5EmOl5GJVEAMeLK,shutterstock_2328116381.jpg,https://drive.google.com/file/d/12d_0cV8JXgq6iknZP5EmOl5GJVEAMeLK/view?usp=drivesdk,image/jpeg,11896335,Shutterstock,2026-02-25T00:14:49.348+05:30,,,,,,,,
6,1YVCdLuJeUtZRRHFvcQlDbZRhFpKe1H9O,1NVsYutSnIS_YVU11-wvqrbAe_7ht4fck,shutterstock_1154457493.jpg,https://drive.google.com/file/d/1NVsYutSnIS_YVU11-wvqrbAe_7ht4fck/view?usp=drivesdk,image/jpeg,9217866,Shutterstock,2026-02-25T00:14:49.349+05:30,,,,,,,,
6,1YVCdLuJeUtZRRHFvcQlDbZRhFpKe1H9O,14zxSJp9FZM4GXe69qP9mTtaVSSsHdmBU,shutterstock_2308452329.jpg,https://drive.google.com/file/d/14zxSJp9FZM4GXe69qP9mTtaVSSsHdmBU/view?usp=drivesdk,image/jpeg,5497320,Shutterstock,2026-02-25T00:14:49.350+05:30,,,,,,,,
6,1YVCdLuJeUtZRRHFvcQlDbZRhFpKe1H9O,1-J5-XZpCs9kgRBwUHWzYxld7OFLgzMtd,shutterstock_2268206795.jpg,https://drive.google.com/file/d/1-J5-XZpCs9kgRBwUHWzYxld7OFLgzMtd/view?usp=drivesdk,image/jpeg,3623093,Shutterstock,2026-02-25T00:14:49.351+05:30,,,,,,,,
6,1YVCdLuJeUtZRRHFvcQlDbZRhFpKe1H9O,1OvppfTMSIRM9jN9130waRJfLFrTOQRj6,shutterstock_2058800198.jpg,https://drive.google.com/file/d/1OvppfTMSIRM9jN9130waRJfLFrTOQRj6/view?usp=drivesdk,image/jpeg,2298801,Shutterstock,2026-02-25T00:14:49.352+05:30,,,,,,,,
6,1YVCdLuJeUtZRRHFvcQlDbZRhFpKe1H9O,1IwGb3AsBEvyFp-uCZFMBBRR6vITTTjNR,shutterstock_391409953.jpg,https://drive.google.com/file/d/1IwGb3AsBEvyFp-uCZFMBBRR6vITTTjNR/view?usp=drivesdk,image/jpeg,4717055,Shutterstock,2026-02-25T00:14:49.354+05:30,,,,,,,,
6,1YVCdLuJeUtZRRHFvcQlDbZRhFpKe1H9O,1rgR_Xw4PF8wHIQuy_7NE6Gh7aEt6gery,shutterstock_2088601237.jpg,https://drive.google.com/file/d/1rgR_Xw4PF8wHIQuy_7NE6Gh7aEt6gery/view?usp=drivesdk,image/jpeg,5491703,Shutterstock,2026-02-25T00:14:49.355+05:30,,,,,,,,
6,1YVCdLuJeUtZRRHFvcQlDbZRhFpKe1H9O,1SGojyxf6fybRraeRbOFFqDpJqWUxnxZb,shutterstock_1358734463.jpg,https://drive.google.com/file/d/1SGojyxf6fybRraeRbOFFqDpJqWUxnxZb/view?usp=drivesdk,image/jpeg,2701046,Shutterstock,2026-02-25T00:14:49.356+05:30,,,,,,,,
6,1YVCdLuJeUtZRRHFvcQlDbZRhFpKe1H9O,1VyGrpwr3J0H2G1iktvskpB-Teo3FpCdb,shutterstock_2360766161.jpg,https://drive.google.com/file/d/1VyGrpwr3J0H2G1iktvskpB-Teo3FpCdb/view?usp=drivesdk,image/jpeg,8644994,Shutterstock,2026-02-25T00:14:49.358+05:30,,,,,,,,
6,1YVCdLuJeUtZRRHFvcQlDbZRhFpKe1H9O,1dCDLLr1vRfaL3HhiUTzaIHjVKA0Fz0hz,shutterstock_2327096251.jpg,https://drive.google.com/file/d/1dCDLLr1vRfaL3HhiUTzaIHjVKA0Fz0hz/view?usp=drivesdk,image/jpeg,8409961,Shutterstock,2026-02-25T00:14:49.361+05:30,,,,,,,,
6,1YVCdLuJeUtZRRHFvcQlDbZRhFpKe1H9O,1N3jG7zshcoDvZIO1MsGwMwG7pniSM8fY,shutterstock_2285412737.jpg,https://drive.google.com/file/d/1N3jG7zshcoDvZIO1MsGwMwG7pniSM8fY/view?usp=drivesdk,image/jpeg,7066707,Shutterstock,2026-02-25T00:14:49.362+05:30,,,,,,,,
6,1YVCdLuJeUtZRRHFvcQlDbZRhFpKe1H9O,1b8u_jU8VlCld19TjhhqnIqWL1phjjEd7,shutterstock_2262206885.jpg,https://drive.google.com/file/d/1b8u_jU8VlCld19TjhhqnIqWL1phjjEd7/view?usp=drivesdk,image/jpeg,5426459,Shutterstock,2026-02-25T00:14:49.364+05:30,,,,,,,,
6,1YVCdLuJeUtZRRHFvcQlDbZRhFpKe1H9O,1NDC2hXkecfl6Zxqy51u0Mf4C6RmQG7_Z,shutterstock_2267909159.jpg,https://drive.google.com/file/d/1NDC2hXkecfl6Zxqy51u0Mf4C6RmQG7_Z/view?usp=drivesdk,image/jpeg,8215213,Shutterstock,2026-02-25T00:14:49.365+05:30,,,,,,,,
6,1YVCdLuJeUtZRRHFvcQlDbZRhFpKe1H9O,1CCqeW4cGSrrVezBCjxxArlvZg1drEFNa,shutterstock_2249975323.jpg,https://drive.google.com/file/d/1CCqeW4cGSrrVezBCjxxArlvZg1drEFNa/view?usp=drivesdk,image/jpeg,5984187,Shutterstock,2026-02-25T00:14:49.366+05:30,,,,,,,,
6,1YVCdLuJeUtZRRHFvcQlDbZRhFpKe1H9O,1CF6qU7SeECSSSQUoxIuC6aqLcpppDlbC,shutterstock_1759840001.jpg,https://drive.google.com/file/d/1CF6qU7SeECSSSQUoxIuC6aqLcpppDlbC/view?usp=drivesdk,image/jpeg,8327508,Shutterstock,2026-02-25T00:14:49.367+05:30,,,,,,,,
6,1YVCdLuJeUtZRRHFvcQlDbZRhFpKe1H9O,1CAeNQT4RxEKnVS02F62f64lAKTacjdFw,shutterstock_270938732.jpg,https://drive.google.com/file/d/1CAeNQT4RxEKnVS02F62f64lAKTacjdFw/view?usp=drivesdk,image/jpeg,9348620,Shutterstock,2026-02-25T00:14:49.368+05:30,,,,,,,,
6,1YVCdLuJeUtZRRHFvcQlDbZRhFpKe1H9O,1C6VDZruvsO57wmJtZ6AcKIOOpTVGe9Xa,shutterstock_2293331539.jpg,https://drive.google.com/file/d/1C6VDZruvsO57wmJtZ6AcKIOOpTVGe9Xa/view?usp=drivesdk,image/jpeg,2162058,Shutterstock,2026-02-25T00:14:49.368+05:30,,,,,,,,
6,1YVCdLuJeUtZRRHFvcQlDbZRhFpKe1H9O,1C3_Hcz4pRZQ5DvrO-tRi_63DjKW02LTe,shutterstock_2239583387.jpg,https://drive.google.com/file/d/1C3_Hcz4pRZQ5DvrO-tRi_63DjKW02LTe/view?usp=drivesdk,image/jpeg,6977460,Shutterstock,2026-02-25T00:14:49.369+05:30,,,,,,,,
6,1YVCdLuJeUtZRRHFvcQlDbZRhFpKe1H9O,1Bwc3ymyEF4wN5JRAM0XP3FzitGKi4bTT,shutterstock_2220395233.jpg,https://drive.google.com/file/d/1Bwc3ymyEF4wN5JRAM0XP3FzitGKi4bTT/view?usp=drivesdk,image/jpeg,11338686,Shutterstock,2026-02-25T00:14:49.371+05:30,,,,,,,,
6,1YVCdLuJeUtZRRHFvcQlDbZRhFpKe1H9O,1poBJAbcsAbTojJlkZWQa1-4VkjGDfA2D,shutterstock_1223620837.jpg,https://drive.google.com/file/d/1poBJAbcsAbTojJlkZWQa1-4VkjGDfA2D/view?usp=drivesdk,image/jpeg,3398077,Shutterstock,2026-02-25T00:14:49.372+05:30,,,,,,,,
6,1YVCdLuJeUtZRRHFvcQlDbZRhFpKe1H9O,1DyymIZ3uaeasZnbHqKsj3lOI5xj8dkKo,shutterstock_2276631337.jpg,https://drive.google.com/file/d/1DyymIZ3uaeasZnbHqKsj3lOI5xj8dkKo/view?usp=drivesdk,image/jpeg,4674469,Shutterstock,2026-02-25T00:14:49.373+05:30,,,,,,,,
6,1YVCdLuJeUtZRRHFvcQlDbZRhFpKe1H9O,1ceI2Wvp_IlqcVXYZWFqyCxJDfx1Y0opo,shutterstock_776386588.jpg,https://drive.google.com/file/d/1ceI2Wvp_IlqcVXYZWFqyCxJDfx1Y0opo/view?usp=drivesdk,image/jpeg,2899988,Shutterstock,2026-02-25T00:14:49.376+05:30,,,,,,,,
6,1YVCdLuJeUtZRRHFvcQlDbZRhFpKe1H9O,1cLlPEJ8Bj1gx5yDfmLWoM7gYWgZ7DRmA,shutterstock_2040361490.jpg,https://drive.google.com/file/d/1cLlPEJ8Bj1gx5yDfmLWoM7gYWgZ7DRmA/view?usp=drivesdk,image/jpeg,2842990,Shutterstock,2026-02-25T00:14:49.377+05:30,,,,,,,,
6,1YVCdLuJeUtZRRHFvcQlDbZRhFpKe1H9O,1cKVBbvuYJfOAaquGINPFqriEzrvsdPWW,shutterstock_1388903636.jpg,https://drive.google.com/file/d/1cKVBbvuYJfOAaquGINPFqriEzrvsdPWW/view?usp=drivesdk,image/jpeg,3453122,Shutterstock,2026-02-25T00:14:49.379+05:30,,,,,,,,
6,1YVCdLuJeUtZRRHFvcQlDbZRhFpKe1H9O,1cD6brcOPeivqSxIRxvgrCkUo9tFdgsn6,shutterstock_2171829517.jpg,https://drive.google.com/file/d/1cD6brcOPeivqSxIRxvgrCkUo9tFdgsn6/view?usp=drivesdk,image/jpeg,3074828,Shutterstock,2026-02-25T00:14:49.380+05:30,,,,,,,,
6,1YVCdLuJeUtZRRHFvcQlDbZRhFpKe1H9O,1BphWy3a_QTszCeXLAT3UzMZRFVwnEriD,shutterstock_2149891109.jpg,https://drive.google.com/file/d/1BphWy3a_QTszCeXLAT3UzMZRFVwnEriD/view?usp=drivesdk,image/jpeg,7908298,Shutterstock,2026-02-25T00:14:49.381+05:30,,,,,,,,
6,1YVCdLuJeUtZRRHFvcQlDbZRhFpKe1H9O,135t6y9JZXqMTigroZnmzeyUOiyFcAgMo,shutterstock_1500313478.jpg,https://drive.google.com/file/d/135t6y9JZXqMTigroZnmzeyUOiyFcAgMo/view?usp=drivesdk,image/jpeg,2717108,Shutterstock,2026-02-25T00:14:49.382+05:30,,,,,,,,
6,1YVCdLuJeUtZRRHFvcQlDbZRhFpKe1H9O,1BmUHWJTzdLdVJ7mGWLBeHYs64-zy8MrD,shutterstock_1421527091.jpg,https://drive.google.com/file/d/1BmUHWJTzdLdVJ7mGWLBeHYs64-zy8MrD/view?usp=drivesdk,image/jpeg,5080660,Shutterstock,2026-02-25T00:14:49.385+05:30,,,,,,,,
6,1YVCdLuJeUtZRRHFvcQlDbZRhFpKe1H9O,1BZ9KYt6Tbt2OT8ILvpaPVcMur1nT5k6s,shutterstock_755479945.jpg,https://drive.google.com/file/d/1BZ9KYt6Tbt2OT8ILvpaPVcMur1nT5k6s/view?usp=drivesdk,image/jpeg,7865370,Shutterstock,2026-02-25T00:14:49.386+05:30,,,,,,,,
6,1YVCdLuJeUtZRRHFvcQlDbZRhFpKe1H9O,1BYN1haNc7JMzwBelGrNkHoUCnOtKaoD0,shutterstock_2154551741.jpg,https://drive.google.com/file/d/1BYN1haNc7JMzwBelGrNkHoUCnOtKaoD0/view?usp=drivesdk,image/jpeg,14840274,Shutterstock,2026-02-25T00:14:49.388+05:30,,,,,,,,
6,1YVCdLuJeUtZRRHFvcQlDbZRhFpKe1H9O,1BOl7Esjc3w3u4Slo-cpGTc1tY2u6z3vO,shutterstock_62447674.jpg,https://drive.google.com/file/d/1BOl7Esjc3w3u4Slo-cpGTc1tY2u6z3vO/view?usp=drivesdk,image/jpeg,6038256,Shutterstock,2026-02-25T00:14:49.391+05:30,,,,,,,,
6,1YVCdLuJeUtZRRHFvcQlDbZRhFpKe1H9O,1XQ-XC8Zz9KMt9PKEuXS1URFeF9yWMjRv,shutterstock_1181717311.jpg,https://drive.google.com/file/d/1XQ-XC8Zz9KMt9PKEuXS1URFeF9yWMjRv/view?usp=drivesdk,image/jpeg,2704411,Shutterstock,2026-02-25T00:14:49.391+05:30,,,,,,,,
6,1YVCdLuJeUtZRRHFvcQlDbZRhFpKe1H9O,1PoMNrqgwoJQNTpaCnVeIut42tm4w1d_1,shutterstock_2262428027.jpg,https://drive.google.com/file/d/1PoMNrqgwoJQNTpaCnVeIut42tm4w1d_1/view?usp=drivesdk,image/jpeg,9557278,Shutterstock,2026-02-25T00:14:49.392+05:30,,,,,,,,
6,1YVCdLuJeUtZRRHFvcQlDbZRhFpKe1H9O,1GCmtp0Q4KIwErBa9VVU8dDxoGfL5fIHs,shutterstock_2344072183.jpg,https://drive.google.com/file/d/1GCmtp0Q4KIwErBa9VVU8dDxoGfL5fIHs/view?usp=drivesdk,image/jpeg,9375859,Shutterstock,2026-02-25T00:14:49.394+05:30,,,,,,,,
6,1YVCdLuJeUtZRRHFvcQlDbZRhFpKe1H9O,1kErqdx3rXfweK6kjuiFfNI0RnKWBOYKS,shutterstock_1765670681.jpg,https://drive.google.com/file/d/1kErqdx3rXfweK6kjuiFfNI0RnKWBOYKS/view?usp=drivesdk,image/jpeg,7809209,Shutterstock,2026-02-25T00:14:49.399+05:30,,,,,,,,
6,1YVCdLuJeUtZRRHFvcQlDbZRhFpKe1H9O,14MwphOxXcKnSNvLcPPzwt6jGLmxecTyy,shutterstock_1187069635.jpg,https://drive.google.com/file/d/14MwphOxXcKnSNvLcPPzwt6jGLmxecTyy/view?usp=drivesdk,image/jpeg,8640205,Shutterstock,2026-02-25T00:14:49.400+05:30,,,,,,,,
6,1YVCdLuJeUtZRRHFvcQlDbZRhFpKe1H9O,16WQwXFsAloBinJpJIP7MHYTaAr9xD9Px,shutterstock_2254980501.jpg,https://drive.google.com/file/d/16WQwXFsAloBinJpJIP7MHYTaAr9xD9Px/view?usp=drivesdk,image/jpeg,8209143,Shutterstock,2026-02-25T00:14:49.402+05:30,,,,,,,,
6,1YVCdLuJeUtZRRHFvcQlDbZRhFpKe1H9O,1qhgItLDsj2mBqzltj4vRwEurhcbaeCje,shutterstock_2107663907.jpg,https://drive.google.com/file/d/1qhgItLDsj2mBqzltj4vRwEurhcbaeCje/view?usp=drivesdk,image/jpeg,3862849,Shutterstock,2026-02-25T00:14:49.404+05:30,,,,,,,,
6,1YVCdLuJeUtZRRHFvcQlDbZRhFpKe1H9O,1hoLeZuKcLvrOm3W8h6looyTDYhPRI7Sy,shutterstock_714655705.jpg,https://drive.google.com/file/d/1hoLeZuKcLvrOm3W8h6looyTDYhPRI7Sy/view?usp=drivesdk,image/jpeg,3073958,Shutterstock,2026-02-25T00:14:49.405+05:30,,,,,,,,
6,1YVCdLuJeUtZRRHFvcQlDbZRhFpKe1H9O,1vcal_9z1QXRGlxzZjqnSRDPNyEnndR3a,shutterstock_2059472510.jpg,https://drive.google.com/file/d/1vcal_9z1QXRGlxzZjqnSRDPNyEnndR3a/view?usp=drivesdk,image/jpeg,15529291,Shutterstock,2026-02-25T00:14:49.407+05:30,,,,,,,,
6,1YVCdLuJeUtZRRHFvcQlDbZRhFpKe1H9O,1qfEPrjE3U4w7Ped6Q7Tt2-6--diBlmM3,shutterstock_2139960475.jpg,https://drive.google.com/file/d/1qfEPrjE3U4w7Ped6Q7Tt2-6--diBlmM3/view?usp=drivesdk,image/jpeg,6812400,Shutterstock,2026-02-25T00:14:49.409+05:30,,,,,,,,
6,1YVCdLuJeUtZRRHFvcQlDbZRhFpKe1H9O,15PQK67u114-522ZR6-I5-ADOYTV4K15E,shutterstock_2409072255.jpg,https://drive.google.com/file/d/15PQK67u114-522ZR6-I5-ADOYTV4K15E/view?usp=drivesdk,image/jpeg,13285926,Shutterstock,2026-02-25T00:14:49.411+05:30,,,,,,,,
6,1YVCdLuJeUtZRRHFvcQlDbZRhFpKe1H9O,15NjKX0e3AOD3-DWXX65VWVy3VivtP_l7,shutterstock_2180173629.jpg,https://drive.google.com/file/d/15NjKX0e3AOD3-DWXX65VWVy3VivtP_l7/view?usp=drivesdk,image/jpeg,11014476,Shutterstock,2026-02-25T00:14:49.413+05:30,,,,,,,,
6,1YVCdLuJeUtZRRHFvcQlDbZRhFpKe1H9O,15C5KvOTOe6GN_LS0Cjkacd45noLV5-Ym,shutterstock_778292062.jpg,https://drive.google.com/file/d/15C5KvOTOe6GN_LS0Cjkacd45noLV5-Ym/view?usp=drivesdk,image/jpeg,8962321,Shutterstock,2026-02-25T00:14:49.414+05:30,,,,,,,,
6,1YVCdLuJeUtZRRHFvcQlDbZRhFpKe1H9O,158m8sHs3q31FJQPmfZn-t6FRsOMOyMME,shutterstock_735812008.jpg,https://drive.google.com/file/d/158m8sHs3q31FJQPmfZn-t6FRsOMOyMME/view?usp=drivesdk,image/jpeg,6371047,Shutterstock,2026-02-25T00:14:49.416+05:30,,,,,,,,
6,1YVCdLuJeUtZRRHFvcQlDbZRhFpKe1H9O,14yeOhkiGo_MScR8EFQ8nGuqb97N4Un4T,shutterstock_2365431983.jpg,https://drive.google.com/file/d/14yeOhkiGo_MScR8EFQ8nGuqb97N4Un4T/view?usp=drivesdk,image/jpeg,12999698,Shutterstock,2026-02-25T00:14:49.418+05:30,,,,,,,,
6,1YVCdLuJeUtZRRHFvcQlDbZRhFpKe1H9O,1a7l1umbGd1-pwE2zP57oyjuKS6JEvLRD,shutterstock_2256125949.jpg,https://drive.google.com/file/d/1a7l1umbGd1-pwE2zP57oyjuKS6JEvLRD/view?usp=drivesdk,image/jpeg,10240407,Shutterstock,2026-02-25T00:14:49.421+05:30,,,,,,,,
6,1YVCdLuJeUtZRRHFvcQlDbZRhFpKe1H9O,1YyQWkisM29rYnfJpoI_iByX5q0jzw3hu,shutterstock_2064864329.jpg,https://drive.google.com/file/d/1YyQWkisM29rYnfJpoI_iByX5q0jzw3hu/view?usp=drivesdk,image/jpeg,5440574,Shutterstock,2026-02-25T00:14:49.422+05:30,,,,,,,,
6,1YVCdLuJeUtZRRHFvcQlDbZRhFpKe1H9O,1nlabT85V4oLd597AZD2bFot4ydDJFNvh,shutterstock_2284084849.jpg,https://drive.google.com/file/d/1nlabT85V4oLd597AZD2bFot4ydDJFNvh/view?usp=drivesdk,image/jpeg,5126530,Shutterstock,2026-02-25T00:14:49.424+05:30,,,,,,,,
6,1YVCdLuJeUtZRRHFvcQlDbZRhFpKe1H9O,1GcqS5aDS0Vx54w5kBMjZToObDxTdkUeZ,shutterstock_2219439029.jpg,https://drive.google.com/file/d/1GcqS5aDS0Vx54w5kBMjZToObDxTdkUeZ/view?usp=drivesdk,image/jpeg,14381114,Shutterstock,2026-02-25T00:14:49.426+05:30,,,,,,,,
6,1YVCdLuJeUtZRRHFvcQlDbZRhFpKe1H9O,13Dd9JMGeJDolqW5VCm595gVyWTgmw5qC,shutterstock_1199330896.jpg,https://drive.google.com/file/d/13Dd9JMGeJDolqW5VCm595gVyWTgmw5qC/view?usp=drivesdk,image/jpeg,5225349,Shutterstock,2026-02-25T00:14:49.432+05:30,,,,,,,,
6,1YVCdLuJeUtZRRHFvcQlDbZRhFpKe1H9O,139RpJqP7SEp3VmR1WOxhKE9hRIrn8xeu,shutterstock_2201544839.jpg,https://drive.google.com/file/d/139RpJqP7SEp3VmR1WOxhKE9hRIrn8xeu/view?usp=drivesdk,image/jpeg,8417974,Shutterstock,2026-02-25T00:14:49.433+05:30,,,,,,,,
6,1YVCdLuJeUtZRRHFvcQlDbZRhFpKe1H9O,1741_AeFqfNlgo_9weHtmnY3k7WpjcBqu,shutterstock_1148935337.jpg,https://drive.google.com/file/d/1741_AeFqfNlgo_9weHtmnY3k7WpjcBqu/view?usp=drivesdk,image/jpeg,11852747,Shutterstock,2026-02-25T00:14:49.436+05:30,,,,,,,,
6,1YVCdLuJeUtZRRHFvcQlDbZRhFpKe1H9O,1PF2PXUoE-7cVafXe-x0Pl2i57FYp3Ehm,shutterstock_2183020829.jpg,https://drive.google.com/file/d/1PF2PXUoE-7cVafXe-x0Pl2i57FYp3Ehm/view?usp=drivesdk,image/jpeg,7924645,Shutterstock,2026-02-25T00:14:49.438+05:30,,,,,,,,
6,1YVCdLuJeUtZRRHFvcQlDbZRhFpKe1H9O,135akXlrYTAbHFAKAa3PKQ_HEf2KMaIXv,shutterstock_2068631021.jpg,https://drive.google.com/file/d/135akXlrYTAbHFAKAa3PKQ_HEf2KMaIXv/view?usp=drivesdk,image/jpeg,3587325,Shutterstock,2026-02-25T00:14:49.439+05:30,,,,,,,,
6,1YVCdLuJeUtZRRHFvcQlDbZRhFpKe1H9O,1swfZ6X9qqnldr09ujvcNddj-42kezFY-,shutterstock_2240137943.jpg,https://drive.google.com/file/d/1swfZ6X9qqnldr09ujvcNddj-42kezFY-/view?usp=drivesdk,image/jpeg,5646827,Shutterstock,2026-02-25T00:14:49.441+05:30,,,,,,,,
6,1YVCdLuJeUtZRRHFvcQlDbZRhFpKe1H9O,12mdP8EmV0SsdoKxEo7IEAtv69c2L-Dlo,shutterstock_2259135727.jpg,https://drive.google.com/file/d/12mdP8EmV0SsdoKxEo7IEAtv69c2L-Dlo/view?usp=drivesdk,image/jpeg,9543448,Shutterstock,2026-02-25T00:14:49.442+05:30,,,,,,,,
6,1YVCdLuJeUtZRRHFvcQlDbZRhFpKe1H9O,12iDxyXSmS1psN0F3ymidIwiA9wRPQIbs,shutterstock_362532200.jpg,https://drive.google.com/file/d/12iDxyXSmS1psN0F3ymidIwiA9wRPQIbs/view?usp=drivesdk,image/jpeg,12443942,Shutterstock,2026-02-25T00:14:49.444+05:30,,,,,,,,
6,1YVCdLuJeUtZRRHFvcQlDbZRhFpKe1H9O,1xrUK4styVfI5EBfKAvkZNZwcRhc1Oxxi,shutterstock_2271843697.jpg,https://drive.google.com/file/d/1xrUK4styVfI5EBfKAvkZNZwcRhc1Oxxi/view?usp=drivesdk,image/jpeg,10264881,Shutterstock,2026-02-25T00:14:49.445+05:30,,,,,,,,
6,1YVCdLuJeUtZRRHFvcQlDbZRhFpKe1H9O,10jykq485rAfmM0P5AmAwmoZfAE8MOJaz,shutterstock_1022742673.jpg,https://drive.google.com/file/d/10jykq485rAfmM0P5AmAwmoZfAE8MOJaz/view?usp=drivesdk,image/jpeg,13417845,Shutterstock,2026-02-25T00:14:49.445+05:30,,,,,,,,
6,1YVCdLuJeUtZRRHFvcQlDbZRhFpKe1H9O,10j_LWvTsYzNbxX-0zPlzXSh1XZ_0qLYr,shutterstock_2241902509.jpg,https://drive.google.com/file/d/10j_LWvTsYzNbxX-0zPlzXSh1XZ_0qLYr/view?usp=drivesdk,image/jpeg,14870607,Shutterstock,2026-02-25T00:14:49.446+05:30,,,,,,,,
6,1YVCdLuJeUtZRRHFvcQlDbZRhFpKe1H9O,10gU4G3Ljp-vWjCBuuiUqfZaR0QeUuzEj,shutterstock_2212948463.jpg,https://drive.google.com/file/d/10gU4G3Ljp-vWjCBuuiUqfZaR0QeUuzEj/view?usp=drivesdk,image/jpeg,7767515,Shutterstock,2026-02-25T00:14:49.447+05:30,,,,,,,,
6,1YVCdLuJeUtZRRHFvcQlDbZRhFpKe1H9O,1XOb_8MKnNCs2Ifqmci2hIdIwlIYA2Ceq,shutterstock_2093652733.jpg,https://drive.google.com/file/d/1XOb_8MKnNCs2Ifqmci2hIdIwlIYA2Ceq/view?usp=drivesdk,image/jpeg,10225853,Shutterstock,2026-02-25T00:14:49.448+05:30,,,,,,,,
6,1YVCdLuJeUtZRRHFvcQlDbZRhFpKe1H9O,1yg1WuVzjssNZz4A5jUKDYmKswXJWE4fN,shutterstock_739368529.jpg,https://drive.google.com/file/d/1yg1WuVzjssNZz4A5jUKDYmKswXJWE4fN/view?usp=drivesdk,image/jpeg,9029856,Shutterstock,2026-02-25T00:14:49.449+05:30,,,,,,,,
6,1YVCdLuJeUtZRRHFvcQlDbZRhFpKe1H9O,1nO53W9M6dMXrwaEdaH1FZBXVgMDAS3Ft,shutterstock_2081623636.jpg,https://drive.google.com/file/d/1nO53W9M6dMXrwaEdaH1FZBXVgMDAS3Ft/view?usp=drivesdk,image/jpeg,2137921,Shutterstock,2026-02-25T00:14:49.450+05:30,,,,,,,,
6,1YVCdLuJeUtZRRHFvcQlDbZRhFpKe1H9O,1pXa1w74qOhKnTHgTWY9_WhCjDjqlrYvT,shutterstock_139683304.jpg,https://drive.google.com/file/d/1pXa1w74qOhKnTHgTWY9_WhCjDjqlrYvT/view?usp=drivesdk,image/jpeg,5672952,Shutterstock,2026-02-25T00:14:49.451+05:30,,,,,,,,
6,1YVCdLuJeUtZRRHFvcQlDbZRhFpKe1H9O,1VmAHzoXnCzcOlvhbtfNvvjBcbqkw_CT7,shutterstock_197588843.jpg,https://drive.google.com/file/d/1VmAHzoXnCzcOlvhbtfNvvjBcbqkw_CT7/view?usp=drivesdk,image/jpeg,7901470,Shutterstock,2026-02-25T00:14:49.452+05:30,,,,,,,,
6,1YVCdLuJeUtZRRHFvcQlDbZRhFpKe1H9O,169DPB9XcccnJH3xjxr_vv0fdqmd_6goP,shutterstock_2204213293.jpg,https://drive.google.com/file/d/169DPB9XcccnJH3xjxr_vv0fdqmd_6goP/view?usp=drivesdk,image/jpeg,3353198,Shutterstock,2026-02-25T00:14:49.452+05:30,,,,,,,,
6,1YVCdLuJeUtZRRHFvcQlDbZRhFpKe1H9O,1V9yOEpGsvTtFGzK7YEnAiUH3KNDSFYzg,shutterstock_1919479646.jpg,https://drive.google.com/file/d/1V9yOEpGsvTtFGzK7YEnAiUH3KNDSFYzg/view?usp=drivesdk,image/jpeg,5977751,Shutterstock,2026-02-25T00:14:49.453+05:30,,,,,,,,
6,1YVCdLuJeUtZRRHFvcQlDbZRhFpKe1H9O,1OUxVDisntF3M87-h1fkda2ADxv4MFpXU,shutterstock_175661117.jpg,https://drive.google.com/file/d/1OUxVDisntF3M87-h1fkda2ADxv4MFpXU/view?usp=drivesdk,image/jpeg,9431689,Shutterstock,2026-02-25T00:14:49.454+05:30,,,,,,,,
6,1YVCdLuJeUtZRRHFvcQlDbZRhFpKe1H9O,1Z3NhffQLuWCzcPT6v5OJYbrjhC8z4kOq,shutterstock_241427182.jpg,https://drive.google.com/file/d/1Z3NhffQLuWCzcPT6v5OJYbrjhC8z4kOq/view?usp=drivesdk,image/jpeg,8926611,Shutterstock,2026-02-25T00:14:49.455+05:30,,,,,,,,
6,1YVCdLuJeUtZRRHFvcQlDbZRhFpKe1H9O,1nDafGkZaJBqbzgnlGm4oArDhFnC5hoWx,shutterstock_1994326772.jpg,https://drive.google.com/file/d/1nDafGkZaJBqbzgnlGm4oArDhFnC5hoWx/view?usp=drivesdk,image/jpeg,10381308,Shutterstock,2026-02-25T00:14:49.456+05:30,,,,,,,,
6,1YVCdLuJeUtZRRHFvcQlDbZRhFpKe1H9O,1BeQ-EP2FbVHnEVn8NpHsls5hXt0Iqksd,shutterstock_2027459081.jpg,https://drive.google.com/file/d/1BeQ-EP2FbVHnEVn8NpHsls5hXt0Iqksd/view?usp=drivesdk,image/jpeg,8818440,Shutterstock,2026-02-25T00:14:49.458+05:30,,,,,,,,
6,1YVCdLuJeUtZRRHFvcQlDbZRhFpKe1H9O,1f_0pEqgsR2sTThfklNYp8g05UWqSAgfm,shutterstock_1994345504.jpg,https://drive.google.com/file/d/1f_0pEqgsR2sTThfklNYp8g05UWqSAgfm/view?usp=drivesdk,image/jpeg,5560793,Shutterstock,2026-02-25T00:14:49.459+05:30,,,,,,,,
6,1YVCdLuJeUtZRRHFvcQlDbZRhFpKe1H9O,1dw9h-VbAe-Xd_WmLIpFxXDmT_nvf_FHA,shutterstock_597162353.jpg,https://drive.google.com/file/d/1dw9h-VbAe-Xd_WmLIpFxXDmT_nvf_FHA/view?usp=drivesdk,image/jpeg,8354292,Shutterstock,2026-02-25T00:14:49.460+05:30,,,,,,,,
6,1YVCdLuJeUtZRRHFvcQlDbZRhFpKe1H9O,1Uz7fFZJUlHGPcif8YGMoxqvNPy4-P6T4,shutterstock_1958956465.jpg,https://drive.google.com/file/d/1Uz7fFZJUlHGPcif8YGMoxqvNPy4-P6T4/view?usp=drivesdk,image/jpeg,3313646,Shutterstock,2026-02-25T00:14:49.462+05:30,,,,,,,,
6,1YVCdLuJeUtZRRHFvcQlDbZRhFpKe1H9O,1E0how956Uen_ILdF3Vyp0ygC8VdszeIQ,shutterstock_412038217.jpg,https://drive.google.com/file/d/1E0how956Uen_ILdF3Vyp0ygC8VdszeIQ/view?usp=drivesdk,image/jpeg,7676772,Shutterstock,2026-02-25T00:14:49.463+05:30,,,,,,,,
6,1YVCdLuJeUtZRRHFvcQlDbZRhFpKe1H9O,1QegMOwAf0TENjrbFn-YKs6n5z7e_e6Vb,shutterstock_2137358279.jpg,https://drive.google.com/file/d/1QegMOwAf0TENjrbFn-YKs6n5z7e_e6Vb/view?usp=drivesdk,image/jpeg,6803087,Shutterstock,2026-02-25T00:14:49.464+05:30,,,,,,,,
6,1YVCdLuJeUtZRRHFvcQlDbZRhFpKe1H9O,1YX9XimmbQXZqa4eTZJfahcuKFFmEivVs,shutterstock_2121429641.jpg,https://drive.google.com/file/d/1YX9XimmbQXZqa4eTZJfahcuKFFmEivVs/view?usp=drivesdk,image/jpeg,9801229,Shutterstock,2026-02-25T00:14:49.465+05:30,,,,,,,,
6,1YVCdLuJeUtZRRHFvcQlDbZRhFpKe1H9O,1cWtRMiSxsznoPmkVOCIb0_EjFtA_XA_Y,shutterstock_2324952269.jpg,https://drive.google.com/file/d/1cWtRMiSxsznoPmkVOCIb0_EjFtA_XA_Y/view?usp=drivesdk,image/jpeg,12577657,Shutterstock,2026-02-25T00:14:49.467+05:30,,,,,,,,
6,1YVCdLuJeUtZRRHFvcQlDbZRhFpKe1H9O,1A9QKfmyQcLBvvk1uvTQVXK8cMv2Dflkd,shutterstock_1831218766.jpg,https://drive.google.com/file/d/1A9QKfmyQcLBvvk1uvTQVXK8cMv2Dflkd/view?usp=drivesdk,image/jpeg,5907217,Shutterstock,2026-02-25T00:14:49.468+05:30,,,,,,,,
6,1YVCdLuJeUtZRRHFvcQlDbZRhFpKe1H9O,1SbSEZ2IF6TmLY3gdT5Ysjkfnf-9f3ZOs,shutterstock_761907082.jpg,https://drive.google.com/file/d/1SbSEZ2IF6TmLY3gdT5Ysjkfnf-9f3ZOs/view?usp=drivesdk,image/jpeg,3218022,Shutterstock,2026-02-25T00:14:49.469+05:30,,,,,,,,
6,1YVCdLuJeUtZRRHFvcQlDbZRhFpKe1H9O,1cD4S91SrsXfMfth_RTAj9R7tb1RDBYkS,shutterstock_2150253841.jpg,https://drive.google.com/file/d/1cD4S91SrsXfMfth_RTAj9R7tb1RDBYkS/view?usp=drivesdk,image/jpeg,7636844,Shutterstock,2026-02-25T00:14:49.471+05:30,,,,,,,,
6,1YVCdLuJeUtZRRHFvcQlDbZRhFpKe1H9O,1cD1vv4wcbl7QGjH10qI9uNqZkwCoOlYy,shutterstock_1792333864.jpg,https://drive.google.com/file/d/1cD1vv4wcbl7QGjH10qI9uNqZkwCoOlYy/view?usp=drivesdk,image/jpeg,9674273,Shutterstock,2026-02-25T00:14:49.472+05:30,,,,,,,,
6,1YVCdLuJeUtZRRHFvcQlDbZRhFpKe1H9O,1c4euAUvDo9wq9tydziL9U64MbKRjx2V3,shutterstock_2049364442.jpg,https://drive.google.com/file/d/1c4euAUvDo9wq9tydziL9U64MbKRjx2V3/view?usp=drivesdk,image/jpeg,12440739,Shutterstock,2026-02-25T00:14:49.473+05:30,,,,,,,,
6,1YVCdLuJeUtZRRHFvcQlDbZRhFpKe1H9O,1c0XCoS93NUvhsn3FJ9mACJqNHX8eaAmq,shutterstock_2159606555.jpg,https://drive.google.com/file/d/1c0XCoS93NUvhsn3FJ9mACJqNHX8eaAmq/view?usp=drivesdk,image/jpeg,12942529,Shutterstock,2026-02-25T00:14:49.475+05:30,,,,,,,,
6,1YVCdLuJeUtZRRHFvcQlDbZRhFpKe1H9O,1c-SoJkonV2fPGgcsEYMwV0DwdbN-fD25,shutterstock_2284126663.jpg,https://drive.google.com/file/d/1c-SoJkonV2fPGgcsEYMwV0DwdbN-fD25/view?usp=drivesdk,image/jpeg,9724785,Shutterstock,2026-02-25T00:14:49.476+05:30,,,,,,,,
6,1YVCdLuJeUtZRRHFvcQlDbZRhFpKe1H9O,1bydeWhvMOWIXPK3TAdbgllXuPnCa4m4r,shutterstock_1832129089.jpg,https://drive.google.com/file/d/1bydeWhvMOWIXPK3TAdbgllXuPnCa4m4r/view?usp=drivesdk,image/jpeg,10774170,Shutterstock,2026-02-25T00:14:49.477+05:30,,,,,,,,
6,1YVCdLuJeUtZRRHFvcQlDbZRhFpKe1H9O,1bsV7Nx2tmIs6AEzWXVurS4TNqgjNKviq,shutterstock_1540336541.jpg,https://drive.google.com/file/d/1bsV7Nx2tmIs6AEzWXVurS4TNqgjNKviq/view?usp=drivesdk,image/jpeg,11225242,Shutterstock,2026-02-25T00:14:49.478+05:30,,,,,,,,
6,1YVCdLuJeUtZRRHFvcQlDbZRhFpKe1H9O,1bp96SQO6KnpACfcsKRkt14XqGSiwS10-,shutterstock_547542223.jpg,https://drive.google.com/file/d/1bp96SQO6KnpACfcsKRkt14XqGSiwS10-/view?usp=drivesdk,image/jpeg,13034728,Shutterstock,2026-02-25T00:14:49.479+05:30,,,,,,,,
6,1YVCdLuJeUtZRRHFvcQlDbZRhFpKe1H9O,1r9sfEH62CsM-RmOfb-fRN51u63QfLp_v,shutterstock_2226240731.jpg,https://drive.google.com/file/d/1r9sfEH62CsM-RmOfb-fRN51u63QfLp_v/view?usp=drivesdk,image/jpeg,4954545,Shutterstock,2026-02-25T00:14:49.480+05:30,,,,,,,,
6,1YVCdLuJeUtZRRHFvcQlDbZRhFpKe1H9O,1JtiPhjlcknwcgegzkNKes_3kbgcWQBKB,shutterstock_1030702516.jpg,https://drive.google.com/file/d/1JtiPhjlcknwcgegzkNKes_3kbgcWQBKB/view?usp=drivesdk,image/jpeg,13117981,Shutterstock,2026-02-25T00:14:49.482+05:30,,,,,,,,
6,1YVCdLuJeUtZRRHFvcQlDbZRhFpKe1H9O,1vttFeN6nsajQN1FhOtHNQnmiL8oyrwfk,shutterstock_1863023095.jpg,https://drive.google.com/file/d/1vttFeN6nsajQN1FhOtHNQnmiL8oyrwfk/view?usp=drivesdk,image/jpeg,8140050,Shutterstock,2026-02-25T00:14:49.483+05:30,,,,,,,,
6,1YVCdLuJeUtZRRHFvcQlDbZRhFpKe1H9O,1DXwWCPILCaDFaFgpNgpHiOoSAsv0Cgsl,shutterstock_2270879737.jpg,https://drive.google.com/file/d/1DXwWCPILCaDFaFgpNgpHiOoSAsv0Cgsl/view?usp=drivesdk,image/jpeg,10245289,Shutterstock,2026-02-25T00:14:49.485+05:30,,,,,,,,
6,1YVCdLuJeUtZRRHFvcQlDbZRhFpKe1H9O,1cNCOKePy9JverWm8K5DLCSyxcGhtkkoj,shutterstock_2270965635.jpg,https://drive.google.com/file/d/1cNCOKePy9JverWm8K5DLCSyxcGhtkkoj/view?usp=drivesdk,image/jpeg,5079152,Shutterstock,2026-02-25T00:14:49.486+05:30,,,,,,,,
6,1YVCdLuJeUtZRRHFvcQlDbZRhFpKe1H9O,1MQVkLDDssvqSGCpEWZOmYg2GgBcYVR4E,shutterstock_2216535623.jpg,https://drive.google.com/file/d/1MQVkLDDssvqSGCpEWZOmYg2GgBcYVR4E/view?usp=drivesdk,image/jpeg,6702661,Shutterstock,2026-02-25T00:14:49.487+05:30,,,,,,,,
6,1YVCdLuJeUtZRRHFvcQlDbZRhFpKe1H9O,15Qtc8bQymrbC82HVCTQh3sX3rjdwJcBM,shutterstock_540031711.jpg,https://drive.google.com/file/d/15Qtc8bQymrbC82HVCTQh3sX3rjdwJcBM/view?usp=drivesdk,image/jpeg,3349689,Shutterstock,2026-02-25T00:14:49.488+05:30,,,,,,,,
6,1YVCdLuJeUtZRRHFvcQlDbZRhFpKe1H9O,1vFP0JtS96sxCd24-rMZ-4Y3z3Wr82iEW,shutterstock_2250297879.jpg,https://drive.google.com/file/d/1vFP0JtS96sxCd24-rMZ-4Y3z3Wr82iEW/view?usp=drivesdk,image/jpeg,6819160,Shutterstock,2026-02-25T00:14:49.489+05:30,,,,,,,,
6,1YVCdLuJeUtZRRHFvcQlDbZRhFpKe1H9O,1bVIAKQbjJcic6kuRMVOtMNje1dXo6Dzv,shutterstock_2324952345.jpg,https://drive.google.com/file/d/1bVIAKQbjJcic6kuRMVOtMNje1dXo6Dzv/view?usp=drivesdk,image/jpeg,12441309,Shutterstock,2026-02-25T00:14:49.489+05:30,,,,,,,,
6,1YVCdLuJeUtZRRHFvcQlDbZRhFpKe1H9O,1tLKOVxvN2mBrAOnp8razc2sj5dSIKSjq,shutterstock_755621713.jpg,https://drive.google.com/file/d/1tLKOVxvN2mBrAOnp8razc2sj5dSIKSjq/view?usp=drivesdk,image/jpeg,11680745,Shutterstock,2026-02-25T00:14:49.490+05:30,,,,,,,,
6,1YVCdLuJeUtZRRHFvcQlDbZRhFpKe1H9O,102wUnTnqUv9mcTkzevNOMzeigUlIvGF0,shutterstock_2184836011.jpg,https://drive.google.com/file/d/102wUnTnqUv9mcTkzevNOMzeigUlIvGF0/view?usp=drivesdk,image/jpeg,5733160,Shutterstock,2026-02-25T00:14:49.492+05:30,,,,,,,,
6,1YVCdLuJeUtZRRHFvcQlDbZRhFpKe1H9O,1XSMeauSCqkwMvcyrdxDKkocWG1lDAJQA,shutterstock_2088647503.jpg,https://drive.google.com/file/d/1XSMeauSCqkwMvcyrdxDKkocWG1lDAJQA/view?usp=drivesdk,image/jpeg,4086522,Shutterstock,2026-02-25T00:14:49.493+05:30,,,,,,,,
6,1YVCdLuJeUtZRRHFvcQlDbZRhFpKe1H9O,162hwpFvvFMqyWzMn6WZmp45r_ii1BAdf,shutterstock_2206907577.jpg,https://drive.google.com/file/d/162hwpFvvFMqyWzMn6WZmp45r_ii1BAdf/view?usp=drivesdk,image/jpeg,10223743,Shutterstock,2026-02-25T00:14:49.494+05:30,,,,,,,,
6,1YVCdLuJeUtZRRHFvcQlDbZRhFpKe1H9O,1jUcuDjMzETq0l9I1E_K-eqWgjK1eopN9,shutterstock_2267328539.jpg,https://drive.google.com/file/d/1jUcuDjMzETq0l9I1E_K-eqWgjK1eopN9/view?usp=drivesdk,image/jpeg,11672534,Shutterstock,2026-02-25T00:14:49.496+05:30,,,,,,,,
6,1YVCdLuJeUtZRRHFvcQlDbZRhFpKe1H9O,1qV2iSf74uPxY_5yplyasfA1aq_F6bJcV,shutterstock_2304140913.jpg,https://drive.google.com/file/d/1qV2iSf74uPxY_5yplyasfA1aq_F6bJcV/view?usp=drivesdk,image/jpeg,8286264,Shutterstock,2026-02-25T00:14:49.497+05:30,,,,,,,,
6,1YVCdLuJeUtZRRHFvcQlDbZRhFpKe1H9O,177H5dd08avKkl67Seel-z1DH8nftUYZb,shutterstock_2156484947.jpg,https://drive.google.com/file/d/177H5dd08avKkl67Seel-z1DH8nftUYZb/view?usp=drivesdk,image/jpeg,7223684,Shutterstock,2026-02-25T00:14:49.498+05:30,,,,,,,,
6,1YVCdLuJeUtZRRHFvcQlDbZRhFpKe1H9O,1nvcX_vostdgPprLzIcFbPgzYpTS1obUs,shutterstock_1747004000.jpg,https://drive.google.com/file/d/1nvcX_vostdgPprLzIcFbPgzYpTS1obUs/view?usp=drivesdk,image/jpeg,4743564,Shutterstock,2026-02-25T00:14:49.499+05:30,,,,,,,,
6,1YVCdLuJeUtZRRHFvcQlDbZRhFpKe1H9O,1nrb7E7NuacZYnFgdbNjCvei8sj02CrKN,shutterstock_2297034367.jpg,https://drive.google.com/file/d/1nrb7E7NuacZYnFgdbNjCvei8sj02CrKN/view?usp=drivesdk,image/jpeg,4233943,Shutterstock,2026-02-25T00:14:49.500+05:30,,,,,,,,
6,1YVCdLuJeUtZRRHFvcQlDbZRhFpKe1H9O,1np9HSYwIDs4zwOHv5o8JZDCkaNCdVNbI,shutterstock_2306863251.jpg,https://drive.google.com/file/d/1np9HSYwIDs4zwOHv5o8JZDCkaNCdVNbI/view?usp=drivesdk,image/jpeg,13595254,Shutterstock,2026-02-25T00:14:49.503+05:30,,,,,,,,
6,1YVCdLuJeUtZRRHFvcQlDbZRhFpKe1H9O,1na7uxDgmnypaXZocwrfcRj41PuDyzFj-,shutterstock_1483078088.jpg,https://drive.google.com/file/d/1na7uxDgmnypaXZocwrfcRj41PuDyzFj-/view?usp=drivesdk,image/jpeg,9633578,Shutterstock,2026-02-25T00:14:49.503+05:30,,,,,,,,
6,1YVCdLuJeUtZRRHFvcQlDbZRhFpKe1H9O,1MLNP5mwiiQtd9aDPEeHyFjIf8O1XqSne,shutterstock_1914427057.jpg,https://drive.google.com/file/d/1MLNP5mwiiQtd9aDPEeHyFjIf8O1XqSne/view?usp=drivesdk,image/jpeg,3247829,Shutterstock,2026-02-25T00:14:49.504+05:30,,,,,,,,
6,1YVCdLuJeUtZRRHFvcQlDbZRhFpKe1H9O,1wz0cjfNxnSu8vMSC1jjoluPPrdWNQgho,shutterstock_1966439416.jpg,https://drive.google.com/file/d/1wz0cjfNxnSu8vMSC1jjoluPPrdWNQgho/view?usp=drivesdk,image/jpeg,11556924,Shutterstock,2026-02-25T00:14:49.505+05:30,,,,,,,,
6,1YVCdLuJeUtZRRHFvcQlDbZRhFpKe1H9O,1mzpjGySe1p78crKR68czXSuUlbPomWxU,shutterstock_1528360379.jpg,https://drive.google.com/file/d/1mzpjGySe1p78crKR68czXSuUlbPomWxU/view?usp=drivesdk,image/jpeg,15237818,Shutterstock,2026-02-25T00:14:49.506+05:30,,,,,,,,
6,1YVCdLuJeUtZRRHFvcQlDbZRhFpKe1H9O,12IdeHnZ3Fxq6g-2eMJ_9w_J7fVv4oR1k,shutterstock_2065311284.jpg,https://drive.google.com/file/d/12IdeHnZ3Fxq6g-2eMJ_9w_J7fVv4oR1k/view?usp=drivesdk,image/jpeg,6033916,Shutterstock,2026-02-25T00:14:49.507+05:30,,,,,,,,
6,1YVCdLuJeUtZRRHFvcQlDbZRhFpKe1H9O,1HIZwijnkPB52z2V_0s6WsMV69jvIzYGq,shutterstock_2144587131.jpg,https://drive.google.com/file/d/1HIZwijnkPB52z2V_0s6WsMV69jvIzYGq/view?usp=drivesdk,image/jpeg,7723294,Shutterstock,2026-02-25T00:14:49.508+05:30,,,,,,,,
6,1YVCdLuJeUtZRRHFvcQlDbZRhFpKe1H9O,1llf1vpyzzef9LOySmYNOsEq--OJVSnTm,shutterstock_1412575478.jpg,https://drive.google.com/file/d/1llf1vpyzzef9LOySmYNOsEq--OJVSnTm/view?usp=drivesdk,image/jpeg,13134033,Shutterstock,2026-02-25T00:14:49.509+05:30,,,,,,,,
6,1YVCdLuJeUtZRRHFvcQlDbZRhFpKe1H9O,1lfKvz5pJFhsqD1xBk7WyTinLh5WRh4rJ,shutterstock_2142656593.jpg,https://drive.google.com/file/d/1lfKvz5pJFhsqD1xBk7WyTinLh5WRh4rJ/view?usp=drivesdk,image/jpeg,9212969,Shutterstock,2026-02-25T00:14:49.510+05:30,,,,,,,,
6,1YVCdLuJeUtZRRHFvcQlDbZRhFpKe1H9O,1LBYiA9Ip6p_DW4jxCJ_PCCOT8BUrDdi7,shutterstock_2205997169.jpg,https://drive.google.com/file/d/1LBYiA9Ip6p_DW4jxCJ_PCCOT8BUrDdi7/view?usp=drivesdk,image/jpeg,6217449,Shutterstock,2026-02-25T00:14:49.511+05:30,,,,,,,,
6,1YVCdLuJeUtZRRHFvcQlDbZRhFpKe1H9O,1lEqZd6DVVj4wglUYHR0yev00VaizLV8p,shutterstock_2146879903.jpg,https://drive.google.com/file/d/1lEqZd6DVVj4wglUYHR0yev00VaizLV8p/view?usp=drivesdk,image/jpeg,3031452,Shutterstock,2026-02-25T00:14:49.512+05:30,,,,,,,,
6,1YVCdLuJeUtZRRHFvcQlDbZRhFpKe1H9O,1T5pBdO7jNQVNMdqyirk9BoABByKw_BMh,shutterstock_1712804134.jpg,https://drive.google.com/file/d/1T5pBdO7jNQVNMdqyirk9BoABByKw_BMh/view?usp=drivesdk,image/jpeg,6644129,Shutterstock,2026-02-25T00:14:49.513+05:30,,,,,,,,
6,1YVCdLuJeUtZRRHFvcQlDbZRhFpKe1H9O,1MplLcgbjGZXrPoN4DMMh86YMt8lXR7RM,shutterstock_2158034833.jpg,https://drive.google.com/file/d/1MplLcgbjGZXrPoN4DMMh86YMt8lXR7RM/view?usp=drivesdk,image/jpeg,5184014,Shutterstock,2026-02-25T00:14:49.514+05:30,,,,,,,,
6,1YVCdLuJeUtZRRHFvcQlDbZRhFpKe1H9O,1KkeZeJCF0_q_YAq2CPcr6yB1e2NQOTqK,shutterstock_2246673795.jpg,https://drive.google.com/file/d/1KkeZeJCF0_q_YAq2CPcr6yB1e2NQOTqK/view?usp=drivesdk,image/jpeg,3886742,Shutterstock,2026-02-25T00:14:49.517+05:30,,,,,,,,
6,1YVCdLuJeUtZRRHFvcQlDbZRhFpKe1H9O,18eiysAPseUOiy9VgEV933fHdhCrsUFzI,shutterstock_2294749873.jpg,https://drive.google.com/file/d/18eiysAPseUOiy9VgEV933fHdhCrsUFzI/view?usp=drivesdk,image/jpeg,8384942,Shutterstock,2026-02-25T00:14:49.518+05:30,,,,,,,,
6,1YVCdLuJeUtZRRHFvcQlDbZRhFpKe1H9O,15EZvpvFBlebfsLblBHzgrBHu_7XsVoYq,shutterstock_2273999575.jpg,https://drive.google.com/file/d/15EZvpvFBlebfsLblBHzgrBHu_7XsVoYq/view?usp=drivesdk,image/jpeg,9233245,Shutterstock,2026-02-25T00:14:49.519+05:30,,,,,,,,
6,1YVCdLuJeUtZRRHFvcQlDbZRhFpKe1H9O,1ACaifQdd3ovyN-iub_E3PPhaYyaZXQPT,shutterstock_2032995353.jpg,https://drive.google.com/file/d/1ACaifQdd3ovyN-iub_E3PPhaYyaZXQPT/view?usp=drivesdk,image/jpeg,4956475,Shutterstock,2026-02-25T00:14:49.520+05:30,,,,,,,,
6,1YVCdLuJeUtZRRHFvcQlDbZRhFpKe1H9O,19-qGtrn1JaDo9-ojU8Pb-UkE8kgeqCZw,shutterstock_1903363120.jpg,https://drive.google.com/file/d/19-qGtrn1JaDo9-ojU8Pb-UkE8kgeqCZw/view?usp=drivesdk,image/jpeg,7287856,Shutterstock,2026-02-25T00:14:49.521+05:30,,,,,,,,
6,1YVCdLuJeUtZRRHFvcQlDbZRhFpKe1H9O,1EUGeTVC1XnhGAqwQY70oMxWIkPib9R8q,shutterstock_2057899670.jpg,https://drive.google.com/file/d/1EUGeTVC1XnhGAqwQY70oMxWIkPib9R8q/view?usp=drivesdk,image/jpeg,3797655,Shutterstock,2026-02-25T00:14:49.523+05:30,,,,,,,,
6,1YVCdLuJeUtZRRHFvcQlDbZRhFpKe1H9O,1cwccCvVYQ38fhaTlsQmHU-GYg6DspjnI,shutterstock_245476081.jpg,https://drive.google.com/file/d/1cwccCvVYQ38fhaTlsQmHU-GYg6DspjnI/view?usp=drivesdk,image/jpeg,9856450,Shutterstock,2026-02-25T00:14:49.524+05:30,,,,,,,,
6,1YVCdLuJeUtZRRHFvcQlDbZRhFpKe1H9O,1tGr3w1l_UFzefVOERhSm3auAemTMsHqz,shutterstock_2182220849.jpg,https://drive.google.com/file/d/1tGr3w1l_UFzefVOERhSm3auAemTMsHqz/view?usp=drivesdk,image/jpeg,4124683,Shutterstock,2026-02-25T00:14:49.525+05:30,,,,,,,,
6,1YVCdLuJeUtZRRHFvcQlDbZRhFpKe1H9O,1tL5uikL5ohfZf9LtSWHGQBdYYGBI6fpE,shutterstock_635097344.jpg,https://drive.google.com/file/d/1tL5uikL5ohfZf9LtSWHGQBdYYGBI6fpE/view?usp=drivesdk,image/jpeg,5902900,Shutterstock,2026-02-25T00:14:49.526+05:30,,,,,,,,
6,1YVCdLuJeUtZRRHFvcQlDbZRhFpKe1H9O,1WTQNyuJKVUxKp9-xP-u8Sz9OS5ULt0d6,shutterstock_580048861.jpg,https://drive.google.com/file/d/1WTQNyuJKVUxKp9-xP-u8Sz9OS5ULt0d6/view?usp=drivesdk,image/jpeg,4402937,Shutterstock,2026-02-25T00:14:49.527+05:30,,,,,,,,
6,1YVCdLuJeUtZRRHFvcQlDbZRhFpKe1H9O,1OhsnIDZopN5hcHCkYhs7BZZU3kknZDT_,shutterstock_2268206797.jpg,https://drive.google.com/file/d/1OhsnIDZopN5hcHCkYhs7BZZU3kknZDT_/view?usp=drivesdk,image/jpeg,3602994,Shutterstock,2026-02-25T00:14:49.528+05:30,,,,,,,,
6,1YVCdLuJeUtZRRHFvcQlDbZRhFpKe1H9O,1d5M-RPHSsqRfkXhjj5JriBYRRBNyciTf,shutterstock_2068631027.jpg,https://drive.google.com/file/d/1d5M-RPHSsqRfkXhjj5JriBYRRBNyciTf/view?usp=drivesdk,image/jpeg,2599028,Shutterstock,2026-02-25T00:14:49.529+05:30,,,,,,,,
6,1YVCdLuJeUtZRRHFvcQlDbZRhFpKe1H9O,1Z2Sv2A17IVS8N5ey4ThiPFr5HAgpiO4E,shutterstock_2277346127.jpg,https://drive.google.com/file/d/1Z2Sv2A17IVS8N5ey4ThiPFr5HAgpiO4E/view?usp=drivesdk,image/jpeg,9942815,Shutterstock,2026-02-25T00:14:49.530+05:30,,,,,,,,
6,1YVCdLuJeUtZRRHFvcQlDbZRhFpKe1H9O,1iLg7y2O8xe3ttI6S85P_Kfq3ZnW1UKDr,shutterstock_2050878404.jpg,https://drive.google.com/file/d/1iLg7y2O8xe3ttI6S85P_Kfq3ZnW1UKDr/view?usp=drivesdk,image/jpeg,1356269,Shutterstock,2026-02-25T00:14:49.531+05:30,,,,,,,,
6,1YVCdLuJeUtZRRHFvcQlDbZRhFpKe1H9O,1iXd3zqtDOa1fT0x93zVpRJl5Bdb87RpZ,shutterstock_1139124146.jpg,https://drive.google.com/file/d/1iXd3zqtDOa1fT0x93zVpRJl5Bdb87RpZ/view?usp=drivesdk,image/jpeg,1444394,Shutterstock,2026-02-25T00:14:49.532+05:30,,,,,,,,
6,1YVCdLuJeUtZRRHFvcQlDbZRhFpKe1H9O,1iQCFiBcX_NTOZYpCg_LYrPp7VjsfMPLF,shutterstock_1297639504.jpg,https://drive.google.com/file/d/1iQCFiBcX_NTOZYpCg_LYrPp7VjsfMPLF/view?usp=drivesdk,image/jpeg,496914,Shutterstock,2026-02-25T00:14:49.532+05:30,,,,,,,,
6,1YVCdLuJeUtZRRHFvcQlDbZRhFpKe1H9O,1iLu8p5OUHu_i73nulAWPGxqo6pqIYz73,shutterstock_1483602617.jpg,https://drive.google.com/file/d/1iLu8p5OUHu_i73nulAWPGxqo6pqIYz73/view?usp=drivesdk,image/jpeg,1549320,Shutterstock,2026-02-25T00:14:49.533+05:30,,,,,,,,
6,1YVCdLuJeUtZRRHFvcQlDbZRhFpKe1H9O,1iLRmIamg8GQF5lw3Z3u7OpXkSlvuj_Bz,shutterstock_90869015.jpg,https://drive.google.com/file/d/1iLRmIamg8GQF5lw3Z3u7OpXkSlvuj_Bz/view?usp=drivesdk,image/jpeg,6364764,Shutterstock,2026-02-25T00:14:49.534+05:30,,,,,,,,
6,1YVCdLuJeUtZRRHFvcQlDbZRhFpKe1H9O,1-BKTbcF5hgXIybwOOLptwnELrTyDrTfW,shutterstock_2156623911.jpg,https://drive.google.com/file/d/1-BKTbcF5hgXIybwOOLptwnELrTyDrTfW/view?usp=drivesdk,image/jpeg,15651154,Shutterstock,2026-02-25T00:14:49.535+05:30,,,,,,,,
6,1YVCdLuJeUtZRRHFvcQlDbZRhFpKe1H9O,1VUzoN4Il7PR5WSJau_2RFqzdsfw_qEtC,shutterstock_2314911207.jpg,https://drive.google.com/file/d/1VUzoN4Il7PR5WSJau_2RFqzdsfw_qEtC/view?usp=drivesdk,image/jpeg,7538779,Shutterstock,2026-02-25T00:14:49.536+05:30,,,,,,,,
6,1YVCdLuJeUtZRRHFvcQlDbZRhFpKe1H9O,18Z0c3_rSjJe8koZKoo7Rc3luaRVr-V2L,shutterstock_2258842057.jpg,https://drive.google.com/file/d/18Z0c3_rSjJe8koZKoo7Rc3luaRVr-V2L/view?usp=drivesdk,image/jpeg,7418399,Shutterstock,2026-02-25T00:14:49.537+05:30,,,,,,,,
6,1YVCdLuJeUtZRRHFvcQlDbZRhFpKe1H9O,1naGHRDwP0k-j6xxzUBpUBiZ685RH9B5F,shutterstock_2186170695.jpg,https://drive.google.com/file/d/1naGHRDwP0k-j6xxzUBpUBiZ685RH9B5F/view?usp=drivesdk,image/jpeg,3796893,Shutterstock,2026-02-25T00:14:49.538+05:30,,,,,,,,
6,1YVCdLuJeUtZRRHFvcQlDbZRhFpKe1H9O,16WWLPJxZ97TsA7oD6ujhIVLhQ6c8vEJY,shutterstock_606184016.jpg,https://drive.google.com/file/d/16WWLPJxZ97TsA7oD6ujhIVLhQ6c8vEJY/view?usp=drivesdk,image/jpeg,9478117,Shutterstock,2026-02-25T00:14:49.539+05:30,,,,,,,,
6,1YVCdLuJeUtZRRHFvcQlDbZRhFpKe1H9O,1Td70NmItUXNaupQ5Ki2RU1iwEpav9yVP,shutterstock_2228825639.jpg,https://drive.google.com/file/d/1Td70NmItUXNaupQ5Ki2RU1iwEpav9yVP/view?usp=drivesdk,image/jpeg,7823588,Shutterstock,2026-02-25T00:14:49.540+05:30,,,,,,,,
6,1YVCdLuJeUtZRRHFvcQlDbZRhFpKe1H9O,1-cJ6JH-wV1AVBRSA71eHByvo7DFTAYTp,shutterstock_1987256633.jpg,https://drive.google.com/file/d/1-cJ6JH-wV1AVBRSA71eHByvo7DFTAYTp/view?usp=drivesdk,image/jpeg,8558166,Shutterstock,2026-02-25T00:14:49.542+05:30,,,,,,,,
6,1YVCdLuJeUtZRRHFvcQlDbZRhFpKe1H9O,1Rqb3OgvkclNOAxk6q3u3rjDow-QrRFuL,shutterstock_2155743629.jpg,https://drive.google.com/file/d/1Rqb3OgvkclNOAxk6q3u3rjDow-QrRFuL/view?usp=drivesdk,image/jpeg,3679731,Shutterstock,2026-02-25T00:14:49.543+05:30,,,,,,,,
6,1YVCdLuJeUtZRRHFvcQlDbZRhFpKe1H9O,1o73lRRQSK9BKLO4acPMvd4yBzOVmQK1D,shutterstock_2290351907.jpg,https://drive.google.com/file/d/1o73lRRQSK9BKLO4acPMvd4yBzOVmQK1D/view?usp=drivesdk,image/jpeg,6680358,Shutterstock,2026-02-25T00:14:49.544+05:30,,,,,,,,
6,1YVCdLuJeUtZRRHFvcQlDbZRhFpKe1H9O,1wquxpJm0JSPhxWZsk7GXdxaqS-GeW9wd,shutterstock_1916558735.jpg,https://drive.google.com/file/d/1wquxpJm0JSPhxWZsk7GXdxaqS-GeW9wd/view?usp=drivesdk,image/jpeg,7841073,Shutterstock,2026-02-25T00:14:49.545+05:30,,,,,,,,
6,1YVCdLuJeUtZRRHFvcQlDbZRhFpKe1H9O,1nrUbLcxZ0K-gbdseNyLRFjQQallpTM93,shutterstock_2305188681.jpg,https://drive.google.com/file/d/1nrUbLcxZ0K-gbdseNyLRFjQQallpTM93/view?usp=drivesdk,image/jpeg,8461839,Shutterstock,2026-02-25T00:14:49.546+05:30,,,,,,,,
6,1YVCdLuJeUtZRRHFvcQlDbZRhFpKe1H9O,16Eo3yApb7YLvhbnUw6HALf1z67ySUbBN,shutterstock_2117275424.jpg,https://drive.google.com/file/d/16Eo3yApb7YLvhbnUw6HALf1z67ySUbBN/view?usp=drivesdk,image/jpeg,11561041,Shutterstock,2026-02-25T00:14:49.547+05:30,,,,,,,,
6,1YVCdLuJeUtZRRHFvcQlDbZRhFpKe1H9O,1lCDBdD-YjspKp-U_qdkRFlLvuY_Qh79v,shutterstock_2264567929.jpg,https://drive.google.com/file/d/1lCDBdD-YjspKp-U_qdkRFlLvuY_Qh79v/view?usp=drivesdk,image/jpeg,9881358,Shutterstock,2026-02-25T00:14:49.547+05:30,,,,,,,,
6,1YVCdLuJeUtZRRHFvcQlDbZRhFpKe1H9O,1zVJ80XoHyB7Figk3vZ0VcOuMr-WX7lwP,shutterstock_2324952189.jpg,https://drive.google.com/file/d/1zVJ80XoHyB7Figk3vZ0VcOuMr-WX7lwP/view?usp=drivesdk,image/jpeg,14383671,Shutterstock,2026-02-25T00:14:49.548+05:30,,,,,,,,
6,1YVCdLuJeUtZRRHFvcQlDbZRhFpKe1H9O,1DWKEAncytqKPjWNqbIrqYvU6ts6RY4wo,shutterstock_1932547682.jpg,https://drive.google.com/file/d/1DWKEAncytqKPjWNqbIrqYvU6ts6RY4wo/view?usp=drivesdk,image/jpeg,8641939,Shutterstock,2026-02-25T00:14:49.549+05:30,,,,,,,,
6,1YVCdLuJeUtZRRHFvcQlDbZRhFpKe1H9O,1iHswwaxp2S4c9Z0eQFE8Vz1XS2JyBYsn,shutterstock_658932478.jpg,https://drive.google.com/file/d/1iHswwaxp2S4c9Z0eQFE8Vz1XS2JyBYsn/view?usp=drivesdk,image/jpeg,2638750,Shutterstock,2026-02-25T00:14:49.550+05:30,,,,,,,,
6,1YVCdLuJeUtZRRHFvcQlDbZRhFpKe1H9O,1iCgeTjymVZtHFcN1Mnq-K5lRciFKT8LW,shutterstock_1839469618.jpg,https://drive.google.com/file/d/1iCgeTjymVZtHFcN1Mnq-K5lRciFKT8LW/view?usp=drivesdk,image/jpeg,3269732,Shutterstock,2026-02-25T00:14:49.552+05:30,,,,,,,,
6,1YVCdLuJeUtZRRHFvcQlDbZRhFpKe1H9O,1iBXzYYJHWwT8_6LL3eWPxcAg6y9cH4zU,shutterstock_2180033771.jpg,https://drive.google.com/file/d/1iBXzYYJHWwT8_6LL3eWPxcAg6y9cH4zU/view?usp=drivesdk,image/jpeg,5754257,Shutterstock,2026-02-25T00:14:49.553+05:30,,,,,,,,
6,1YVCdLuJeUtZRRHFvcQlDbZRhFpKe1H9O,1i5WlwzrkV0Cgma8Vx8SERuQz5_ru0tL0,shutterstock_1586069209.jpg,https://drive.google.com/file/d/1i5WlwzrkV0Cgma8Vx8SERuQz5_ru0tL0/view?usp=drivesdk,image/jpeg,8744092,Shutterstock,2026-02-25T00:14:49.554+05:30,,,,,,,,
6,1YVCdLuJeUtZRRHFvcQlDbZRhFpKe1H9O,1hqNeX1HtHcwuVB4f-FzOoM5vyY3-gNDJ,shutterstock_1289842165.jpg,https://drive.google.com/file/d/1hqNeX1HtHcwuVB4f-FzOoM5vyY3-gNDJ/view?usp=drivesdk,image/jpeg,6095445,Shutterstock,2026-02-25T00:14:49.556+05:30,,,,,,,,
6,1YVCdLuJeUtZRRHFvcQlDbZRhFpKe1H9O,1hjxG76i_6AFiApD_m_VbdKfh8Ru7vyxK,shutterstock_87948886.jpg,https://drive.google.com/file/d/1hjxG76i_6AFiApD_m_VbdKfh8Ru7vyxK/view?usp=drivesdk,image/jpeg,1493753,Shutterstock,2026-02-25T00:14:49.556+05:30,,,,,,,,
6,1YVCdLuJeUtZRRHFvcQlDbZRhFpKe1H9O,1hisb-ad7aqYIWf446xa3Z-FQCwUTN98C,shutterstock_1597219936.jpg,https://drive.google.com/file/d/1hisb-ad7aqYIWf446xa3Z-FQCwUTN98C/view?usp=drivesdk,image/jpeg,2128225,Shutterstock,2026-02-25T00:14:49.557+05:30,,,,,,,,
6,1YVCdLuJeUtZRRHFvcQlDbZRhFpKe1H9O,1hdp0QVtgevLx0ZqBx7Jq83bUjsvbw-PH,shutterstock_631575830.jpg,https://drive.google.com/file/d/1hdp0QVtgevLx0ZqBx7Jq83bUjsvbw-PH/view?usp=drivesdk,image/jpeg,10331243,Shutterstock,2026-02-25T00:14:49.558+05:30,,,,,,,,
6,1YVCdLuJeUtZRRHFvcQlDbZRhFpKe1H9O,1hdEBIHu_oKsm-RLb8SwHeTmWK55wqwqd,shutterstock_2071411403.jpg,https://drive.google.com/file/d/1hdEBIHu_oKsm-RLb8SwHeTmWK55wqwqd/view?usp=drivesdk,image/jpeg,1810956,Shutterstock,2026-02-25T00:14:49.559+05:30,,,,,,,,
6,1YVCdLuJeUtZRRHFvcQlDbZRhFpKe1H9O,1hcOxPDYYyOhTS31kSxVeHJ59BEYQJ5Pr,shutterstock_443607163.jpg,https://drive.google.com/file/d/1hcOxPDYYyOhTS31kSxVeHJ59BEYQJ5Pr/view?usp=drivesdk,image/jpeg,11815297,Shutterstock,2026-02-25T00:14:49.560+05:30,,,,,,,,
6,1YVCdLuJeUtZRRHFvcQlDbZRhFpKe1H9O,1h_bPqogT8sklgBNXuQyiR4iOF9NnWj1w,shutterstock_2257936989.jpg,https://drive.google.com/file/d/1h_bPqogT8sklgBNXuQyiR4iOF9NnWj1w/view?usp=drivesdk,image/jpeg,7950072,Shutterstock,2026-02-25T00:14:49.561+05:30,,,,,,,,
6,1YVCdLuJeUtZRRHFvcQlDbZRhFpKe1H9O,1h_O4m-UQvBTeD0XF-YP87BNTy8OMUmv_,shutterstock_1470511154.jpg,https://drive.google.com/file/d/1h_O4m-UQvBTeD0XF-YP87BNTy8OMUmv_/view?usp=drivesdk,image/jpeg,5301973,Shutterstock,2026-02-25T00:14:49.562+05:30,,,,,,,,
6,1YVCdLuJeUtZRRHFvcQlDbZRhFpKe1H9O,1hWGiUCZDOcXpVNEjYZ5--4Aa3s6CsYG2,shutterstock_1314061577.jpg,https://drive.google.com/file/d/1hWGiUCZDOcXpVNEjYZ5--4Aa3s6CsYG2/view?usp=drivesdk,image/jpeg,4517194,Shutterstock,2026-02-25T00:14:49.563+05:30,,,,,,,,
6,1YVCdLuJeUtZRRHFvcQlDbZRhFpKe1H9O,1hV7fl2QPYoAxs18xa-uD-QF3nXgvCiUv,shutterstock_1477129511.jpg,https://drive.google.com/file/d/1hV7fl2QPYoAxs18xa-uD-QF3nXgvCiUv/view?usp=drivesdk,image/jpeg,4654688,Shutterstock,2026-02-25T00:14:49.564+05:30,,,,,,,,
6,1YVCdLuJeUtZRRHFvcQlDbZRhFpKe1H9O,1hPiYO47xb3vursHK1eaYlSnLekMf3DzE,shutterstock_2037814775.jpg,https://drive.google.com/file/d/1hPiYO47xb3vursHK1eaYlSnLekMf3DzE/view?usp=drivesdk,image/jpeg,6554159,Shutterstock,2026-02-25T00:14:49.564+05:30,,,,,,,,
6,1YVCdLuJeUtZRRHFvcQlDbZRhFpKe1H9O,1hAI_nvBrriWEmgXVYqS9FGwnw4c3nzuO,shutterstock_2154577457.jpg,https://drive.google.com/file/d/1hAI_nvBrriWEmgXVYqS9FGwnw4c3nzuO/view?usp=drivesdk,image/jpeg,8663716,Shutterstock,2026-02-25T00:14:49.566+05:30,,,,,,,,
6,1YVCdLuJeUtZRRHFvcQlDbZRhFpKe1H9O,1h8qLGCKKBx5IEvV3T1KCp7yK05DJOSAa,shutterstock_2281562451.jpg,https://drive.google.com/file/d/1h8qLGCKKBx5IEvV3T1KCp7yK05DJOSAa/view?usp=drivesdk,image/jpeg,8014005,Shutterstock,2026-02-25T00:14:49.567+05:30,,,,,,,,
6,1YVCdLuJeUtZRRHFvcQlDbZRhFpKe1H9O,1h4BO2Q0NwuOzjv3MTiclMa7QpbiCTNHK,shutterstock_1917115745.jpg,https://drive.google.com/file/d/1h4BO2Q0NwuOzjv3MTiclMa7QpbiCTNHK/view?usp=drivesdk,image/jpeg,1650891,Shutterstock,2026-02-25T00:14:49.568+05:30,,,,,,,,
6,1YVCdLuJeUtZRRHFvcQlDbZRhFpKe1H9O,1h--EIPRRMwkcNSOXp40kzP34ieUrZdxS,shutterstock_2268705275.jpg,https://drive.google.com/file/d/1h--EIPRRMwkcNSOXp40kzP34ieUrZdxS/view?usp=drivesdk,image/jpeg,2466787,Shutterstock,2026-02-25T00:14:49.569+05:30,,,,,,,,
6,1YVCdLuJeUtZRRHFvcQlDbZRhFpKe1H9O,1gyCRcJiK-kN7jL9LoYbmdoK2TqafQ0FD,shutterstock_2167043507.jpg,https://drive.google.com/file/d/1gyCRcJiK-kN7jL9LoYbmdoK2TqafQ0FD/view?usp=drivesdk,image/jpeg,14691936,Shutterstock,2026-02-25T00:14:49.570+05:30,,,,,,,,
6,1YVCdLuJeUtZRRHFvcQlDbZRhFpKe1H9O,1rXL2amHA99GfA5cGGi9-IKFcYCGCMWgU,shutterstock_703486276.jpg,https://drive.google.com/file/d/1rXL2amHA99GfA5cGGi9-IKFcYCGCMWgU/view?usp=drivesdk,image/jpeg,9799698,Shutterstock,2026-02-25T00:14:49.572+05:30,,,,,,,,
6,1YVCdLuJeUtZRRHFvcQlDbZRhFpKe1H9O,1rWarg7hPeK8l8Xe2zo7Zz-EQ8AqlLO7v,shutterstock_610996289.jpg,https://drive.google.com/file/d/1rWarg7hPeK8l8Xe2zo7Zz-EQ8AqlLO7v/view?usp=drivesdk,image/jpeg,8483274,Shutterstock,2026-02-25T00:14:49.572+05:30,,,,,,,,
6,1YVCdLuJeUtZRRHFvcQlDbZRhFpKe1H9O,1rSwXVwASxo-y19UD77JSpoMw5odQD6ZV,shutterstock_598994645.jpg,https://drive.google.com/file/d/1rSwXVwASxo-y19UD77JSpoMw5odQD6ZV/view?usp=drivesdk,image/jpeg,11814113,Shutterstock,2026-02-25T00:14:49.573+05:30,,,,,,,,
6,1YVCdLuJeUtZRRHFvcQlDbZRhFpKe1H9O,1rVK0JKENpeBXOD3f_staPJHOrrFsrKfP,shutterstock_558424186.jpg,https://drive.google.com/file/d/1rVK0JKENpeBXOD3f_staPJHOrrFsrKfP/view?usp=drivesdk,image/jpeg,6084508,Shutterstock,2026-02-25T00:14:49.574+05:30,,,,,,,,
6,1YVCdLuJeUtZRRHFvcQlDbZRhFpKe1H9O,1rMeGjv4nRiB6pZfy1i9pNg9omxnUoHSs,shutterstock_503560726.jpg,https://drive.google.com/file/d/1rMeGjv4nRiB6pZfy1i9pNg9omxnUoHSs/view?usp=drivesdk,image/jpeg,8727091,Shutterstock,2026-02-25T00:14:49.575+05:30,,,,,,,,
6,1YVCdLuJeUtZRRHFvcQlDbZRhFpKe1H9O,1rNqMeA_UDHIS-Kw2bKB3QsEvCieDOMfg,shutterstock_401036368.jpg,https://drive.google.com/file/d/1rNqMeA_UDHIS-Kw2bKB3QsEvCieDOMfg/view?usp=drivesdk,image/jpeg,10115516,Shutterstock,2026-02-25T00:14:49.576+05:30,,,,,,,,
6,1YVCdLuJeUtZRRHFvcQlDbZRhFpKe1H9O,1rJxIbw87s2QrROlcuHL8cZeJkPMYKiKc,shutterstock_370520360.jpg,https://drive.google.com/file/d/1rJxIbw87s2QrROlcuHL8cZeJkPMYKiKc/view?usp=drivesdk,image/jpeg,11499230,Shutterstock,2026-02-25T00:14:49.577+05:30,,,,,,,,
6,1YVCdLuJeUtZRRHFvcQlDbZRhFpKe1H9O,1rGYuBoo2IqUNgayr00Iin5DaH-Pmby0f,shutterstock_2261332091.jpg,https://drive.google.com/file/d/1rGYuBoo2IqUNgayr00Iin5DaH-Pmby0f/view?usp=drivesdk,image/jpeg,3639208,Shutterstock,2026-02-25T00:14:49.578+05:30,,,,,,,,
6,1YVCdLuJeUtZRRHFvcQlDbZRhFpKe1H9O,1rHEO0HrkSzXotw8cp8PpFWh79sxIOSEV,shutterstock_2235931143.jpg,https://drive.google.com/file/d/1rHEO0HrkSzXotw8cp8PpFWh79sxIOSEV/view?usp=drivesdk,image/jpeg,12902221,Shutterstock,2026-02-25T00:14:49.579+05:30,,,,,,,,
6,1YVCdLuJeUtZRRHFvcQlDbZRhFpKe1H9O,1rFoQkYQtzZfxxASb4rWcF1Hn11pAo-4G,shutterstock_2229369505.jpg,https://drive.google.com/file/d/1rFoQkYQtzZfxxASb4rWcF1Hn11pAo-4G/view?usp=drivesdk,image/jpeg,9067431,Shutterstock,2026-02-25T00:14:49.580+05:30,,,,,,,,
6,1YVCdLuJeUtZRRHFvcQlDbZRhFpKe1H9O,1rGIUxQ6Tm_FlWIu4j2vLpsUJ93l8Jesl,shutterstock_2206467829.jpg,https://drive.google.com/file/d/1rGIUxQ6Tm_FlWIu4j2vLpsUJ93l8Jesl/view?usp=drivesdk,image/jpeg,9120004,Shutterstock,2026-02-25T00:14:49.581+05:30,,,,,,,,
6,1YVCdLuJeUtZRRHFvcQlDbZRhFpKe1H9O,1rGMFTzQhlcnO8yrj0nUalEmN2ZGmMEcs,shutterstock_2200676859.jpg,https://drive.google.com/file/d/1rGMFTzQhlcnO8yrj0nUalEmN2ZGmMEcs/view?usp=drivesdk,image/jpeg,2195468,Shutterstock,2026-02-25T00:14:49.582+05:30,,,,,,,,
6,1YVCdLuJeUtZRRHFvcQlDbZRhFpKe1H9O,1rCzfFJM3EEy-136aGbg7piWQS8-G7xw3,shutterstock_2186384337.jpg,https://drive.google.com/file/d/1rCzfFJM3EEy-136aGbg7piWQS8-G7xw3/view?usp=drivesdk,image/jpeg,5971018,Shutterstock,2026-02-25T00:14:49.583+05:30,,,,,,,,
6,1YVCdLuJeUtZRRHFvcQlDbZRhFpKe1H9O,1rDPvBo1r-mDYCFjcdN52SK6eMXhXUOpz,shutterstock_2158916631.jpg,https://drive.google.com/file/d/1rDPvBo1r-mDYCFjcdN52SK6eMXhXUOpz/view?usp=drivesdk,image/jpeg,11891775,Shutterstock,2026-02-25T00:14:49.584+05:30,,,,,,,,
6,1YVCdLuJeUtZRRHFvcQlDbZRhFpKe1H9O,1rCY_3sondSt54CHFndo2Lfa-4WwZnN2S,shutterstock_2154048557.jpg,https://drive.google.com/file/d/1rCY_3sondSt54CHFndo2Lfa-4WwZnN2S/view?usp=drivesdk,image/jpeg,9190184,Shutterstock,2026-02-25T00:14:49.585+05:30,,,,,,,,
6,1YVCdLuJeUtZRRHFvcQlDbZRhFpKe1H9O,1rB7AKm_Nkc6oBmJyLIsjnlvq_fCO3_--,shutterstock_2136788109.jpg,https://drive.google.com/file/d/1rB7AKm_Nkc6oBmJyLIsjnlvq_fCO3_--/view?usp=drivesdk,image/jpeg,5640073,Shutterstock,2026-02-25T00:14:49.585+05:30,,,,,,,,
6,1YVCdLuJeUtZRRHFvcQlDbZRhFpKe1H9O,1rBU-XItBX2Yeh4lg0bb3UtRZzkf_Bi3R,shutterstock_2135203189.jpg,https://drive.google.com/file/d/1rBU-XItBX2Yeh4lg0bb3UtRZzkf_Bi3R/view?usp=drivesdk,image/jpeg,2981505,Shutterstock,2026-02-25T00:14:49.586+05:30,,,,,,,,
6,1YVCdLuJeUtZRRHFvcQlDbZRhFpKe1H9O,1r8OrKwfNq1TU8gZJuGedTxGf8IZ_L5wX,shutterstock_2059473317.jpg,https://drive.google.com/file/d/1r8OrKwfNq1TU8gZJuGedTxGf8IZ_L5wX/view?usp=drivesdk,image/jpeg,1695734,Shutterstock,2026-02-25T00:14:49.587+05:30,,,,,,,,
6,1YVCdLuJeUtZRRHFvcQlDbZRhFpKe1H9O,1r3-s6rs_Aq_qWUWm96wazP1wKVb31OJR,shutterstock_1983880100.jpg,https://drive.google.com/file/d/1r3-s6rs_Aq_qWUWm96wazP1wKVb31OJR/view?usp=drivesdk,image/jpeg,6282154,Shutterstock,2026-02-25T00:14:49.590+05:30,,,,,,,,
6,1YVCdLuJeUtZRRHFvcQlDbZRhFpKe1H9O,1r0TB52JIbMpEtuRmW0JjSOwyObeJN-9x,shutterstock_1906805692.jpg,https://drive.google.com/file/d/1r0TB52JIbMpEtuRmW0JjSOwyObeJN-9x/view?usp=drivesdk,image/jpeg,4705207,Shutterstock,2026-02-25T00:14:49.592+05:30,,,,,,,,
6,1YVCdLuJeUtZRRHFvcQlDbZRhFpKe1H9O,1r-tOQMLBrxVEuC_A55XXrPednoYGRfbt,shutterstock_1863565954.jpg,https://drive.google.com/file/d/1r-tOQMLBrxVEuC_A55XXrPednoYGRfbt/view?usp=drivesdk,image/jpeg,15309602,Shutterstock,2026-02-25T00:14:49.593+05:30,,,,,,,,
6,1YVCdLuJeUtZRRHFvcQlDbZRhFpKe1H9O,1r-vKv5iZN5_ufngEENT77HXxNqxRRzsQ,shutterstock_1851988444.jpg,https://drive.google.com/file/d/1r-vKv5iZN5_ufngEENT77HXxNqxRRzsQ/view?usp=drivesdk,image/jpeg,7711449,Shutterstock,2026-02-25T00:14:49.594+05:30,,,,,,,,
6,1YVCdLuJeUtZRRHFvcQlDbZRhFpKe1H9O,1r-MpnDdA_oyr8Qu5S6qqtoY8lcSYkvxp,shutterstock_175646693.jpg,https://drive.google.com/file/d/1r-MpnDdA_oyr8Qu5S6qqtoY8lcSYkvxp/view?usp=drivesdk,image/jpeg,3089572,Shutterstock,2026-02-25T00:14:49.596+05:30,,,,,,,,
6,1YVCdLuJeUtZRRHFvcQlDbZRhFpKe1H9O,1qy-wx193ZhxGIn3wSh1aKkgDWuwHBAOa,shutterstock_1746589625.jpg,https://drive.google.com/file/d/1qy-wx193ZhxGIn3wSh1aKkgDWuwHBAOa/view?usp=drivesdk,image/jpeg,4078666,Shutterstock,2026-02-25T00:14:49.597+05:30,,,,,,,,
6,1YVCdLuJeUtZRRHFvcQlDbZRhFpKe1H9O,1qzL0zXR85vpDM31f-oZ9yrz5NInTypYn,shutterstock_1746589262.jpg,https://drive.google.com/file/d/1qzL0zXR85vpDM31f-oZ9yrz5NInTypYn/view?usp=drivesdk,image/jpeg,7057363,Shutterstock,2026-02-25T00:14:49.598+05:30,,,,,,,,
6,1YVCdLuJeUtZRRHFvcQlDbZRhFpKe1H9O,1qxWARlcNeLbaPS22TQIoKNgHu6VMfsj3,shutterstock_1680746521.jpg,https://drive.google.com/file/d/1qxWARlcNeLbaPS22TQIoKNgHu6VMfsj3/view?usp=drivesdk,image/jpeg,10938145,Shutterstock,2026-02-25T00:14:49.599+05:30,,,,,,,,
6,1YVCdLuJeUtZRRHFvcQlDbZRhFpKe1H9O,1qw_mLB0XqI1mLyYnc_zvtN0Enz2oxR9L,shutterstock_1667438752.jpg,https://drive.google.com/file/d/1qw_mLB0XqI1mLyYnc_zvtN0Enz2oxR9L/view?usp=drivesdk,image/jpeg,14521029,Shutterstock,2026-02-25T00:14:49.600+05:30,,,,,,,,
6,1YVCdLuJeUtZRRHFvcQlDbZRhFpKe1H9O,1qrSKTyET8UPaJzpxZNPi2gpWb0SsxOo0,shutterstock_1410016886.jpg,https://drive.google.com/file/d/1qrSKTyET8UPaJzpxZNPi2gpWb0SsxOo0/view?usp=drivesdk,image/jpeg,5746023,Shutterstock,2026-02-25T00:14:49.603+05:30,,,,,,,,
6,1YVCdLuJeUtZRRHFvcQlDbZRhFpKe1H9O,1qnSoKpckFkLvsBo-yglCQ308FWu7rxvj,shutterstock_1324694729.jpg,https://drive.google.com/file/d/1qnSoKpckFkLvsBo-yglCQ308FWu7rxvj/view?usp=drivesdk,image/jpeg,3449976,Shutterstock,2026-02-25T00:14:49.604+05:30,,,,,,,,
6,1YVCdLuJeUtZRRHFvcQlDbZRhFpKe1H9O,1qlctQNi3dLnbe1v-6J_QSg2Lc2S5uvbL,shutterstock_1186830205.jpg,https://drive.google.com/file/d/1qlctQNi3dLnbe1v-6J_QSg2Lc2S5uvbL/view?usp=drivesdk,image/jpeg,8879184,Shutterstock,2026-02-25T00:14:49.606+05:30,,,,,,,,
6,1YVCdLuJeUtZRRHFvcQlDbZRhFpKe1H9O,1qmCwLkvzkv1ZnpxHoDv17EiMuN0a11nG,shutterstock_1137771797.jpg,https://drive.google.com/file/d/1qmCwLkvzkv1ZnpxHoDv17EiMuN0a11nG/view?usp=drivesdk,image/jpeg,9016944,Shutterstock,2026-02-25T00:14:49.606+05:30,,,,,,,,
6,1YVCdLuJeUtZRRHFvcQlDbZRhFpKe1H9O,1Z-Uyuuw3GdPgBEQI4OPEo4p2CtMd2weL,shutterstock_2146482411.jpg,https://drive.google.com/file/d/1Z-Uyuuw3GdPgBEQI4OPEo4p2CtMd2weL/view?usp=drivesdk,image/jpeg,5494254,Shutterstock,2026-02-25T00:14:49.609+05:30,,,,,,,,
6,1YVCdLuJeUtZRRHFvcQlDbZRhFpKe1H9O,1Z-XuotCKhfeE4NGd4KStZ9hnbffu0BAQ,shutterstock_2043189083.jpg,https://drive.google.com/file/d/1Z-XuotCKhfeE4NGd4KStZ9hnbffu0BAQ/view?usp=drivesdk,image/jpeg,13191600,Shutterstock,2026-02-25T00:14:49.610+05:30,,,,,,,,
6,1YVCdLuJeUtZRRHFvcQlDbZRhFpKe1H9O,1Yx07LQFdugYYRbWVsubvHdINa2DHtiu5,shutterstock_1870491376.jpg,https://drive.google.com/file/d/1Yx07LQFdugYYRbWVsubvHdINa2DHtiu5/view?usp=drivesdk,image/jpeg,6226825,Shutterstock,2026-02-25T00:14:49.613+05:30,,,,,,,,
6,1YVCdLuJeUtZRRHFvcQlDbZRhFpKe1H9O,1YmqZHo0SaBI5KEhuhaj-jC5-A89KiVq8,shutterstock_1383461018.jpg,https://drive.google.com/file/d/1YmqZHo0SaBI5KEhuhaj-jC5-A89KiVq8/view?usp=drivesdk,image/jpeg,8101489,Shutterstock,2026-02-25T00:14:49.618+05:30,,,,,,,,
6,1YVCdLuJeUtZRRHFvcQlDbZRhFpKe1H9O,1Ycy5JCisR8_jPk95DtxoIgZ_lt-6R8vE,shutterstock_1009849531.jpg,https://drive.google.com/file/d/1Ycy5JCisR8_jPk95DtxoIgZ_lt-6R8vE/view?usp=drivesdk,image/jpeg,7412935,Shutterstock,2026-02-25T00:14:49.619+05:30,,,,,,,,
6,1YVCdLuJeUtZRRHFvcQlDbZRhFpKe1H9O,1YdV5HssfC87w_00ZqyeYRVBkmipdPwfz,shutterstock_704923213.jpg,https://drive.google.com/file/d/1YdV5HssfC87w_00ZqyeYRVBkmipdPwfz/view?usp=drivesdk,image/jpeg,7437215,Shutterstock,2026-02-25T00:14:49.620+05:30,,,,,,,,
6,1YVCdLuJeUtZRRHFvcQlDbZRhFpKe1H9O,1YYkxPTYdlgadMY_p6jDDfyDeebJiWTc3,shutterstock_534465157.jpg,https://drive.google.com/file/d/1YYkxPTYdlgadMY_p6jDDfyDeebJiWTc3/view?usp=drivesdk,image/jpeg,5262450,Shutterstock,2026-02-25T00:14:49.623+05:30,,,,,,,,
6,1YVCdLuJeUtZRRHFvcQlDbZRhFpKe1H9O,1YWKhSo4pZTVcgIo0oSx48xA9jAWGAyPR,shutterstock_245557801.jpg,https://drive.google.com/file/d/1YWKhSo4pZTVcgIo0oSx48xA9jAWGAyPR/view?usp=drivesdk,image/jpeg,13142652,Shutterstock,2026-02-25T00:14:49.624+05:30,,,,,,,,
6,1YVCdLuJeUtZRRHFvcQlDbZRhFpKe1H9O,1YWRTbdqu5KpRTO-CTkgQY9PStzGYATvh,shutterstock_236012332.jpg,https://drive.google.com/file/d/1YWRTbdqu5KpRTO-CTkgQY9PStzGYATvh/view?usp=drivesdk,image/jpeg,7186840,Shutterstock,2026-02-25T00:14:49.625+05:30,,,,,,,,
7,1Pwz9RHAU4nhQHbKkMRPinxyOLTR1LqTx,1a9qJwGzQRIUvwECWuskVAg5MEzTn_EJ8,AML-28444_9022343_master_bw (1).gif,https://drive.google.com/file/d/1a9qJwGzQRIUvwECWuskVAg5MEzTn_EJ8/view?usp=drivesdk,image/tiff,166484,Dilbert-Images,2026-02-25T00:14:49.626+05:30,,,,,,,,
7,1Pwz9RHAU4nhQHbKkMRPinxyOLTR1LqTx,1FbgUzf_SIvmR3yBuT1zvh2pKflslgaNt,AML-28444_2989247_master_color.gif,https://drive.google.com/file/d/1FbgUzf_SIvmR3yBuT1zvh2pKflslgaNt/view?usp=drivesdk,image/tiff,317248,Dilbert-Images,2026-02-25T00:14:49.626+05:30,,,,,,,,
7,1Pwz9RHAU4nhQHbKkMRPinxyOLTR1LqTx,1ZElK8-1tCHjx9PDrqTD5ePsc2wDeHESk,AML-28444_2989247_master_bw.gif,https://drive.google.com/file/d/1ZElK8-1tCHjx9PDrqTD5ePsc2wDeHESk/view?usp=drivesdk,image/tiff,121152,Dilbert-Images,2026-02-25T00:14:49.627+05:30,,,,,,,,
7,1Pwz9RHAU4nhQHbKkMRPinxyOLTR1LqTx,14PKYWL2fwvohTgVnKOnasps0vDQUlo_k,AML-28444_1715162_mutable_color.gif,https://drive.google.com/file/d/14PKYWL2fwvohTgVnKOnasps0vDQUlo_k/view?usp=drivesdk,image/gif,111191,Dilbert-Images,2026-02-25T00:14:49.628+05:30,,,,,,,,
7,1Pwz9RHAU4nhQHbKkMRPinxyOLTR1LqTx,1MTlHtzgYP0m7XhZgVdpj0c_pQ98V7QYd,AML-28444_9022343_master_color.gif,https://drive.google.com/file/d/1MTlHtzgYP0m7XhZgVdpj0c_pQ98V7QYd/view?usp=drivesdk,image/tiff,1647156,Dilbert-Images,2026-02-25T00:14:49.629+05:30,,,,,,,,
7,1Pwz9RHAU4nhQHbKkMRPinxyOLTR1LqTx,15HVQteRiHShq9wCDXnKQpXRhaSSks-XP,AML-28444_1715162_master_color.gif,https://drive.google.com/file/d/15HVQteRiHShq9wCDXnKQpXRhaSSks-XP/view?usp=drivesdk,image/tiff,119936,Dilbert-Images,2026-02-25T00:14:49.630+05:30,,,,,,,,
7,1Pwz9RHAU4nhQHbKkMRPinxyOLTR1LqTx,1nK-GFT-3tTz7xpt2cdhWuye6vCsiZFXt,AML-28444_1715162_master_bw.gif,https://drive.google.com/file/d/1nK-GFT-3tTz7xpt2cdhWuye6vCsiZFXt/view?usp=drivesdk,image/tiff,117196,Dilbert-Images,2026-02-25T00:14:49.632+05:30,,,,,,,,
7,1Pwz9RHAU4nhQHbKkMRPinxyOLTR1LqTx,1QF7YRrjnlha8AaBO2qM-ssw-nXsQrLSr,AML-28444_9121237_mutable_color.gif,https://drive.google.com/file/d/1QF7YRrjnlha8AaBO2qM-ssw-nXsQrLSr/view?usp=drivesdk,image/gif,112407,Dilbert-Images,2026-02-25T00:14:49.633+05:30,,,,,,,,
7,1Pwz9RHAU4nhQHbKkMRPinxyOLTR1LqTx,1_Ffx3vik4Cfg4B68-PlRYWdZORNNH8-x,AML-28444_9121237_mutable_bw.gif,https://drive.google.com/file/d/1_Ffx3vik4Cfg4B68-PlRYWdZORNNH8-x/view?usp=drivesdk,image/gif,57928,Dilbert-Images,2026-02-25T00:14:49.634+05:30,,,,,,,,
7,1Pwz9RHAU4nhQHbKkMRPinxyOLTR1LqTx,17N1__1hZZgjVkdiQu5gbHEHPM5I5_eJ-,AML-28444_7715567_master_color.gif,https://drive.google.com/file/d/17N1__1hZZgjVkdiQu5gbHEHPM5I5_eJ-/view?usp=drivesdk,image/tiff,2723068,Dilbert-Images,2026-02-25T00:14:49.635+05:30,,,,,,,,
7,1Pwz9RHAU4nhQHbKkMRPinxyOLTR1LqTx,1oO6IOVBzGJ8R_PnYk-7h6bduXxkVxRW-,AML-28444_1715162_mutable_bw.gif,https://drive.google.com/file/d/1oO6IOVBzGJ8R_PnYk-7h6bduXxkVxRW-/view?usp=drivesdk,image/gif,66338,Dilbert-Images,2026-02-25T00:14:49.636+05:30,,,,,,,,
7,1Pwz9RHAU4nhQHbKkMRPinxyOLTR1LqTx,1tiVQ8eD8oKy2ZpQw2zmOjpGxo2CqrGyC,AML-28444_9121237_master_bw.gif,https://drive.google.com/file/d/1tiVQ8eD8oKy2ZpQw2zmOjpGxo2CqrGyC/view?usp=drivesdk,image/tiff,167500,Dilbert-Images,2026-02-25T00:14:49.637+05:30,,,,,,,,
7,1Pwz9RHAU4nhQHbKkMRPinxyOLTR1LqTx,12bpvq3SH4fHx-gkDiSFAc2B8fGS-tZOY,AML-28444_9121237_master_color.gif,https://drive.google.com/file/d/12bpvq3SH4fHx-gkDiSFAc2B8fGS-tZOY/view?usp=drivesdk,image/tiff,2374700,Dilbert-Images,2026-02-25T00:14:49.638+05:30,,,,,,,,
7,1Pwz9RHAU4nhQHbKkMRPinxyOLTR1LqTx,1AwYAxzFHh2vqwHR2oM0Khs55lxJxQ_Zv,AML-28444_2989247_mutable_bw.gif,https://drive.google.com/file/d/1AwYAxzFHh2vqwHR2oM0Khs55lxJxQ_Zv/view?usp=drivesdk,image/gif,81396,Dilbert-Images,2026-02-25T00:14:49.639+05:30,,,,,,,,
7,1Pwz9RHAU4nhQHbKkMRPinxyOLTR1LqTx,1KnV9pv9jFuQsHqiaNLaHzz0XC4e-cffS,AML-28444_9022343_mutable_color.gif,https://drive.google.com/file/d/1KnV9pv9jFuQsHqiaNLaHzz0XC4e-cffS/view?usp=drivesdk,image/gif,118400,Dilbert-Images,2026-02-25T00:14:49.640+05:30,,,,,,,,
7,1Pwz9RHAU4nhQHbKkMRPinxyOLTR1LqTx,1ZqvFj_J9vkwPq9M19TMf8lM2h8G1VeOS,AML-28444_7715567_mutable_color.jpg,https://drive.google.com/file/d/1ZqvFj_J9vkwPq9M19TMf8lM2h8G1VeOS/view?usp=drivesdk,image/jpeg,174063,Dilbert-Images,2026-02-25T00:14:49.641+05:30,,,,,,,,
7,1Pwz9RHAU4nhQHbKkMRPinxyOLTR1LqTx,1-v5CvBlTAsbwrF0Sc1X5GVzp9buncVQw,AML-28444_9022343_mutable_bw.gif,https://drive.google.com/file/d/1-v5CvBlTAsbwrF0Sc1X5GVzp9buncVQw/view?usp=drivesdk,image/gif,58327,Dilbert-Images,2026-02-25T00:14:49.642+05:30,,,,,,,,
7,1Pwz9RHAU4nhQHbKkMRPinxyOLTR1LqTx,1swOITmJvswHz1jK_quwv9eJajfdLTvDo,AML-28444_9022343_master_bw.gif,https://drive.google.com/file/d/1swOITmJvswHz1jK_quwv9eJajfdLTvDo/view?usp=drivesdk,image/tiff,166484,Dilbert-Images,2026-02-25T00:14:49.643+05:30,,,,,,,,
7,1Pwz9RHAU4nhQHbKkMRPinxyOLTR1LqTx,19xPbGPI9bTbFx9I77Rk_GtVIujtXhU-p,AML-28444_7715567_master_bw.gif,https://drive.google.com/file/d/19xPbGPI9bTbFx9I77Rk_GtVIujtXhU-p/view?usp=drivesdk,image/tiff,359636,Dilbert-Images,2026-02-25T00:14:49.645+05:30,,,,,,,,
7,1Pwz9RHAU4nhQHbKkMRPinxyOLTR1LqTx,1UJJAfenhF4if5Ox0WHxda_DBFNyou7u8,AML-28444_2989247_mutable_color.gif,https://drive.google.com/file/d/1UJJAfenhF4if5Ox0WHxda_DBFNyou7u8/view?usp=drivesdk,image/gif,127739,Dilbert-Images,2026-02-25T00:14:49.646+05:30,,,,,,,,
8,1Ik1tu-2BQ3wSdn_rppx8b9AP-icED0go,15ACNLUh_IliFDf9C62mQMnfn-fr1iL3J,pexels-chait-goli-1798130.jpg,https://drive.google.com/file/d/15ACNLUh_IliFDf9C62mQMnfn-fr1iL3J/view?usp=drivesdk,image/jpeg,2008615,unsplash-pexels-pixabay,2026-02-25T00:14:49.648+05:30,,,,,,,,
8,1Ik1tu-2BQ3wSdn_rppx8b9AP-icED0go,1-mWoo4IOJmwdOGZoekPQ8RgT-Vpk7hvo,pexels-stephen-leonardi-18041018.jpg,https://drive.google.com/file/d/1-mWoo4IOJmwdOGZoekPQ8RgT-Vpk7hvo/view?usp=drivesdk,image/jpeg,2619426,unsplash-pexels-pixabay,2026-02-25T00:14:49.650+05:30,,,,,,,,
8,1Ik1tu-2BQ3wSdn_rppx8b9AP-icED0go,1-joP0HTPjmlr0JKEzrEV_L-F7S554274,pexels-dave-morgan-2540653.jpg,https://drive.google.com/file/d/1-joP0HTPjmlr0JKEzrEV_L-F7S554274/view?usp=drivesdk,image/jpeg,4657953,unsplash-pexels-pixabay,2026-02-25T00:14:49.652+05:30,,,,,,,,
8,1Ik1tu-2BQ3wSdn_rppx8b9AP-icED0go,1SD6uYLTk7SF57qUD9nrseQBRN2J0uy-L,world-1302929_1920.jpg,https://drive.google.com/file/d/1SD6uYLTk7SF57qUD9nrseQBRN2J0uy-L/view?usp=drivesdk,image/jpeg,192748,unsplash-pexels-pixabay,2026-02-25T00:14:49.653+05:30,,,,,,,,
8,1Ik1tu-2BQ3wSdn_rppx8b9AP-icED0go,1S4JlOyKZZmr_S6IOz1zud9Ouv65TNXTp,woman-in-pink-crew-neck-t-shirt-using-laptop-3867847.jpg,https://drive.google.com/file/d/1S4JlOyKZZmr_S6IOz1zud9Ouv65TNXTp/view?usp=drivesdk,image/jpeg,3279079,unsplash-pexels-pixabay,2026-02-25T00:14:49.655+05:30,,,,,,,,
8,1Ik1tu-2BQ3wSdn_rppx8b9AP-icED0go,1SARqcNTJ51f53oQJVFcagEzh8cA6TVYs,welding-2178127_1920.jpg,https://drive.google.com/file/d/1SARqcNTJ51f53oQJVFcagEzh8cA6TVYs/view?usp=drivesdk,image/jpeg,459311,unsplash-pexels-pixabay,2026-02-25T00:14:49.657+05:30,,,,,,,,
8,1Ik1tu-2BQ3wSdn_rppx8b9AP-icED0go,1SBTnDk-1vbJcSd-r9FOZkkBzn748PP6A,walk-2635038_1920.jpg,https://drive.google.com/file/d/1SBTnDk-1vbJcSd-r9FOZkkBzn748PP6A/view?usp=drivesdk,image/jpeg,420244,unsplash-pexels-pixabay,2026-02-25T00:14:49.658+05:30,,,,,,,,
8,1Ik1tu-2BQ3wSdn_rppx8b9AP-icED0go,1RmZjKgS3PVw_u8cJJbZS2WArxoaJk8Kx,translation-software-for-ngos-non-profits-300x300.jpg,https://drive.google.com/file/d/1RmZjKgS3PVw_u8cJJbZS2WArxoaJk8Kx/view?usp=drivesdk,image/jpeg,17490,unsplash-pexels-pixabay,2026-02-25T00:14:49.660+05:30,,,,,,,,
8,1Ik1tu-2BQ3wSdn_rppx8b9AP-icED0go,1RkV4RRPFjl6zFAdOAwrg8YmsyvJe6yVy,transformation-3746922_1920.jpg,https://drive.google.com/file/d/1RkV4RRPFjl6zFAdOAwrg8YmsyvJe6yVy/view?usp=drivesdk,image/jpeg,257186,unsplash-pexels-pixabay,2026-02-25T00:14:49.661+05:30,,,,,,,,
8,1Ik1tu-2BQ3wSdn_rppx8b9AP-icED0go,1RkhlSgNxRKby45MNVrW4NqnWNGLxiZa-,three-person-sitting-on-chair-near-table-inside-room-3183134.jpg,https://drive.google.com/file/d/1RkhlSgNxRKby45MNVrW4NqnWNGLxiZa-/view?usp=drivesdk,image/jpeg,2663752,unsplash-pexels-pixabay,2026-02-25T00:14:49.663+05:30,,,,,,,,
8,1Ik1tu-2BQ3wSdn_rppx8b9AP-icED0go,1RknRApM-E2hg1vs3EqawRq2ij_BR3oLr,technology-g7beb8d646_1920.jpg,https://drive.google.com/file/d/1RknRApM-E2hg1vs3EqawRq2ij_BR3oLr/view?usp=drivesdk,image/jpeg,324531,unsplash-pexels-pixabay,2026-02-25T00:14:49.665+05:30,,,,,,,,
8,1Ik1tu-2BQ3wSdn_rppx8b9AP-icED0go,1RXR2I9jmhKpx-8CjftYI1SXZZvZH9TZu,super-bowl-gaaf006673_1920.jpg,https://drive.google.com/file/d/1RXR2I9jmhKpx-8CjftYI1SXZZvZH9TZu/view?usp=drivesdk,image/jpeg,809205,unsplash-pexels-pixabay,2026-02-25T00:14:49.666+05:30,,,,,,,,
8,1Ik1tu-2BQ3wSdn_rppx8b9AP-icED0go,1RdWfXbMkmxRArVJqkqgfLGjIj4GVc722,security-department-1653345.png,https://drive.google.com/file/d/1RdWfXbMkmxRArVJqkqgfLGjIj4GVc722/view?usp=drivesdk,image/png,237180,unsplash-pexels-pixabay,2026-02-25T00:14:49.668+05:30,,,,,,,,
8,1Ik1tu-2BQ3wSdn_rppx8b9AP-icED0go,1RAxYfTB0L2RIR_r404TJ71IvzlHYGVo7,pexels-tom-fisk-2231742.jpg,https://drive.google.com/file/d/1RAxYfTB0L2RIR_r404TJ71IvzlHYGVo7/view?usp=drivesdk,image/jpeg,6090790,unsplash-pexels-pixabay,2026-02-25T00:14:49.671+05:30,,,,,,,,
8,1Ik1tu-2BQ3wSdn_rppx8b9AP-icED0go,1RAAmwHfXPSlG4u4LFAmIMRIHRiySVQpW,photo-of-woman-using-laptop-3194518.jpg,https://drive.google.com/file/d/1RAAmwHfXPSlG4u4LFAmIMRIHRiySVQpW/view?usp=drivesdk,image/jpeg,2683066,unsplash-pexels-pixabay,2026-02-25T00:14:49.672+05:30,,,,,,,,
8,1Ik1tu-2BQ3wSdn_rppx8b9AP-icED0go,1RBdopTIfzCYHoQ1ubjGNVL64a5cD_6Ph,pexels-quintin-gellar-2199293.jpg,https://drive.google.com/file/d/1RBdopTIfzCYHoQ1ubjGNVL64a5cD_6Ph/view?usp=drivesdk,image/jpeg,4773232,unsplash-pexels-pixabay,2026-02-25T00:14:49.674+05:30,,,,,,,,
8,1Ik1tu-2BQ3wSdn_rppx8b9AP-icED0go,1RC1CC3XjEGNT7b0QXpKbd_-HYQr1PzHG,pexels-pixabay-40568.jpg,https://drive.google.com/file/d/1RC1CC3XjEGNT7b0QXpKbd_-HYQr1PzHG/view?usp=drivesdk,image/jpeg,513617,unsplash-pexels-pixabay,2026-02-25T00:14:49.676+05:30,,,,,,,,
8,1Ik1tu-2BQ3wSdn_rppx8b9AP-icED0go,1RDAP3URmF0kG2Ij1T-DDjyhxocuJ3WH0,pexels-pixabay-256219.jpg,https://drive.google.com/file/d/1RDAP3URmF0kG2Ij1T-DDjyhxocuJ3WH0/view?usp=drivesdk,image/jpeg,982211,unsplash-pexels-pixabay,2026-02-25T00:14:49.677+05:30,,,,,,,,
8,1Ik1tu-2BQ3wSdn_rppx8b9AP-icED0go,1R8rXYtK1yhPWrVIN_VK0V5sJlTL-ZoOC,pexels-photo-636243.jpeg,https://drive.google.com/file/d/1R8rXYtK1yhPWrVIN_VK0V5sJlTL-ZoOC/view?usp=drivesdk,image/jpeg,1763924,unsplash-pexels-pixabay,2026-02-25T00:14:49.679+05:30,,,,,,,,
8,1Ik1tu-2BQ3wSdn_rppx8b9AP-icED0go,1QqwIa2pkc0LktLH6FJqq4llMBwWG99kG,pexels-paul-loh-233698.jpg,https://drive.google.com/file/d/1QqwIa2pkc0LktLH6FJqq4llMBwWG99kG/view?usp=drivesdk,image/jpeg,2479402,unsplash-pexels-pixabay,2026-02-25T00:14:49.680+05:30,,,,,,,,
8,1Ik1tu-2BQ3wSdn_rppx8b9AP-icED0go,1QeV1-7bkW5ZpHRk8O5HM0VdXF1y5JTOh,pexels-mentatdgt-1138903.jpg,https://drive.google.com/file/d/1QeV1-7bkW5ZpHRk8O5HM0VdXF1y5JTOh/view?usp=drivesdk,image/jpeg,6963945,unsplash-pexels-pixabay,2026-02-25T00:14:49.682+05:30,,,,,,,,
8,1Ik1tu-2BQ3wSdn_rppx8b9AP-icED0go,1QeyWGCD681o6i3zl3Qzdhe2vysEUT3BR,pexels-melvin-buezo-2529148.jpg,https://drive.google.com/file/d/1QeyWGCD681o6i3zl3Qzdhe2vysEUT3BR/view?usp=drivesdk,image/jpeg,2962697,unsplash-pexels-pixabay,2026-02-25T00:14:49.683+05:30,,,,,,,,
8,1Ik1tu-2BQ3wSdn_rppx8b9AP-icED0go,1QjG6-ZlFIFxZ4wULJUtjTQwJUt7adyXz,pexels-jeshootscom-1201995.jpg,https://drive.google.com/file/d/1QjG6-ZlFIFxZ4wULJUtjTQwJUt7adyXz/view?usp=drivesdk,image/jpeg,3075200,unsplash-pexels-pixabay,2026-02-25T00:14:49.684+05:30,,,,,,,,
8,1Ik1tu-2BQ3wSdn_rppx8b9AP-icED0go,1QmfcyYNm-PPyb2VZlGeewVLdmc7hnPSw,pexels-felipe-plqml-1895019.jpg,https://drive.google.com/file/d/1QmfcyYNm-PPyb2VZlGeewVLdmc7hnPSw/view?usp=drivesdk,image/jpeg,1355453,unsplash-pexels-pixabay,2026-02-25T00:14:49.685+05:30,,,,,,,,
8,1Ik1tu-2BQ3wSdn_rppx8b9AP-icED0go,1Qb49mtFvYYcrsGza0-v2wr836Ww2qulV,pexels-fauxels-3184418.jpg,https://drive.google.com/file/d/1Qb49mtFvYYcrsGza0-v2wr836Ww2qulV/view?usp=drivesdk,image/jpeg,3494245,unsplash-pexels-pixabay,2026-02-25T00:14:49.686+05:30,,,,,,,,
8,1Ik1tu-2BQ3wSdn_rppx8b9AP-icED0go,1QckU350QdMJpj43VaWFONyODQmyT2jOq,pexels-fauxels-3184357.jpg,https://drive.google.com/file/d/1QckU350QdMJpj43VaWFONyODQmyT2jOq/view?usp=drivesdk,image/jpeg,3312682,unsplash-pexels-pixabay,2026-02-25T00:14:49.687+05:30,,,,,,,,
8,1Ik1tu-2BQ3wSdn_rppx8b9AP-icED0go,1QZLivbPhdlV3h6SzohLK2O3ijQ7W80zd,pexels-fauxels-3184291.jpg,https://drive.google.com/file/d/1QZLivbPhdlV3h6SzohLK2O3ijQ7W80zd/view?usp=drivesdk,image/jpeg,3164511,unsplash-pexels-pixabay,2026-02-25T00:14:49.688+05:30,,,,,,,,
8,1Ik1tu-2BQ3wSdn_rppx8b9AP-icED0go,1QZxHg_rHcI7OpP4sMm_oW0UJwjFzTKZM,pexels-anete-lusina-4792509.jpg,https://drive.google.com/file/d/1QZxHg_rHcI7OpP4sMm_oW0UJwjFzTKZM/view?usp=drivesdk,image/jpeg,3323587,unsplash-pexels-pixabay,2026-02-25T00:14:49.689+05:30,,,,,,,,
8,1Ik1tu-2BQ3wSdn_rppx8b9AP-icED0go,1Q_ZYoYtUrCIMHlpv-HBL8KFdcMzLfotf,pexels-andrea-piacquadio-3881247.jpg,https://drive.google.com/file/d/1Q_ZYoYtUrCIMHlpv-HBL8KFdcMzLfotf/view?usp=drivesdk,image/jpeg,1683101,unsplash-pexels-pixabay,2026-02-25T00:14:49.691+05:30,,,,,,,,
8,1Ik1tu-2BQ3wSdn_rppx8b9AP-icED0go,1QaeBvRYsywXmgsIuZwvGDLZAJn9bj3N_,pexels-ali-pazani-2777898.jpg,https://drive.google.com/file/d/1QaeBvRYsywXmgsIuZwvGDLZAJn9bj3N_/view?usp=drivesdk,image/jpeg,2796701,unsplash-pexels-pixabay,2026-02-25T00:14:49.692+05:30,,,,,,,,
8,1Ik1tu-2BQ3wSdn_rppx8b9AP-icED0go,1QS_wHwFdufGp5s-7q4-BHdFegMM6gs03,people-woman-coffee-meeting.jpg,https://drive.google.com/file/d/1QS_wHwFdufGp5s-7q4-BHdFegMM6gs03/view?usp=drivesdk,image/jpeg,2233885,unsplash-pexels-pixabay,2026-02-25T00:14:49.693+05:30,,,,,,,,
8,1Ik1tu-2BQ3wSdn_rppx8b9AP-icED0go,1QRRBsKLyjZ1GmdZTNEMZmnMbKqaVIjt9,party-glass-architecture-windows-34092.jpg,https://drive.google.com/file/d/1QRRBsKLyjZ1GmdZTNEMZmnMbKqaVIjt9/view?usp=drivesdk,image/jpeg,2790032,unsplash-pexels-pixabay,2026-02-25T00:14:49.694+05:30,,,,,,,,
8,1Ik1tu-2BQ3wSdn_rppx8b9AP-icED0go,1QKw4IWvojfS9lRlNMVxKPd7W9JnYmloR,old-newspaper-350376_1920.jpg,https://drive.google.com/file/d/1QKw4IWvojfS9lRlNMVxKPd7W9JnYmloR/view?usp=drivesdk,image/jpeg,606495,unsplash-pexels-pixabay,2026-02-25T00:14:49.695+05:30,,,,,,,,
8,1Ik1tu-2BQ3wSdn_rppx8b9AP-icED0go,1QMikNKpq0ew3EHQyWkl_BGfIoQz08x-J,oil-1685981_1920.jpg,https://drive.google.com/file/d/1QMikNKpq0ew3EHQyWkl_BGfIoQz08x-J/view?usp=drivesdk,image/jpeg,528141,unsplash-pexels-pixabay,2026-02-25T00:14:49.696+05:30,,,,,,,,
8,1Ik1tu-2BQ3wSdn_rppx8b9AP-icED0go,1QQJf-DP9ztyKIrZEsiUjZL09zlRx7i_C,paper-3249919_1920.jpg,https://drive.google.com/file/d/1QQJf-DP9ztyKIrZEsiUjZL09zlRx7i_C/view?usp=drivesdk,image/jpeg,255190,unsplash-pexels-pixabay,2026-02-25T00:14:49.697+05:30,,,,,,,,
8,1Ik1tu-2BQ3wSdn_rppx8b9AP-icED0go,1QQC9MDdxiy66SUdqdpDpO4OrOT2xkiY_,new-york-2088958_1920.jpg,https://drive.google.com/file/d/1QQC9MDdxiy66SUdqdpDpO4OrOT2xkiY_/view?usp=drivesdk,image/jpeg,762085,unsplash-pexels-pixabay,2026-02-25T00:14:49.697+05:30,,,,,,,,
8,1Ik1tu-2BQ3wSdn_rppx8b9AP-icED0go,1QBBqPVglzh-5_ys7aT5XomgHGg8f4Mla,network-3539313_1920.jpg,https://drive.google.com/file/d/1QBBqPVglzh-5_ys7aT5XomgHGg8f4Mla/view?usp=drivesdk,image/jpeg,598170,unsplash-pexels-pixabay,2026-02-25T00:14:49.699+05:30,,,,,,,,
8,1Ik1tu-2BQ3wSdn_rppx8b9AP-icED0go,1QF05AlEB3-Q_mYXrx3M2cjGOaMsTHt8H,natalya-zaritskaya-SIOdjcYotms-unsplash.jpg,https://drive.google.com/file/d/1QF05AlEB3-Q_mYXrx3M2cjGOaMsTHt8H/view?usp=drivesdk,image/jpeg,971463,unsplash-pexels-pixabay,2026-02-25T00:14:49.700+05:30,,,,,,,,
8,1Ik1tu-2BQ3wSdn_rppx8b9AP-icED0go,1Pq1yKcOYZSo3mE8hlzRAL9rK4MiP5WAc,krakenimages-7BpuzmcxlHU-unsplash.jpg,https://drive.google.com/file/d/1Pq1yKcOYZSo3mE8hlzRAL9rK4MiP5WAc/view?usp=drivesdk,image/jpeg,597499,unsplash-pexels-pixabay,2026-02-25T00:14:49.701+05:30,,,,,,,,
8,1Ik1tu-2BQ3wSdn_rppx8b9AP-icED0go,1PlIh3vDPeulXOJiv1lH80eyCQ0ydEizz,How-Heineken-is-building-its-beer-portfolio-for-the-future.jpg,https://drive.google.com/file/d/1PlIh3vDPeulXOJiv1lH80eyCQ0ydEizz/view?usp=drivesdk,image/jpeg,1887458,unsplash-pexels-pixabay,2026-02-25T00:14:49.702+05:30,,,,,,,,
8,1Ik1tu-2BQ3wSdn_rppx8b9AP-icED0go,1PlXnm6virjgsf5viRJ-O2G2Mh0gfSo1U,home-1353389_1920.jpg,https://drive.google.com/file/d/1PlXnm6virjgsf5viRJ-O2G2Mh0gfSo1U/view?usp=drivesdk,image/jpeg,975230,unsplash-pexels-pixabay,2026-02-25T00:14:49.703+05:30,,,,,,,,
8,1Ik1tu-2BQ3wSdn_rppx8b9AP-icED0go,1PnjCzHYvGRaYvX0vHB-DjnTemisViK5t,health-2082630.jpg,https://drive.google.com/file/d/1PnjCzHYvGRaYvX0vHB-DjnTemisViK5t/view?usp=drivesdk,image/jpeg,211941,unsplash-pexels-pixabay,2026-02-25T00:14:49.704+05:30,,,,,,,,
8,1Ik1tu-2BQ3wSdn_rppx8b9AP-icED0go,1PnLggqfT8jBqxDO0tET5eXmJEydicKnX,heavy-transport-261617_1920.jpg,https://drive.google.com/file/d/1PnLggqfT8jBqxDO0tET5eXmJEydicKnX/view?usp=drivesdk,image/jpeg,612173,unsplash-pexels-pixabay,2026-02-25T00:14:49.705+05:30,,,,,,,,
8,1Ik1tu-2BQ3wSdn_rppx8b9AP-icED0go,1PSpzPb9nwfYwra8p1bgrdkMizBlYyPzA,halloween-g727399e52_1920.jpg,https://drive.google.com/file/d/1PSpzPb9nwfYwra8p1bgrdkMizBlYyPzA/view?usp=drivesdk,image/jpeg,237166,unsplash-pexels-pixabay,2026-02-25T00:14:49.707+05:30,,,,,,,,
8,1Ik1tu-2BQ3wSdn_rppx8b9AP-icED0go,1PSej-Aki7itmY_HqUEHmSksb6m3cGQ0d,halloween-g79ffdd330_1920.jpg,https://drive.google.com/file/d/1PSej-Aki7itmY_HqUEHmSksb6m3cGQ0d/view?usp=drivesdk,image/jpeg,211948,unsplash-pexels-pixabay,2026-02-25T00:14:49.708+05:30,,,,,,,,
8,1Ik1tu-2BQ3wSdn_rppx8b9AP-icED0go,1PTDna3HADU3MAFkRHc0Op5hgPO3O0w7K,halloween-5596921_1920.jpg,https://drive.google.com/file/d/1PTDna3HADU3MAFkRHc0Op5hgPO3O0w7K/view?usp=drivesdk,image/jpeg,220573,unsplash-pexels-pixabay,2026-02-25T00:14:49.710+05:30,,,,,,,,
8,1Ik1tu-2BQ3wSdn_rppx8b9AP-icED0go,1PTZdXRjVTkz6slA3MFYQXtp_mBaDF_C_,halloween-4576732.png,https://drive.google.com/file/d/1PTZdXRjVTkz6slA3MFYQXtp_mBaDF_C_/view?usp=drivesdk,image/png,306973,unsplash-pexels-pixabay,2026-02-25T00:14:49.711+05:30,,,,,,,,
8,1Ik1tu-2BQ3wSdn_rppx8b9AP-icED0go,1PDcS3GZ3lmGt4ybSUbHzCMRxw4zZ1xyj,diabetes-blood-sugar-diabetic-medicine-46173.jpeg,https://drive.google.com/file/d/1PDcS3GZ3lmGt4ybSUbHzCMRxw4zZ1xyj/view?usp=drivesdk,image/jpeg,1122218,unsplash-pexels-pixabay,2026-02-25T00:14:49.713+05:30,,,,,,,,
8,1Ik1tu-2BQ3wSdn_rppx8b9AP-icED0go,1PIS3AV2Pq_mb0YcozZT16nkEfQY0mtJ-,coronavirus-4914026_1920.jpg,https://drive.google.com/file/d/1PIS3AV2Pq_mb0YcozZT16nkEfQY0mtJ-/view?usp=drivesdk,image/jpeg,231413,unsplash-pexels-pixabay,2026-02-25T00:14:49.714+05:30,,,,,,,,
8,1Ik1tu-2BQ3wSdn_rppx8b9AP-icED0go,1P9QZSjMMqeykrU9ZPn0Ai0KzOEQAzokV,construction-4216749_1920.jpg,https://drive.google.com/file/d/1P9QZSjMMqeykrU9ZPn0Ai0KzOEQAzokV/view?usp=drivesdk,image/jpeg,689689,unsplash-pexels-pixabay,2026-02-25T00:14:49.715+05:30,,,,,,,,
8,1Ik1tu-2BQ3wSdn_rppx8b9AP-icED0go,1Oi8T3JP7TqavSwqwovEQ-VYW9PL9y1y4,binary-1695478_1920.jpg,https://drive.google.com/file/d/1Oi8T3JP7TqavSwqwovEQ-VYW9PL9y1y4/view?usp=drivesdk,image/jpeg,466263,unsplash-pexels-pixabay,2026-02-25T00:14:49.717+05:30,,,,,,,,
8,1Ik1tu-2BQ3wSdn_rppx8b9AP-icED0go,1OjkDu1clPJuwmaO2zeYm0e-5tFmmfMWi,binary-1695476_1920.jpg,https://drive.google.com/file/d/1OjkDu1clPJuwmaO2zeYm0e-5tFmmfMWi/view?usp=drivesdk,image/jpeg,925906,unsplash-pexels-pixabay,2026-02-25T00:14:49.718+05:30,,,,,,,,
8,1Ik1tu-2BQ3wSdn_rppx8b9AP-icED0go,1OL-fIXWpWvNCBrNobXbuSOCEFVVAWIC3,architect-3979490_1920.jpg,https://drive.google.com/file/d/1OL-fIXWpWvNCBrNobXbuSOCEFVVAWIC3/view?usp=drivesdk,image/jpeg,476487,unsplash-pexels-pixabay,2026-02-25T00:14:49.728+05:30,,,,,,,,
8,1Ik1tu-2BQ3wSdn_rppx8b9AP-icED0go,1rbeoNefcLMu2xeqQzL0xg7BL75OzIJpq,source-gd57c23afc_1920.jpg,https://drive.google.com/file/d/1rbeoNefcLMu2xeqQzL0xg7BL75OzIJpq/view?usp=drivesdk,image/jpeg,448038,unsplash-pexels-pixabay,2026-02-25T00:14:49.729+05:30,,,,,,,,
8,1Ik1tu-2BQ3wSdn_rppx8b9AP-icED0go,1rc4o3dJBsjAo52gWyC8BHWjxik6rT8EX,program-g41fb49e0a_1920.jpg,https://drive.google.com/file/d/1rc4o3dJBsjAo52gWyC8BHWjxik6rT8EX/view?usp=drivesdk,image/jpeg,674913,unsplash-pexels-pixabay,2026-02-25T00:14:49.732+05:30,,,,,,,,
8,1Ik1tu-2BQ3wSdn_rppx8b9AP-icED0go,1rcF6KCEvvdWtLvuNpk5a3V6UvkU07Hdq,pexels-danny-meneses-943096.jpg,https://drive.google.com/file/d/1rcF6KCEvvdWtLvuNpk5a3V6UvkU07Hdq/view?usp=drivesdk,image/jpeg,3012263,unsplash-pexels-pixabay,2026-02-25T00:14:49.733+05:30,,,,,,,,
8,1Ik1tu-2BQ3wSdn_rppx8b9AP-icED0go,1V6JBwEyY0H6uIlXKdnCcPOXXFGpSYRXT,woman-standing-on-the-center-table-with-four-people-on-the-1367271.jpg,https://drive.google.com/file/d/1V6JBwEyY0H6uIlXKdnCcPOXXFGpSYRXT/view?usp=drivesdk,image/jpeg,2374623,unsplash-pexels-pixabay,2026-02-25T00:14:49.735+05:30,,,,,,,,
8,1Ik1tu-2BQ3wSdn_rppx8b9AP-icED0go,175xB0hMjcAlr4BKxuEDQ4epds5iuvt9A,woman-in-blue-suit-jacket-2422293.jpg,https://drive.google.com/file/d/175xB0hMjcAlr4BKxuEDQ4epds5iuvt9A/view?usp=drivesdk,image/jpeg,1188246,unsplash-pexels-pixabay,2026-02-25T00:14:49.737+05:30,,,,,,,,
8,1Ik1tu-2BQ3wSdn_rppx8b9AP-icED0go,1NdRpPOM0fSdg4Y5VC_ES0pojegDCJ-az,transportation-truck-15252289.jpg,https://drive.google.com/file/d/1NdRpPOM0fSdg4Y5VC_ES0pojegDCJ-az/view?usp=drivesdk,image/jpeg,2885856,unsplash-pexels-pixabay,2026-02-25T00:14:49.738+05:30,,,,,,,,
8,1Ik1tu-2BQ3wSdn_rppx8b9AP-icED0go,1-j1o9WNpYewqQnIz1o6lmZoHYCzw9urc,security-1202344.png,https://drive.google.com/file/d/1-j1o9WNpYewqQnIz1o6lmZoHYCzw9urc/view?usp=drivesdk,image/png,1720043,unsplash-pexels-pixabay,2026-02-25T00:14:49.740+05:30,,,,,,,,
8,1Ik1tu-2BQ3wSdn_rppx8b9AP-icED0go,15lUStJ1pIftk_cJhWMVNKaohXe_W_Pdx,pexels-photo-776615.jpeg,https://drive.google.com/file/d/15lUStJ1pIftk_cJhWMVNKaohXe_W_Pdx/view?usp=drivesdk,image/jpeg,3712421,unsplash-pexels-pixabay,2026-02-25T00:14:49.741+05:30,,,,,,,,
8,1Ik1tu-2BQ3wSdn_rppx8b9AP-icED0go,1ZYcg6Y355CaNGD-3hWqs5ckemC-eyvau,pexels-photo-450035.jpeg,https://drive.google.com/file/d/1ZYcg6Y355CaNGD-3hWqs5ckemC-eyvau/view?usp=drivesdk,image/jpeg,5993143,unsplash-pexels-pixabay,2026-02-25T00:14:49.743+05:30,,,,,,,,
8,1Ik1tu-2BQ3wSdn_rppx8b9AP-icED0go,1qGPswsBphHWitqyaDSiZQo8UcWdAWHqN,pexels-photo-395537.jpeg,https://drive.google.com/file/d/1qGPswsBphHWitqyaDSiZQo8UcWdAWHqN/view?usp=drivesdk,image/jpeg,1645703,unsplash-pexels-pixabay,2026-02-25T00:14:49.744+05:30,,,,,,,,
8,1Ik1tu-2BQ3wSdn_rppx8b9AP-icED0go,1YTuerrw46NjIDV5zH3KDxwuIBqLGo2cr,pexels-photo-356830.jpeg,https://drive.google.com/file/d/1YTuerrw46NjIDV5zH3KDxwuIBqLGo2cr/view?usp=drivesdk,image/jpeg,10709357,unsplash-pexels-pixabay,2026-02-25T00:14:49.746+05:30,,,,,,,,
8,1Ik1tu-2BQ3wSdn_rppx8b9AP-icED0go,11KXHDYD4lgU25i8qPJANHk74BtS40KHn,pexels-photo-356086.jpeg,https://drive.google.com/file/d/11KXHDYD4lgU25i8qPJANHk74BtS40KHn/view?usp=drivesdk,image/jpeg,1758499,unsplash-pexels-pixabay,2026-02-25T00:14:49.748+05:30,,,,,,,,
8,1Ik1tu-2BQ3wSdn_rppx8b9AP-icED0go,1sTkgFcj5qLrsNGl4fS09HYm_lx7FSPdf,pexels-photo-288477.jpeg,https://drive.google.com/file/d/1sTkgFcj5qLrsNGl4fS09HYm_lx7FSPdf/view?usp=drivesdk,image/jpeg,6133765,unsplash-pexels-pixabay,2026-02-25T00:14:49.749+05:30,,,,,,,,
8,1Ik1tu-2BQ3wSdn_rppx8b9AP-icED0go,1dnH3t6ov5qThnB6vJFU6cZevH5b3wqPD,pexels-photo-265087.jpeg,https://drive.google.com/file/d/1dnH3t6ov5qThnB6vJFU6cZevH5b3wqPD/view?usp=drivesdk,image/jpeg,2248294,unsplash-pexels-pixabay,2026-02-25T00:14:49.751+05:30,,,,,,,,
8,1Ik1tu-2BQ3wSdn_rppx8b9AP-icED0go,1jFNcBSQNx3eRcHMcXFERCojkv6baBZ-Y,pexels-photo-244822.jpeg,https://drive.google.com/file/d/1jFNcBSQNx3eRcHMcXFERCojkv6baBZ-Y/view?usp=drivesdk,image/jpeg,4465264,unsplash-pexels-pixabay,2026-02-25T00:14:49.753+05:30,,,,,,,,
8,1Ik1tu-2BQ3wSdn_rppx8b9AP-icED0go,1Brv2KC1eZh1FqDMkFS_ajd_3uC3LC61y,pexels-photo-235222.jpeg,https://drive.google.com/file/d/1Brv2KC1eZh1FqDMkFS_ajd_3uC3LC61y/view?usp=drivesdk,image/jpeg,7755976,unsplash-pexels-pixabay,2026-02-25T00:14:49.754+05:30,,,,,,,,
8,1Ik1tu-2BQ3wSdn_rppx8b9AP-icED0go,1M6N-YBUpWiZO8HJB_dz3sQ3beDo5tYR4,pexels-photo-164531.jpeg,https://drive.google.com/file/d/1M6N-YBUpWiZO8HJB_dz3sQ3beDo5tYR4/view?usp=drivesdk,image/jpeg,1351592,unsplash-pexels-pixabay,2026-02-25T00:14:49.756+05:30,,,,,,,,
8,1Ik1tu-2BQ3wSdn_rppx8b9AP-icED0go,105qmcsWZdRpsggTMf2c_UEFNtuBqnLtI,pexels-photo-115655.jpeg,https://drive.google.com/file/d/105qmcsWZdRpsggTMf2c_UEFNtuBqnLtI/view?usp=drivesdk,image/jpeg,5442731,unsplash-pexels-pixabay,2026-02-25T00:14:49.757+05:30,,,,,,,,
8,1Ik1tu-2BQ3wSdn_rppx8b9AP-icED0go,1OZ9JHBAuBnKk2cp8mTL4nxKX52Y2eXeU,pistol-3521792.jpg,https://drive.google.com/file/d/1OZ9JHBAuBnKk2cp8mTL4nxKX52Y2eXeU/view?usp=drivesdk,image/jpeg,1536548,unsplash-pexels-pixabay,2026-02-25T00:14:49.759+05:30,,,,,,,,
8,1Ik1tu-2BQ3wSdn_rppx8b9AP-icED0go,1MDQEZOXLPMSBYmSt_C46I-pHGei1S_dT,pexels-photo.jpg,https://drive.google.com/file/d/1MDQEZOXLPMSBYmSt_C46I-pHGei1S_dT/view?usp=drivesdk,image/jpeg,8164572,unsplash-pexels-pixabay,2026-02-25T00:14:49.760+05:30,,,,,,,,
8,1Ik1tu-2BQ3wSdn_rppx8b9AP-icED0go,1975Qv97szpG7I-S1XDR7E7iRH5MWeX_S,people-working-in-front-of-computer-3182763.jpg,https://drive.google.com/file/d/1975Qv97szpG7I-S1XDR7E7iRH5MWeX_S/view?usp=drivesdk,image/jpeg,1978762,unsplash-pexels-pixabay,2026-02-25T00:14:49.762+05:30,,,,,,,,
8,1Ik1tu-2BQ3wSdn_rppx8b9AP-icED0go,1dF4JQA6v8Ry1UhJg_9sse8b-rci6AnTe,men-working-at-night-256219.jpg,https://drive.google.com/file/d/1dF4JQA6v8Ry1UhJg_9sse8b-rci6AnTe/view?usp=drivesdk,image/jpeg,1054327,unsplash-pexels-pixabay,2026-02-25T00:14:49.763+05:30,,,,,,,,
8,1Ik1tu-2BQ3wSdn_rppx8b9AP-icED0go,192zKjiocKU1jbWFTBlakumuw9gT-UT8o,idea-2123972.jpg,https://drive.google.com/file/d/192zKjiocKU1jbWFTBlakumuw9gT-UT8o/view?usp=drivesdk,image/jpeg,3705300,unsplash-pexels-pixabay,2026-02-25T00:14:49.765+05:30,,,,,,,,
8,1Ik1tu-2BQ3wSdn_rppx8b9AP-icED0go,1B95IOXq9kMuxVeZmtm3zbJbkG53xFnam,ebook-3106982.jpg,https://drive.google.com/file/d/1B95IOXq9kMuxVeZmtm3zbJbkG53xFnam/view?usp=drivesdk,image/jpeg,2968826,unsplash-pexels-pixabay,2026-02-25T00:14:49.766+05:30,,,,,,,,
8,1Ik1tu-2BQ3wSdn_rppx8b9AP-icED0go,1JoKq587jhHop2AYRRu0coYQeqE4-r5Ea,daniel-korpai-qLjpoqjGoA0-unsplash.jpg,https://drive.google.com/file/d/1JoKq587jhHop2AYRRu0coYQeqE4-r5Ea/view?usp=drivesdk,image/jpeg,1094964,unsplash-pexels-pixabay,2026-02-25T00:14:49.768+05:30,,,,,,,,
8,1Ik1tu-2BQ3wSdn_rppx8b9AP-icED0go,1mROs2XbVjQOjXZr-lBkJd0lVdllJ2q8a,cyber-security-cybersecurity-device-60504.jpg,https://drive.google.com/file/d/1mROs2XbVjQOjXZr-lBkJd0lVdllJ2q8a/view?usp=drivesdk,image/jpeg,1233096,unsplash-pexels-pixabay,2026-02-25T00:14:49.769+05:30,,,,,,,,
8,1Ik1tu-2BQ3wSdn_rppx8b9AP-icED0go,1H71cXPzqnqVH65QGsDPnZ8zzWWfOqcKr,conference-room-contemporary-digital-nomad-1181406.jpg,https://drive.google.com/file/d/1H71cXPzqnqVH65QGsDPnZ8zzWWfOqcKr/view?usp=drivesdk,image/jpeg,4668814,unsplash-pexels-pixabay,2026-02-25T00:14:49.771+05:30,,,,,,,,
8,1Ik1tu-2BQ3wSdn_rppx8b9AP-icED0go,1yiAClpB5naxqdPp3eyklDmmu7REq_SP0,computer-drink-iphone-586339.jpg,https://drive.google.com/file/d/1yiAClpB5naxqdPp3eyklDmmu7REq_SP0/view?usp=drivesdk,image/jpeg,2337689,unsplash-pexels-pixabay,2026-02-25T00:14:49.772+05:30,,,,,,,,
8,1Ik1tu-2BQ3wSdn_rppx8b9AP-icED0go,1aUnhLqjjBkTVebNsaf9oeo_GEHsvo1ND,company-concept-creative-7369.jpg,https://drive.google.com/file/d/1aUnhLqjjBkTVebNsaf9oeo_GEHsvo1ND/view?usp=drivesdk,image/jpeg,2245745,unsplash-pexels-pixabay,2026-02-25T00:14:49.773+05:30,,,,,,,,
8,1Ik1tu-2BQ3wSdn_rppx8b9AP-icED0go,1iBcKvHfzBD5SEbj7bv9jYI38WqOhw0kW,collaboration-colleagues-cooperation-398532.jpg,https://drive.google.com/file/d/1iBcKvHfzBD5SEbj7bv9jYI38WqOhw0kW/view?usp=drivesdk,image/jpeg,2248771,unsplash-pexels-pixabay,2026-02-25T00:14:49.774+05:30,,,,,,,,
8,1Ik1tu-2BQ3wSdn_rppx8b9AP-icED0go,1ZoHPew9ea7Jrn-UCi_O4W2FIrHShqAew,code-coding-computer-574073.jpg,https://drive.google.com/file/d/1ZoHPew9ea7Jrn-UCi_O4W2FIrHShqAew/view?usp=drivesdk,image/jpeg,2448915,unsplash-pexels-pixabay,2026-02-25T00:14:49.775+05:30,,,,,,,,
8,1Ik1tu-2BQ3wSdn_rppx8b9AP-icED0go,1U2hNFtHwn2cSHf2f9JMTFQeTW1cDWsXd,clean-wooden-workspace-desk-setup-picjumbo-com.jpg,https://drive.google.com/file/d/1U2hNFtHwn2cSHf2f9JMTFQeTW1cDWsXd/view?usp=drivesdk,image/jpeg,6255879,unsplash-pexels-pixabay,2026-02-25T00:14:49.776+05:30,,,,,,,,
8,1Ik1tu-2BQ3wSdn_rppx8b9AP-icED0go,1SzjJbSyPt4qJZwToVHcEzuNTOlYgqlMM,cash-cent-child-1246954.jpg,https://drive.google.com/file/d/1SzjJbSyPt4qJZwToVHcEzuNTOlYgqlMM/view?usp=drivesdk,image/jpeg,2702019,unsplash-pexels-pixabay,2026-02-25T00:14:49.777+05:30,,,,,,,,
8,1Ik1tu-2BQ3wSdn_rppx8b9AP-icED0go,1DwLfkkMi0a8WGxkwBXxbnTzMe2OAC18b,business-chimneys-dirty-2391.jpg,https://drive.google.com/file/d/1DwLfkkMi0a8WGxkwBXxbnTzMe2OAC18b/view?usp=drivesdk,image/jpeg,2331896,unsplash-pexels-pixabay,2026-02-25T00:14:49.778+05:30,,,,,,,,
8,1Ik1tu-2BQ3wSdn_rppx8b9AP-icED0go,1l1Pw7MINS6f6zDe4Ru6Tcwfic73mF9qK,business-camera-coffee-1509428.jpg,https://drive.google.com/file/d/1l1Pw7MINS6f6zDe4Ru6Tcwfic73mF9qK/view?usp=drivesdk,image/jpeg,2138205,unsplash-pexels-pixabay,2026-02-25T00:14:49.779+05:30,,,,,,,,
8,1Ik1tu-2BQ3wSdn_rppx8b9AP-icED0go,1PFHZKRWynb_7DVD-nhikPNtHROWbe82i,business-3152586_1920.jpg,https://drive.google.com/file/d/1PFHZKRWynb_7DVD-nhikPNtHROWbe82i/view?usp=drivesdk,image/jpeg,1053855,unsplash-pexels-pixabay,2026-02-25T00:14:49.780+05:30,,,,,,,,
8,1Ik1tu-2BQ3wSdn_rppx8b9AP-icED0go,1656EgeVmM7C8GWxf-NFieOYpmThF8fcS,blur-cellphone-close-up-196644.jpg,https://drive.google.com/file/d/1656EgeVmM7C8GWxf-NFieOYpmThF8fcS/view?usp=drivesdk,image/jpeg,1411274,unsplash-pexels-pixabay,2026-02-25T00:14:49.781+05:30,,,,,,,,
8,1Ik1tu-2BQ3wSdn_rppx8b9AP-icED0go,1RIyascpbFbvcr76MSalCOdwm7rgmhQxU,beautiful-computer-face-834949.jpg,https://drive.google.com/file/d/1RIyascpbFbvcr76MSalCOdwm7rgmhQxU/view?usp=drivesdk,image/jpeg,1098744,unsplash-pexels-pixabay,2026-02-25T00:14:49.782+05:30,,,,,,,,
8,1Ik1tu-2BQ3wSdn_rppx8b9AP-icED0go,1v7wM0-6B5adOdm7oxjc5dz65YZAcZb5I,balazs-ketyi-xIcr9ygfhIk-unsplash.jpg,https://drive.google.com/file/d/1v7wM0-6B5adOdm7oxjc5dz65YZAcZb5I/view?usp=drivesdk,image/jpeg,1098716,unsplash-pexels-pixabay,2026-02-25T00:14:49.783+05:30,,,,,,,,
8,1Ik1tu-2BQ3wSdn_rppx8b9AP-icED0go,1IpbKDvhOPht-e81XmrsJWAr8161sEkp-,arrangement-blur-blurred-background-1181772.jpg,https://drive.google.com/file/d/1IpbKDvhOPht-e81XmrsJWAr8161sEkp-/view?usp=drivesdk,image/jpeg,1101168,unsplash-pexels-pixabay,2026-02-25T00:14:49.784+05:30,,,,,,,,
8,1Ik1tu-2BQ3wSdn_rppx8b9AP-icED0go,1r7FowaSTLjBxUYwn6LOzs-tR9Hr25LPF,architecture-building-business-260931.jpg,https://drive.google.com/file/d/1r7FowaSTLjBxUYwn6LOzs-tR9Hr25LPF/view?usp=drivesdk,image/jpeg,1222819,unsplash-pexels-pixabay,2026-02-25T00:14:49.784+05:30,,,,,,,,
8,1Ik1tu-2BQ3wSdn_rppx8b9AP-icED0go,1aFA3p_VnFji3UqIHMjewLMYVcSjPWlnE,architect-composition-data-313691.jpg,https://drive.google.com/file/d/1aFA3p_VnFji3UqIHMjewLMYVcSjPWlnE/view?usp=drivesdk,image/jpeg,1981912,unsplash-pexels-pixabay,2026-02-25T00:14:49.785+05:30,,,,,,,,
8,1Ik1tu-2BQ3wSdn_rppx8b9AP-icED0go,1SRlB9ili6YjMbc4uwbD6Em8lkc4XEHYY,application-business-businessman-1534517.jpg,https://drive.google.com/file/d/1SRlB9ili6YjMbc4uwbD6Em8lkc4XEHYY/view?usp=drivesdk,image/jpeg,1638520,unsplash-pexels-pixabay,2026-02-25T00:14:49.786+05:30,,,,,,,,
8,1Ik1tu-2BQ3wSdn_rppx8b9AP-icED0go,1NcdgZfaeBRcs2VOjIjClULqLSxlE3SZE,app-business-communication-242492.jpg,https://drive.google.com/file/d/1NcdgZfaeBRcs2VOjIjClULqLSxlE3SZE/view?usp=drivesdk,image/jpeg,2392608,unsplash-pexels-pixabay,2026-02-25T00:14:49.788+05:30,,,,,,,,
8,1Ik1tu-2BQ3wSdn_rppx8b9AP-icED0go,11ePJwDzbR6j1UQDk9UsUmYzNzdw2XofP,app-browser-coffee-6335.jpg,https://drive.google.com/file/d/11ePJwDzbR6j1UQDk9UsUmYzNzdw2XofP/view?usp=drivesdk,image/jpeg,2743559,unsplash-pexels-pixabay,2026-02-25T00:14:49.789+05:30,,,,,,,,
8,1Ik1tu-2BQ3wSdn_rppx8b9AP-icED0go,1e4Q5QTfbuCg0NNu8Hk9xEKFZSlcAk-Zi,app-background-blur-545331.jpg,https://drive.google.com/file/d/1e4Q5QTfbuCg0NNu8Hk9xEKFZSlcAk-Zi/view?usp=drivesdk,image/jpeg,2835950,unsplash-pexels-pixabay,2026-02-25T00:14:49.790+05:30,,,,,,,,
8,1Ik1tu-2BQ3wSdn_rppx8b9AP-icED0go,13_4VRQlb3HxkBhDcIH1sm7J_EZ7UGelm,analyzing-brainstorming-business-1124062.jpg,https://drive.google.com/file/d/13_4VRQlb3HxkBhDcIH1sm7J_EZ7UGelm/view?usp=drivesdk,image/jpeg,1807624,unsplash-pexels-pixabay,2026-02-25T00:14:49.791+05:30,,,,,,,,
8,1Ik1tu-2BQ3wSdn_rppx8b9AP-icED0go,1kTaeRRgN6_3e_E9IRIvu7y9EqRjP6DHw,analytics-blur-business-590045.jpg,https://drive.google.com/file/d/1kTaeRRgN6_3e_E9IRIvu7y9EqRjP6DHw/view?usp=drivesdk,image/jpeg,1711958,unsplash-pexels-pixabay,2026-02-25T00:14:49.792+05:30,,,,,,,,
8,1Ik1tu-2BQ3wSdn_rppx8b9AP-icED0go,1M-21XdUt8-D49vVU0LjmxOQA1sVbmyfI,analyst-analytics-blur-106344.jpg,https://drive.google.com/file/d/1M-21XdUt8-D49vVU0LjmxOQA1sVbmyfI/view?usp=drivesdk,image/jpeg,1205314,unsplash-pexels-pixabay,2026-02-25T00:14:49.793+05:30,,,,,,,,
8,1Ik1tu-2BQ3wSdn_rppx8b9AP-icED0go,1JklztXZ5L3jCzaLCZIJVgvNpJX5GnvjJ,analysis-business-coffee-1549702.jpg,https://drive.google.com/file/d/1JklztXZ5L3jCzaLCZIJVgvNpJX5GnvjJ/view?usp=drivesdk,image/jpeg,1680902,unsplash-pexels-pixabay,2026-02-25T00:14:49.794+05:30,,,,,,,,
8,1Ik1tu-2BQ3wSdn_rppx8b9AP-icED0go,1V8X-ab8r2uA7v7TtJ--ddIYKWgyEVj1w,america-antelope-canyon-arizona-274021.jpg,https://drive.google.com/file/d/1V8X-ab8r2uA7v7TtJ--ddIYKWgyEVj1w/view?usp=drivesdk,image/jpeg,2764065,unsplash-pexels-pixabay,2026-02-25T00:14:49.795+05:30,,,,,,,,
8,1Ik1tu-2BQ3wSdn_rppx8b9AP-icED0go,1c_roTnDsNb81ulgi3sstQJyF6W5zHhfj,advice-advise-advisor-business-7075.jpg,https://drive.google.com/file/d/1c_roTnDsNb81ulgi3sstQJyF6W5zHhfj/view?usp=drivesdk,image/jpeg,2103092,unsplash-pexels-pixabay,2026-02-25T00:14:49.796+05:30,,,,,,,,
8,1Ik1tu-2BQ3wSdn_rppx8b9AP-icED0go,1blkG3VizOybSoeF5lGZfPVte5W-UOKbh,advice-advise-advisor-7096.jpg,https://drive.google.com/file/d/1blkG3VizOybSoeF5lGZfPVte5W-UOKbh/view?usp=drivesdk,image/jpeg,1625060,unsplash-pexels-pixabay,2026-02-25T00:14:49.797+05:30,,,,,,,,
8,1Ik1tu-2BQ3wSdn_rppx8b9AP-icED0go,1OSxjV1LyUE3l2vinx5oDJAZoyV4P0wv0,adults-brainstorming-business-1246742.jpg,https://drive.google.com/file/d/1OSxjV1LyUE3l2vinx5oDJAZoyV4P0wv0/view?usp=drivesdk,image/jpeg,2538715,unsplash-pexels-pixabay,2026-02-25T00:14:49.798+05:30,,,,,,,,
8,1Ik1tu-2BQ3wSdn_rppx8b9AP-icED0go,1t3z9yE2sNtWRpRz3MXkoKTz0aDrVZuE8,adults-analysis-brainstorming-1661004.jpg,https://drive.google.com/file/d/1t3z9yE2sNtWRpRz3MXkoKTz0aDrVZuE8/view?usp=drivesdk,image/jpeg,2063942,unsplash-pexels-pixabay,2026-02-25T00:14:49.799+05:30,,,,,,,,
8,1Ik1tu-2BQ3wSdn_rppx8b9AP-icED0go,1mc9BYIYYNS4PCBO8izzDQCzpOdL16uOO,adult-brainstorming-briefing-1270950.jpg,https://drive.google.com/file/d/1mc9BYIYYNS4PCBO8izzDQCzpOdL16uOO/view?usp=drivesdk,image/jpeg,1796540,unsplash-pexels-pixabay,2026-02-25T00:14:49.800+05:30,,,,,,,,
8,1Ik1tu-2BQ3wSdn_rppx8b9AP-icED0go,1ACsRhQ7WMFeA1_PzZwT19LPdik0fXsnQ,adult-architecture-blur-705792.jpg,https://drive.google.com/file/d/1ACsRhQ7WMFeA1_PzZwT19LPdik0fXsnQ/view?usp=drivesdk,image/jpeg,3260145,unsplash-pexels-pixabay,2026-02-25T00:14:49.801+05:30,,,,,,,,
8,1Ik1tu-2BQ3wSdn_rppx8b9AP-icED0go,1nZ2U4SmxYJu-OqnxrR2W-TdtjxcHJy_s,adult-architect-blueprint-416405.jpg,https://drive.google.com/file/d/1nZ2U4SmxYJu-OqnxrR2W-TdtjxcHJy_s/view?usp=drivesdk,image/jpeg,4802666,unsplash-pexels-pixabay,2026-02-25T00:14:49.802+05:30,,,,,,,,
8,1Ik1tu-2BQ3wSdn_rppx8b9AP-icED0go,1RwS46RqVGV93Enu6UT4vFxi48idoRiZm,adult-app-developer-business-1181244.jpg,https://drive.google.com/file/d/1RwS46RqVGV93Enu6UT4vFxi48idoRiZm/view?usp=drivesdk,image/jpeg,3819096,unsplash-pexels-pixabay,2026-02-25T00:14:49.803+05:30,,,,,,,,
8,1Ik1tu-2BQ3wSdn_rppx8b9AP-icED0go,11thsD8EE6udzRFtq1lt6lxEpm9QRmE96,adult-analyzing-board-1376869.jpg,https://drive.google.com/file/d/11thsD8EE6udzRFtq1lt6lxEpm9QRmE96/view?usp=drivesdk,image/jpeg,1856594,unsplash-pexels-pixabay,2026-02-25T00:14:49.804+05:30,,,,,,,,
8,1Ik1tu-2BQ3wSdn_rppx8b9AP-icED0go,1r_WkNuIi6qtibRER2eI0zCBeYSH-EHQP,adult-american-board-1157859.jpg,https://drive.google.com/file/d/1r_WkNuIi6qtibRER2eI0zCBeYSH-EHQP/view?usp=drivesdk,image/jpeg,1909548,unsplash-pexels-pixabay,2026-02-25T00:14:49.805+05:30,,,,,,,,
8,1Ik1tu-2BQ3wSdn_rppx8b9AP-icED0go,1RkM_3fckbe8BBwT_Ev2NAHGMNw16OCcj,adult-agreement-beard-573565.jpg,https://drive.google.com/file/d/1RkM_3fckbe8BBwT_Ev2NAHGMNw16OCcj/view?usp=drivesdk,image/jpeg,2230576,unsplash-pexels-pixabay,2026-02-25T00:14:49.806+05:30,,,,,,,,
8,1Ik1tu-2BQ3wSdn_rppx8b9AP-icED0go,1YWCVkhubYcEOR_FTYFSSkXSP0Zo4UjLm,adult-african-descent-american-1345085.jpg,https://drive.google.com/file/d/1YWCVkhubYcEOR_FTYFSSkXSP0Zo4UjLm/view?usp=drivesdk,image/jpeg,1835092,unsplash-pexels-pixabay,2026-02-25T00:14:49.807+05:30,,,,,,,,
8,1Ik1tu-2BQ3wSdn_rppx8b9AP-icED0go,1WgYBBJYABs1h7Wc9EEg42hPY17qNSG2J,active-exercise-fit-1401796.jpg,https://drive.google.com/file/d/1WgYBBJYABs1h7Wc9EEg42hPY17qNSG2J/view?usp=drivesdk,image/jpeg,1086374,unsplash-pexels-pixabay,2026-02-25T00:14:49.808+05:30,,,,,,,,
8,1Ik1tu-2BQ3wSdn_rppx8b9AP-icED0go,1uBxGRHS1xOHqU8v_s09WN5dWc1YIpRfg,action-plan-brainstorming-complex-212286.jpg,https://drive.google.com/file/d/1uBxGRHS1xOHqU8v_s09WN5dWc1YIpRfg/view?usp=drivesdk,image/jpeg,2489378,unsplash-pexels-pixabay,2026-02-25T00:14:49.809+05:30,,,,,,,,
8,1Ik1tu-2BQ3wSdn_rppx8b9AP-icED0go,1dnV8OHUqyqWZUjsdU4knwBlnwwEdJ73V,action-automotive-cargo-container-590839.jpg,https://drive.google.com/file/d/1dnV8OHUqyqWZUjsdU4knwBlnwwEdJ73V/view?usp=drivesdk,image/jpeg,1420913,unsplash-pexels-pixabay,2026-02-25T00:14:49.810+05:30,,,,,,,,
8,1Ik1tu-2BQ3wSdn_rppx8b9AP-icED0go,1Hgk1PxYHCKCnBRPCU3N-lNbQzWCSTaVY,tablet-1616462_1920.jpg,https://drive.google.com/file/d/1Hgk1PxYHCKCnBRPCU3N-lNbQzWCSTaVY/view?usp=drivesdk,image/jpeg,457061,unsplash-pexels-pixabay,2026-02-25T00:14:49.811+05:30,,,,,,,,
8,1Ik1tu-2BQ3wSdn_rppx8b9AP-icED0go,1o8ogw40qovjlCZ_IOFMvdUjNcW1Ag23u,reception-2507752_1920.jpg,https://drive.google.com/file/d/1o8ogw40qovjlCZ_IOFMvdUjNcW1Ag23u/view?usp=drivesdk,image/jpeg,327686,unsplash-pexels-pixabay,2026-02-25T00:14:49.812+05:30,,,,,,,,
8,1Ik1tu-2BQ3wSdn_rppx8b9AP-icED0go,1R3KVZIPS2V709z1D3uUJApOwq-G_3COM,real-estate-516768_1920.jpg,https://drive.google.com/file/d/1R3KVZIPS2V709z1D3uUJApOwq-G_3COM/view?usp=drivesdk,image/jpeg,880111,unsplash-pexels-pixabay,2026-02-25T00:14:49.814+05:30,,,,,,,,
8,1Ik1tu-2BQ3wSdn_rppx8b9AP-icED0go,1NPn51TQHTtf_TYtZBtrr4S7L_GYxbaJw,accounting-business-close-up-1418347.jpg,https://drive.google.com/file/d/1NPn51TQHTtf_TYtZBtrr4S7L_GYxbaJw/view?usp=drivesdk,image/jpeg,1906597,unsplash-pexels-pixabay,2026-02-25T00:14:49.816+05:30,,,,,,,,
8,1Ik1tu-2BQ3wSdn_rppx8b9AP-icED0go,1h7MTH6jNVePfTrvpgcEfuwdD6Y2wM7EN,ransomware-2318381_1920.jpg,https://drive.google.com/file/d/1h7MTH6jNVePfTrvpgcEfuwdD6Y2wM7EN/view?usp=drivesdk,image/jpeg,180942,unsplash-pexels-pixabay,2026-02-25T00:14:49.817+05:30,,,,,,,,
8,1Ik1tu-2BQ3wSdn_rppx8b9AP-icED0go,1ARIK-JnRo6rQCkwvkz0MfQZLbZcoimx4,ransomware-2315203_1920.jpg,https://drive.google.com/file/d/1ARIK-JnRo6rQCkwvkz0MfQZLbZcoimx4/view?usp=drivesdk,image/jpeg,559425,unsplash-pexels-pixabay,2026-02-25T00:14:49.818+05:30,,,,,,,,
8,1Ik1tu-2BQ3wSdn_rppx8b9AP-icED0go,1bZ9bs1e8IJqEKN6PhNigvKMCQkMfmix5,puzzle-654963_1920.jpg,https://drive.google.com/file/d/1bZ9bs1e8IJqEKN6PhNigvKMCQkMfmix5/view?usp=drivesdk,image/jpeg,703948,unsplash-pexels-pixabay,2026-02-25T00:14:49.819+05:30,,,,,,,,
8,1Ik1tu-2BQ3wSdn_rppx8b9AP-icED0go,18HB9leBsAsCtxias4WPu2A0Po3LVYl2-,puzzle-1020386_1920.jpg,https://drive.google.com/file/d/18HB9leBsAsCtxias4WPu2A0Po3LVYl2-/view?usp=drivesdk,image/jpeg,104737,unsplash-pexels-pixabay,2026-02-25T00:14:49.820+05:30,,,,,,,,
8,1Ik1tu-2BQ3wSdn_rppx8b9AP-icED0go,1VB7IDqlYckIaXD8bhh2y3ePTj7VBtkkH,puzzle-1020002_1920.jpg,https://drive.google.com/file/d/1VB7IDqlYckIaXD8bhh2y3ePTj7VBtkkH/view?usp=drivesdk,image/jpeg,112627,unsplash-pexels-pixabay,2026-02-25T00:14:49.821+05:30,,,,,,,,
8,1Ik1tu-2BQ3wSdn_rppx8b9AP-icED0go,1nDjtrAA5YRXiwD6904_OWQQGx1YMIKyp,puzzle-1019751_1920.jpg,https://drive.google.com/file/d/1nDjtrAA5YRXiwD6904_OWQQGx1YMIKyp/view?usp=drivesdk,image/jpeg,155722,unsplash-pexels-pixabay,2026-02-25T00:14:49.822+05:30,,,,,,,,
8,1Ik1tu-2BQ3wSdn_rppx8b9AP-icED0go,1JG_-kCUiR2K_MN30BuCilHDpx-msW8wf,prison-703x422.jpg,https://drive.google.com/file/d/1JG_-kCUiR2K_MN30BuCilHDpx-msW8wf/view?usp=drivesdk,image/jpeg,21191,unsplash-pexels-pixabay,2026-02-25T00:14:49.823+05:30,,,,,,,,
8,1Ik1tu-2BQ3wSdn_rppx8b9AP-icED0go,1_G_wdI0sgnJqKipavSZajuwRc_2dfnFh,port-2467837_1920.jpg,https://drive.google.com/file/d/1_G_wdI0sgnJqKipavSZajuwRc_2dfnFh/view?usp=drivesdk,image/jpeg,678985,unsplash-pexels-pixabay,2026-02-25T00:14:49.824+05:30,,,,,,,,
8,1Ik1tu-2BQ3wSdn_rppx8b9AP-icED0go,1Y5nGOt71ZFvUfrzZe0RZ9HTj6G6cIjh4,police-2070771_1920.jpg,https://drive.google.com/file/d/1Y5nGOt71ZFvUfrzZe0RZ9HTj6G6cIjh4/view?usp=drivesdk,image/jpeg,706164,unsplash-pexels-pixabay,2026-02-25T00:14:49.825+05:30,,,,,,,,
8,1Ik1tu-2BQ3wSdn_rppx8b9AP-icED0go,1tZ9-7FxRZmrgZZsi3SbYuxtxCHPyRqCJ,plan-1725510_1920.jpg,https://drive.google.com/file/d/1tZ9-7FxRZmrgZZsi3SbYuxtxCHPyRqCJ/view?usp=drivesdk,image/jpeg,272809,unsplash-pexels-pixabay,2026-02-25T00:14:49.826+05:30,,,,,,,,
8,1Ik1tu-2BQ3wSdn_rppx8b9AP-icED0go,172y99uqx3fA-wuTiBsVE-QTx0XnkSnWK,peterbilt-2650184_1280.jpg,https://drive.google.com/file/d/172y99uqx3fA-wuTiBsVE-QTx0XnkSnWK/view?usp=drivesdk,image/jpeg,322338,unsplash-pexels-pixabay,2026-02-25T00:14:49.827+05:30,,,,,,,,
8,1Ik1tu-2BQ3wSdn_rppx8b9AP-icED0go,1ynXoFAx_viPN4EqHyr-K5x6sDKIOk6Vq,new-home-1530833_1920.jpg,https://drive.google.com/file/d/1ynXoFAx_viPN4EqHyr-K5x6sDKIOk6Vq/view?usp=drivesdk,image/jpeg,863419,unsplash-pexels-pixabay,2026-02-25T00:14:49.828+05:30,,,,,,,,
8,1Ik1tu-2BQ3wSdn_rppx8b9AP-icED0go,1p2usSB-GTTRXwVV_TMl9LBVu3i8rf6AB,office-1377047_1920.jpg,https://drive.google.com/file/d/1p2usSB-GTTRXwVV_TMl9LBVu3i8rf6AB/view?usp=drivesdk,image/jpeg,423617,unsplash-pexels-pixabay,2026-02-25T00:14:49.829+05:30,,,,,,,,
8,1Ik1tu-2BQ3wSdn_rppx8b9AP-icED0go,1380WqABzNFhbO-4TOb68RduAZ3Huh_ey,office-1209640_1920.jpg,https://drive.google.com/file/d/1380WqABzNFhbO-4TOb68RduAZ3Huh_ey/view?usp=drivesdk,image/jpeg,582749,unsplash-pexels-pixabay,2026-02-25T00:14:49.831+05:30,,,,,,,,
8,1Ik1tu-2BQ3wSdn_rppx8b9AP-icED0go,1jizsg1dSe4OxOYnG1ddfF4FYzBHiMdm0,accomplishment-agreement-business-1249158.jpg,https://drive.google.com/file/d/1jizsg1dSe4OxOYnG1ddfF4FYzBHiMdm0/view?usp=drivesdk,image/jpeg,1636613,unsplash-pexels-pixabay,2026-02-25T00:14:49.832+05:30,,,,,,,,
8,1Ik1tu-2BQ3wSdn_rppx8b9AP-icED0go,1cmAzWM3fB1hhQMIHvvx03ImUOZnuHs07,monitor-1307227_1920.jpg,https://drive.google.com/file/d/1cmAzWM3fB1hhQMIHvvx03ImUOZnuHs07/view?usp=drivesdk,image/jpeg,982644,unsplash-pexels-pixabay,2026-02-25T00:14:49.833+05:30,,,,,,,,
8,1Ik1tu-2BQ3wSdn_rppx8b9AP-icED0go,13pOkA6NzHTosQYGjL4OHYC3c4U3dh0FP,monitor-862111_1920.jpg,https://drive.google.com/file/d/13pOkA6NzHTosQYGjL4OHYC3c4U3dh0FP/view?usp=drivesdk,image/jpeg,522741,unsplash-pexels-pixabay,2026-02-25T00:14:49.834+05:30,,,,,,,,
8,1Ik1tu-2BQ3wSdn_rppx8b9AP-icED0go,1myH90fGX6qk7TSscgCrHXcnmO1fxnztL,money-2724235_1920.jpg,https://drive.google.com/file/d/1myH90fGX6qk7TSscgCrHXcnmO1fxnztL/view?usp=drivesdk,image/jpeg,373563,unsplash-pexels-pixabay,2026-02-25T00:14:49.836+05:30,,,,,,,,
8,1Ik1tu-2BQ3wSdn_rppx8b9AP-icED0go,1X5rlpMlKDx-c7DHHeYqz2ZIBmo4JU6cT,network-2402637_1280.jpg,https://drive.google.com/file/d/1X5rlpMlKDx-c7DHHeYqz2ZIBmo4JU6cT/view?usp=drivesdk,image/jpeg,180582,unsplash-pexels-pixabay,2026-02-25T00:14:49.836+05:30,,,,,,,,
8,1Ik1tu-2BQ3wSdn_rppx8b9AP-icED0go,1aS1avkNfTAAlOgr_wBh5QqlyHJdoQLmQ,medic-563423_1920.jpg,https://drive.google.com/file/d/1aS1avkNfTAAlOgr_wBh5QqlyHJdoQLmQ/view?usp=drivesdk,image/jpeg,455783,unsplash-pexels-pixabay,2026-02-25T00:14:49.838+05:30,,,,,,,,
8,1Ik1tu-2BQ3wSdn_rppx8b9AP-icED0go,1efFIVVRo9sGGsqnM63tzuWpagO_Iaoe1,medical-appointment-doctor-healthcare-40568.jpeg,https://drive.google.com/file/d/1efFIVVRo9sGGsqnM63tzuWpagO_Iaoe1/view?usp=drivesdk,image/jpeg,925350,unsplash-pexels-pixabay,2026-02-25T00:14:49.838+05:30,,,,,,,,
8,1Ik1tu-2BQ3wSdn_rppx8b9AP-icED0go,1S4eXItSTUb94lPFadSgdAzB-GwGVNOLG,logistics-852936_1920.jpg,https://drive.google.com/file/d/1S4eXItSTUb94lPFadSgdAzB-GwGVNOLG/view?usp=drivesdk,image/jpeg,930470,unsplash-pexels-pixabay,2026-02-25T00:14:49.839+05:30,,,,,,,,
8,1Ik1tu-2BQ3wSdn_rppx8b9AP-icED0go,1xM3GK1XN5sYUciPxG526Q7IEZJXQnjp1,lady-justice-2388500_1920.jpg,https://drive.google.com/file/d/1xM3GK1XN5sYUciPxG526Q7IEZJXQnjp1/view?usp=drivesdk,image/jpeg,767503,unsplash-pexels-pixabay,2026-02-25T00:14:49.840+05:30,,,,,,,,
8,1Ik1tu-2BQ3wSdn_rppx8b9AP-icED0go,1s1bLSrDrnNfuUYZUlkDBr175iv3qKb7S,justice-2071539_1920.jpg,https://drive.google.com/file/d/1s1bLSrDrnNfuUYZUlkDBr175iv3qKb7S/view?usp=drivesdk,image/jpeg,268711,unsplash-pexels-pixabay,2026-02-25T00:14:49.841+05:30,,,,,,,,
8,1Ik1tu-2BQ3wSdn_rppx8b9AP-icED0go,158qhvQwBF8ObrMmzNP1gdNanGB7Z9Ygu,jury-1041589_1920.jpg,https://drive.google.com/file/d/158qhvQwBF8ObrMmzNP1gdNanGB7Z9Ygu/view?usp=drivesdk,image/jpeg,552790,unsplash-pexels-pixabay,2026-02-25T00:14:49.842+05:30,,,,,,,,
8,1Ik1tu-2BQ3wSdn_rppx8b9AP-icED0go,1zccQIlKAldbagK9SXx0QKCQe5QRKsR8m,judge-1587300_1920.jpg,https://drive.google.com/file/d/1zccQIlKAldbagK9SXx0QKCQe5QRKsR8m/view?usp=drivesdk,image/jpeg,364570,unsplash-pexels-pixabay,2026-02-25T00:14:49.843+05:30,,,,,,,,
8,1Ik1tu-2BQ3wSdn_rppx8b9AP-icED0go,1_eAOjlHDvZsHzSjs7Bzu3kpVhkWfU34o,jigsaw-1758087_1920.jpg,https://drive.google.com/file/d/1_eAOjlHDvZsHzSjs7Bzu3kpVhkWfU34o/view?usp=drivesdk,image/jpeg,120378,unsplash-pexels-pixabay,2026-02-25T00:14:49.844+05:30,,,,,,,,
8,1Ik1tu-2BQ3wSdn_rppx8b9AP-icED0go,1Z9nHN_kphM9U1h9GEGt_IIchTgyz7QE9,human-skeleton-163715_1280.jpg,https://drive.google.com/file/d/1Z9nHN_kphM9U1h9GEGt_IIchTgyz7QE9/view?usp=drivesdk,image/jpeg,212601,unsplash-pexels-pixabay,2026-02-25T00:14:49.846+05:30,,,,,,,,
8,1Ik1tu-2BQ3wSdn_rppx8b9AP-icED0go,12bCUtrbFq6CDtuDbAVGBuZckISCOic52,head-4519964_1920.jpg,https://drive.google.com/file/d/12bCUtrbFq6CDtuDbAVGBuZckISCOic52/view?usp=drivesdk,image/jpeg,413561,unsplash-pexels-pixabay,2026-02-25T00:14:49.847+05:30,,,,,,,,
8,1Ik1tu-2BQ3wSdn_rppx8b9AP-icED0go,1MweXvAnOnGhH8J9zzTYq2mszyHFqt2RT,hands-718558_1920.jpg,https://drive.google.com/file/d/1MweXvAnOnGhH8J9zzTYq2mszyHFqt2RT/view?usp=drivesdk,image/jpeg,727317,unsplash-pexels-pixabay,2026-02-25T00:14:49.848+05:30,,,,,,,,
8,1Ik1tu-2BQ3wSdn_rppx8b9AP-icED0go,1KSoCkOmZj_zfpQc8V6_26aDTzc8xkWVl,workplace-1245776_1920.jpg,https://drive.google.com/file/d/1KSoCkOmZj_zfpQc8V6_26aDTzc8xkWVl/view?usp=drivesdk,image/jpeg,514088,unsplash-pexels-pixabay,2026-02-25T00:14:49.849+05:30,,,,,,,,
8,1Ik1tu-2BQ3wSdn_rppx8b9AP-icED0go,13-Hqk64Mk9Z0Ys7ZR3-43VbcOz6jbQay,hands-1063442_1920.jpg,https://drive.google.com/file/d/13-Hqk64Mk9Z0Ys7ZR3-43VbcOz6jbQay/view?usp=drivesdk,image/jpeg,752203,unsplash-pexels-pixabay,2026-02-25T00:14:49.850+05:30,,,,,,,,
8,1Ik1tu-2BQ3wSdn_rppx8b9AP-icED0go,1OfFQZrZn8dIbsmAJBhaa0x-YeApGCz_e,woman-3169680_1920.jpg,https://drive.google.com/file/d/1OfFQZrZn8dIbsmAJBhaa0x-YeApGCz_e/view?usp=drivesdk,image/jpeg,416987,unsplash-pexels-pixabay,2026-02-25T00:14:49.851+05:30,,,,,,,,
8,1Ik1tu-2BQ3wSdn_rppx8b9AP-icED0go,1Qvz88M-j3zY50yhCDs-1mzLC3Vfw3WHn,access-cell-phone-cellphone-955405.jpg,https://drive.google.com/file/d/1Qvz88M-j3zY50yhCDs-1mzLC3Vfw3WHn/view?usp=drivesdk,image/jpeg,2491625,unsplash-pexels-pixabay,2026-02-25T00:14:49.851+05:30,,,,,,,,
8,1Ik1tu-2BQ3wSdn_rppx8b9AP-icED0go,1fL_3wUthVuL2gP17smponUSJeh94TOma,ux-787980_1920.jpg,https://drive.google.com/file/d/1fL_3wUthVuL2gP17smponUSJeh94TOma/view?usp=drivesdk,image/jpeg,311188,unsplash-pexels-pixabay,2026-02-25T00:14:49.852+05:30,,,,,,,,
8,1Ik1tu-2BQ3wSdn_rppx8b9AP-icED0go,1FDQ8cHejClnQf6YLbZLmwlQ-g3CG1Ax-,usa-1485565_1920.jpg,https://drive.google.com/file/d/1FDQ8cHejClnQf6YLbZLmwlQ-g3CG1Ax-/view?usp=drivesdk,image/jpeg,485101,unsplash-pexels-pixabay,2026-02-25T00:14:49.853+05:30,,,,,,,,
8,1Ik1tu-2BQ3wSdn_rppx8b9AP-icED0go,10bAyP2gu-_P6OiuUzP2bDEf7GgWCsfFV,upgrade-3727076_1920.jpg,https://drive.google.com/file/d/10bAyP2gu-_P6OiuUzP2bDEf7GgWCsfFV/view?usp=drivesdk,image/jpeg,496239,unsplash-pexels-pixabay,2026-02-25T00:14:49.854+05:30,,,,,,,,
8,1Ik1tu-2BQ3wSdn_rppx8b9AP-icED0go,16PDKgEdcQxVPOHBERerQRXWBvIDEpRi2,trucks-2320435_1920.jpg,https://drive.google.com/file/d/16PDKgEdcQxVPOHBERerQRXWBvIDEpRi2/view?usp=drivesdk,image/jpeg,773950,unsplash-pexels-pixabay,2026-02-25T00:14:49.855+05:30,,,,,,,,
8,1Ik1tu-2BQ3wSdn_rppx8b9AP-icED0go,1zWWm-uGtY6sLOl01nL_mOKADerHj_uav,truck-2407264_1920.jpg,https://drive.google.com/file/d/1zWWm-uGtY6sLOl01nL_mOKADerHj_uav/view?usp=drivesdk,image/jpeg,363920,unsplash-pexels-pixabay,2026-02-25T00:14:49.856+05:30,,,,,,,,
8,1Ik1tu-2BQ3wSdn_rppx8b9AP-icED0go,1X5rkUZelJSKFdW3edk36F9BSMX7_4_ta,truck-1565478_1920.jpg,https://drive.google.com/file/d/1X5rkUZelJSKFdW3edk36F9BSMX7_4_ta/view?usp=drivesdk,image/jpeg,707016,unsplash-pexels-pixabay,2026-02-25T00:14:49.857+05:30,,,,,,,,
8,1Ik1tu-2BQ3wSdn_rppx8b9AP-icED0go,1cmztGp_cXGEYRcSwaOVr0kHOaBjDmGJN,truck-1501222_1920.jpg,https://drive.google.com/file/d/1cmztGp_cXGEYRcSwaOVr0kHOaBjDmGJN/view?usp=drivesdk,image/jpeg,551705,unsplash-pexels-pixabay,2026-02-25T00:14:49.858+05:30,,,,,,,,
8,1Ik1tu-2BQ3wSdn_rppx8b9AP-icED0go,1JJfUQKS_tUjv7xIJBA5imXjzaqhGEKtw,truck-1030846_1920.jpg,https://drive.google.com/file/d/1JJfUQKS_tUjv7xIJBA5imXjzaqhGEKtw/view?usp=drivesdk,image/jpeg,503892,unsplash-pexels-pixabay,2026-02-25T00:14:49.859+05:30,,,,,,,,
8,1Ik1tu-2BQ3wSdn_rppx8b9AP-icED0go,1M9ldhLqSWltV6UMyDZV7CnVZdowPfp9O,Transportation-1200x565.jpg,https://drive.google.com/file/d/1M9ldhLqSWltV6UMyDZV7CnVZdowPfp9O/view?usp=drivesdk,image/jpeg,87515,unsplash-pexels-pixabay,2026-02-25T00:14:49.860+05:30,,,,,,,,
8,1Ik1tu-2BQ3wSdn_rppx8b9AP-icED0go,10ghfNwcJZrJIiQj59Rfsbatfivi2hxR_,technology-3402365_1920.jpg,https://drive.google.com/file/d/10ghfNwcJZrJIiQj59Rfsbatfivi2hxR_/view?usp=drivesdk,image/jpeg,235004,unsplash-pexels-pixabay,2026-02-25T00:14:49.861+05:30,,,,,,,,
8,1Ik1tu-2BQ3wSdn_rppx8b9AP-icED0go,1LWWUuFeROuQ2XeasU-cFoNeWKWIOBfxl,tablet-1156-577-c.jpg,https://drive.google.com/file/d/1LWWUuFeROuQ2XeasU-cFoNeWKWIOBfxl/view?usp=drivesdk,image/jpeg,101456,unsplash-pexels-pixabay,2026-02-25T00:14:49.862+05:30,,,,,,,,
8,1Ik1tu-2BQ3wSdn_rppx8b9AP-icED0go,19TMKF6Tj7jcE3qHbxId1f235Pxkd8I0n,superhero-534120_1920.jpg,https://drive.google.com/file/d/19TMKF6Tj7jcE3qHbxId1f235Pxkd8I0n/view?usp=drivesdk,image/jpeg,426587,unsplash-pexels-pixabay,2026-02-25T00:14:49.862+05:30,,,,,,,,
8,1Ik1tu-2BQ3wSdn_rppx8b9AP-icED0go,1WhZBbgB2U70vS4FVclzYt73_KSw8-Cxd,student-849822_1920.jpg,https://drive.google.com/file/d/1WhZBbgB2U70vS4FVclzYt73_KSw8-Cxd/view?usp=drivesdk,image/jpeg,473739,unsplash-pexels-pixabay,2026-02-25T00:14:49.863+05:30,,,,,,,,
8,1Ik1tu-2BQ3wSdn_rppx8b9AP-icED0go,1oei4YGWviYrSvwcXTSpffThKcPM3UIlL,sparks-692122_1920.jpg,https://drive.google.com/file/d/1oei4YGWviYrSvwcXTSpffThKcPM3UIlL/view?usp=drivesdk,image/jpeg,775781,unsplash-pexels-pixabay,2026-02-25T00:14:49.864+05:30,,,,,,,,
8,1Ik1tu-2BQ3wSdn_rppx8b9AP-icED0go,1j9IAE55IuQgijisiU1bHZISvnx3Hv6bc,abstract-arrows-blur-394377.jpg,https://drive.google.com/file/d/1j9IAE55IuQgijisiU1bHZISvnx3Hv6bc/view?usp=drivesdk,image/jpeg,1654199,unsplash-pexels-pixabay,2026-02-25T00:14:49.865+05:30,,,,,,,,
8,1Ik1tu-2BQ3wSdn_rppx8b9AP-icED0go,1fmXe5fyHe9SBbZE5oosNt9IdiDfd4LYy,security-3759179_1920.jpg,https://drive.google.com/file/d/1fmXe5fyHe9SBbZE5oosNt9IdiDfd4LYy/view?usp=drivesdk,image/jpeg,627518,unsplash-pexels-pixabay,2026-02-25T00:14:49.866+05:30,,,,,,,,
8,1Ik1tu-2BQ3wSdn_rppx8b9AP-icED0go,1giVsOSeJEzbjNJZu5dzTBq1DCgOIvr97,shopping-4424344_1920.jpg,https://drive.google.com/file/d/1giVsOSeJEzbjNJZu5dzTBq1DCgOIvr97/view?usp=drivesdk,image/jpeg,137454,unsplash-pexels-pixabay,2026-02-25T00:14:49.867+05:30,,,,,,,,
8,1Ik1tu-2BQ3wSdn_rppx8b9AP-icED0go,1upgD8cEli8a3dzhp5BjJ8Rg2Dw3O_EFK,security-265130_1920.jpg,https://drive.google.com/file/d/1upgD8cEli8a3dzhp5BjJ8Rg2Dw3O_EFK/view?usp=drivesdk,image/jpeg,395609,unsplash-pexels-pixabay,2026-02-25T00:14:49.868+05:30,,,,,,,,
8,1Ik1tu-2BQ3wSdn_rppx8b9AP-icED0go,1eme49N5snNGy20J2Z_0gV4bFXMuntr5C,pexels-photo-70292.jpeg,https://drive.google.com/file/d/1eme49N5snNGy20J2Z_0gV4bFXMuntr5C/view?usp=drivesdk,image/jpeg,131833,unsplash-pexels-pixabay,2026-02-25T00:14:49.869+05:30,,,,,,,,
8,1Ik1tu-2BQ3wSdn_rppx8b9AP-icED0go,1zXFPWERYnBP4xHhSD27MEXeytAtf9O0G,pexels-photo-533189.jpeg,https://drive.google.com/file/d/1zXFPWERYnBP4xHhSD27MEXeytAtf9O0G/view?usp=drivesdk,image/jpeg,1011644,unsplash-pexels-pixabay,2026-02-25T00:14:49.870+05:30,,,,,,,,
8,1Ik1tu-2BQ3wSdn_rppx8b9AP-icED0go,1S4KMFihDU6BulX1PeNXYq_cpLjKI5lj1,geometric-1732847_1920.jpg,https://drive.google.com/file/d/1S4KMFihDU6BulX1PeNXYq_cpLjKI5lj1/view?usp=drivesdk,image/jpeg,253355,unsplash-pexels-pixabay,2026-02-25T00:14:49.871+05:30,,,,,,,,
8,1Ik1tu-2BQ3wSdn_rppx8b9AP-icED0go,1jh4WmqxkS-H60tSrfqLbrdJwJZOTPp7E,pexels-photo-267885.jpeg,https://drive.google.com/file/d/1jh4WmqxkS-H60tSrfqLbrdJwJZOTPp7E/view?usp=drivesdk,image/jpeg,741731,unsplash-pexels-pixabay,2026-02-25T00:14:49.872+05:30,,,,,,,,
8,1Ik1tu-2BQ3wSdn_rppx8b9AP-icED0go,1CoCDAhprKhKXNFRnXrH-luJJHZfJyiTd,IMG_22102018_112642_0.png,https://drive.google.com/file/d/1CoCDAhprKhKXNFRnXrH-luJJHZfJyiTd/view?usp=drivesdk,image/png,1006230,unsplash-pexels-pixabay,2026-02-25T00:14:49.873+05:30,,,,,,,,
8,1Ik1tu-2BQ3wSdn_rppx8b9AP-icED0go,1R-rnSQc4bAUbOlwTs5etSqn9oFxXSwF4,fingerprint-2904774_1920.jpg,https://drive.google.com/file/d/1R-rnSQc4bAUbOlwTs5etSqn9oFxXSwF4/view?usp=drivesdk,image/jpeg,329061,unsplash-pexels-pixabay,2026-02-25T00:14:49.875+05:30,,,,,,,,
8,1Ik1tu-2BQ3wSdn_rppx8b9AP-icED0go,1STjp331B8nVrKfVgQmmCW1wiXsn1eILe,download-1666700.jpg,https://drive.google.com/file/d/1STjp331B8nVrKfVgQmmCW1wiXsn1eILe/view?usp=drivesdk,image/jpeg,643086,unsplash-pexels-pixabay,2026-02-25T00:14:49.876+05:30,,,,,,,,
8,1Ik1tu-2BQ3wSdn_rppx8b9AP-icED0go,1WjpECmX_XuTT1ieWh-SDn8YzvoK-kOgL,ecommerce-2140603_1920.jpg,https://drive.google.com/file/d/1WjpECmX_XuTT1ieWh-SDn8YzvoK-kOgL/view?usp=drivesdk,image/jpeg,145340,unsplash-pexels-pixabay,2026-02-25T00:14:49.877+05:30,,,,,,,,
8,1Ik1tu-2BQ3wSdn_rppx8b9AP-icED0go,1bSu4UpZv7cdj-2egcS0wkCuSKEEb5fSx,e-commerce-1606962_1280.png,https://drive.google.com/file/d/1bSu4UpZv7cdj-2egcS0wkCuSKEEb5fSx/view?usp=drivesdk,image/png,57434,unsplash-pexels-pixabay,2026-02-25T00:14:49.878+05:30,,,,,,,,
8,1Ik1tu-2BQ3wSdn_rppx8b9AP-icED0go,1QnKmu08Airz1w84g2qvdyI3okDB-eLn0,digitization-2467331_1920.jpg,https://drive.google.com/file/d/1QnKmu08Airz1w84g2qvdyI3okDB-eLn0/view?usp=drivesdk,image/jpeg,377672,unsplash-pexels-pixabay,2026-02-25T00:14:49.880+05:30,,,,,,,,
8,1Ik1tu-2BQ3wSdn_rppx8b9AP-icED0go,1BXffhk3U6rqOV_MHZk6NPAT9ggE-RSmG,display-dummy-915135_1920.jpg,https://drive.google.com/file/d/1BXffhk3U6rqOV_MHZk6NPAT9ggE-RSmG/view?usp=drivesdk,image/jpeg,523552,unsplash-pexels-pixabay,2026-02-25T00:14:49.881+05:30,,,,,,,,
8,1Ik1tu-2BQ3wSdn_rppx8b9AP-icED0go,1K4vRM7Mh6QavxwQqDF4t_vIKG8QYFIwX,digitization-1599552_1920.jpg,https://drive.google.com/file/d/1K4vRM7Mh6QavxwQqDF4t_vIKG8QYFIwX/view?usp=drivesdk,image/jpeg,552508,unsplash-pexels-pixabay,2026-02-25T00:14:49.882+05:30,,,,,,,,
8,1Ik1tu-2BQ3wSdn_rppx8b9AP-icED0go,1zp5GyZXwwor5eyrS7_KZW6F0kKlQi3qs,abstract-angle-architecture-1005644.jpg,https://drive.google.com/file/d/1zp5GyZXwwor5eyrS7_KZW6F0kKlQi3qs/view?usp=drivesdk,image/jpeg,1341706,unsplash-pexels-pixabay,2026-02-25T00:14:49.883+05:30,,,,,,,,
8,1Ik1tu-2BQ3wSdn_rppx8b9AP-icED0go,16dsBN4eOxKrX1QABUug4jVUMXWKjOfBS,courtroom-898931_1920.jpg,https://drive.google.com/file/d/16dsBN4eOxKrX1QABUug4jVUMXWKjOfBS/view?usp=drivesdk,image/jpeg,589195,unsplash-pexels-pixabay,2026-02-25T00:14:49.884+05:30,,,,,,,,
8,1Ik1tu-2BQ3wSdn_rppx8b9AP-icED0go,1zP1kPQZOIyfuNJ-VC3v8oC6c4ehZcfoN,container-2018508_1920.jpg,https://drive.google.com/file/d/1zP1kPQZOIyfuNJ-VC3v8oC6c4ehZcfoN/view?usp=drivesdk,image/jpeg,632518,unsplash-pexels-pixabay,2026-02-25T00:14:49.885+05:30,,,,,,,,
8,1Ik1tu-2BQ3wSdn_rppx8b9AP-icED0go,13kEM0nfFBEZVr_AHvP81leUcgttuH0c2,consulting-3031678_1920.jpg,https://drive.google.com/file/d/13kEM0nfFBEZVr_AHvP81leUcgttuH0c2/view?usp=drivesdk,image/jpeg,260447,unsplash-pexels-pixabay,2026-02-25T00:14:49.885+05:30,,,,,,,,
8,1Ik1tu-2BQ3wSdn_rppx8b9AP-icED0go,1MbsZq1-OxdDpdd3K_rGVPb-nXvXhCojw,coaching-coders-coding-7374.jpg,https://drive.google.com/file/d/1MbsZq1-OxdDpdd3K_rGVPb-nXvXhCojw/view?usp=drivesdk,image/jpeg,509751,unsplash-pexels-pixabay,2026-02-25T00:14:49.886+05:30,,,,,,,,
8,1Ik1tu-2BQ3wSdn_rppx8b9AP-icED0go,1xPCMsfP-c9GsW6YRCxs5ayWAQSf4Wlv2,cloud-computing-2001090_1920.jpg,https://drive.google.com/file/d/1xPCMsfP-c9GsW6YRCxs5ayWAQSf4Wlv2/view?usp=drivesdk,image/jpeg,365476,unsplash-pexels-pixabay,2026-02-25T00:14:49.887+05:30,,,,,,,,
8,1Ik1tu-2BQ3wSdn_rppx8b9AP-icED0go,1KF-0N-YQZN2sUNkGJGGd05f9AJdQQJ7g,climber-984380_1920.jpg,https://drive.google.com/file/d/1KF-0N-YQZN2sUNkGJGGd05f9AJdQQJ7g/view?usp=drivesdk,image/jpeg,517726,unsplash-pexels-pixabay,2026-02-25T00:14:49.888+05:30,,,,,,,,
8,1Ik1tu-2BQ3wSdn_rppx8b9AP-icED0go,1E0OgQlKAa_BPZcqWQwWZs6aYyRUJz1a1,cloud-3625053_1920.jpg,https://drive.google.com/file/d/1E0OgQlKAa_BPZcqWQwWZs6aYyRUJz1a1/view?usp=drivesdk,image/jpeg,543756,unsplash-pexels-pixabay,2026-02-25T00:14:49.889+05:30,,,,,,,,
8,1Ik1tu-2BQ3wSdn_rppx8b9AP-icED0go,1GtY18MwOCcHjFPXuMBW99XRK_vrfYFWr,cloud-2104829_1920.jpg,https://drive.google.com/file/d/1GtY18MwOCcHjFPXuMBW99XRK_vrfYFWr/view?usp=drivesdk,image/jpeg,214045,unsplash-pexels-pixabay,2026-02-25T00:14:49.890+05:30,,,,,,,,
8,1Ik1tu-2BQ3wSdn_rppx8b9AP-icED0go,11thybHmgLqHChep--y1mvvkTWB6ccitM,castle-538722_1920.jpg,https://drive.google.com/file/d/11thybHmgLqHChep--y1mvvkTWB6ccitM/view?usp=drivesdk,image/jpeg,292168,unsplash-pexels-pixabay,2026-02-25T00:14:49.891+05:30,,,,,,,,
8,1Ik1tu-2BQ3wSdn_rppx8b9AP-icED0go,17BeFZPNyfAMHJYKRPdPhbYff6XDj8d-X,castle-3415423_1920.jpg,https://drive.google.com/file/d/17BeFZPNyfAMHJYKRPdPhbYff6XDj8d-X/view?usp=drivesdk,image/jpeg,643427,unsplash-pexels-pixabay,2026-02-25T00:14:49.892+05:30,,,,,,,,
8,1Ik1tu-2BQ3wSdn_rppx8b9AP-icED0go,1Ysm82Biq-Ji5xgKkSmcD8Vtyodmh-uyv,businessman-3105873_1920.jpg,https://drive.google.com/file/d/1Ysm82Biq-Ji5xgKkSmcD8Vtyodmh-uyv/view?usp=drivesdk,image/jpeg,241703,unsplash-pexels-pixabay,2026-02-25T00:14:49.893+05:30,,,,,,,,
8,1Ik1tu-2BQ3wSdn_rppx8b9AP-icED0go,1oUse11hqn28kvUk-rZH6Uatq4icL3YPB,business-coming-soon-computer-211122.jpg,https://drive.google.com/file/d/1oUse11hqn28kvUk-rZH6Uatq4icL3YPB/view?usp=drivesdk,image/jpeg,1003570,unsplash-pexels-pixabay,2026-02-25T00:14:49.894+05:30,,,,,,,,
8,1Ik1tu-2BQ3wSdn_rppx8b9AP-icED0go,1khH03Cpqt-s-uW7E1YCMnjLnyC5TNQ_h,business-path-upward-keyhole.jpg,https://drive.google.com/file/d/1khH03Cpqt-s-uW7E1YCMnjLnyC5TNQ_h/view?usp=drivesdk,image/jpeg,341728,unsplash-pexels-pixabay,2026-02-25T00:14:49.895+05:30,,,,,,,,
8,1Ik1tu-2BQ3wSdn_rppx8b9AP-icED0go,1U9j8SpCLlW9FcDfmcIroW306pySTS2zF,20-fenchurch-street-architecture-business-34092.jpg,https://drive.google.com/file/d/1U9j8SpCLlW9FcDfmcIroW306pySTS2zF/view?usp=drivesdk,image/jpeg,2790032,unsplash-pexels-pixabay,2026-02-25T00:14:49.896+05:30,,,,,,,,
8,1Ik1tu-2BQ3wSdn_rppx8b9AP-icED0go,1OqUYJgcuDL-49et3K-KUpY1FdwRVpajH,business-chart-charts-920116.jpg,https://drive.google.com/file/d/1OqUYJgcuDL-49et3K-KUpY1FdwRVpajH/view?usp=drivesdk,image/jpeg,508570,unsplash-pexels-pixabay,2026-02-25T00:14:49.897+05:30,,,,,,,,
8,1Ik1tu-2BQ3wSdn_rppx8b9AP-icED0go,10AJzXE6q9uvI2Cr5IJqqVDaNDPRYMpxN,business-3370832_1920.jpg,https://drive.google.com/file/d/10AJzXE6q9uvI2Cr5IJqqVDaNDPRYMpxN/view?usp=drivesdk,image/jpeg,672380,unsplash-pexels-pixabay,2026-02-25T00:14:49.898+05:30,,,,,,,,
8,1Ik1tu-2BQ3wSdn_rppx8b9AP-icED0go,1ceEveFPLn7KNtGP3AOtQyfxjEjGnmagD,bus-2690793_1280.jpg,https://drive.google.com/file/d/1ceEveFPLn7KNtGP3AOtQyfxjEjGnmagD/view?usp=drivesdk,image/jpeg,256225,unsplash-pexels-pixabay,2026-02-25T00:14:49.899+05:30,,,,,,,,
8,1Ik1tu-2BQ3wSdn_rppx8b9AP-icED0go,1uZMAvaaIvsUhPQcEJYLpGfXEuiZNwfok,business-1031754_1920.jpg,https://drive.google.com/file/d/1uZMAvaaIvsUhPQcEJYLpGfXEuiZNwfok/view?usp=drivesdk,image/jpeg,271061,unsplash-pexels-pixabay,2026-02-25T00:14:49.900+05:30,,,,,,,,
8,1Ik1tu-2BQ3wSdn_rppx8b9AP-icED0go,1zBU85dxCO6dWroVRyCAat6ODzmt-UMFU,Braille-Neue-hed.jpg,https://drive.google.com/file/d/1zBU85dxCO6dWroVRyCAat6ODzmt-UMFU/view?usp=drivesdk,image/jpeg,220495,unsplash-pexels-pixabay,2026-02-25T00:14:49.902+05:30,,,,,,,,
8,1Ik1tu-2BQ3wSdn_rppx8b9AP-icED0go,17BTZTZa9IpDXZpKzmprDj2QPX1P6itNp,blurred-background-coffee-cup-computer-908284.jpg,https://drive.google.com/file/d/17BTZTZa9IpDXZpKzmprDj2QPX1P6itNp/view?usp=drivesdk,image/jpeg,308658,unsplash-pexels-pixabay,2026-02-25T00:14:49.903+05:30,,,,,,,,
8,1Ik1tu-2BQ3wSdn_rppx8b9AP-icED0go,11a7B5MdVRxbs9Iivs0_nfH9u5CGSUb4-,background-2687925_1920.jpg,https://drive.google.com/file/d/11a7B5MdVRxbs9Iivs0_nfH9u5CGSUb4-/view?usp=drivesdk,image/jpeg,464537,unsplash-pexels-pixabay,2026-02-25T00:14:49.905+05:30,,,,,,,,
8,1Ik1tu-2BQ3wSdn_rppx8b9AP-icED0go,1PXJahjp5VpQ9JjPnRoMMoLzyRuSeCsUO,background-2462427_1920.jpg,https://drive.google.com/file/d/1PXJahjp5VpQ9JjPnRoMMoLzyRuSeCsUO/view?usp=drivesdk,image/jpeg,294073,unsplash-pexels-pixabay,2026-02-25T00:14:49.906+05:30,,,,,,,,
8,1Ik1tu-2BQ3wSdn_rppx8b9AP-icED0go,1pMEHqr7G5nMBxydtm1D7oQ8TNPdtmpAz,avi-richards-Z3ownETsdNQ-unsplash.jpg,https://drive.google.com/file/d/1pMEHqr7G5nMBxydtm1D7oQ8TNPdtmpAz/view?usp=drivesdk,image/jpeg,808946,unsplash-pexels-pixabay,2026-02-25T00:14:49.908+05:30,,,,,,,,
8,1Ik1tu-2BQ3wSdn_rppx8b9AP-icED0go,1HqgMqYFlcR4jmw-saHtqOOIMNlpOVmq5,arrows-box-business-533189.jpg,https://drive.google.com/file/d/1HqgMqYFlcR4jmw-saHtqOOIMNlpOVmq5/view?usp=drivesdk,image/jpeg,782725,unsplash-pexels-pixabay,2026-02-25T00:14:49.909+05:30,,,,,,,,
8,1Ik1tu-2BQ3wSdn_rppx8b9AP-icED0go,1sgPxSkHO-lEKAIDc7tY3YnSzBywYvLFi,arms-black-and-white-blood-pressure-968244.jpg,https://drive.google.com/file/d/1sgPxSkHO-lEKAIDc7tY3YnSzBywYvLFi/view?usp=drivesdk,image/jpeg,660666,unsplash-pexels-pixabay,2026-02-25T00:14:49.911+05:30,,,,,,,,
8,1Ik1tu-2BQ3wSdn_rppx8b9AP-icED0go,1IVxDb5WAgM3vbC0FGOG86aRV_e9ubtec,architecture-768432_1920.jpg,https://drive.google.com/file/d/1IVxDb5WAgM3vbC0FGOG86aRV_e9ubtec/view?usp=drivesdk,image/jpeg,964937,unsplash-pexels-pixabay,2026-02-25T00:14:49.912+05:30,,,,,,,,
8,1Ik1tu-2BQ3wSdn_rppx8b9AP-icED0go,1kjk7_HGi57HXiAj3GFl8QMHj7rZDf7oj,architecture-2186812_1920.jpg,https://drive.google.com/file/d/1kjk7_HGi57HXiAj3GFl8QMHj7rZDf7oj/view?usp=drivesdk,image/jpeg,621093,unsplash-pexels-pixabay,2026-02-25T00:14:49.914+05:30,,,,,,,,
8,1Ik1tu-2BQ3wSdn_rppx8b9AP-icED0go,1K-JqyvWmYb7Je4DAwgR1UU_ehvIO5ep9,analysis-1841158_1920.jpg,https://drive.google.com/file/d/1K-JqyvWmYb7Je4DAwgR1UU_ehvIO5ep9/view?usp=drivesdk,image/jpeg,643543,unsplash-pexels-pixabay,2026-02-25T00:14:49.915+05:30,,,,,,,,
8,1Ik1tu-2BQ3wSdn_rppx8b9AP-icED0go,1nXO2u2gEnfYt-beArAO8hjmkqUIzct-6,analysis-business-businesswoman-955447.jpg,https://drive.google.com/file/d/1nXO2u2gEnfYt-beArAO8hjmkqUIzct-6/view?usp=drivesdk,image/jpeg,298757,unsplash-pexels-pixabay,2026-02-25T00:14:49.917+05:30,,,,,,,,
8,1Ik1tu-2BQ3wSdn_rppx8b9AP-icED0go,1a9r4WrOWyEcrNtQeipjSnBuOsI9sjHcu,analytics-3088958_1920.jpg,https://drive.google.com/file/d/1a9r4WrOWyEcrNtQeipjSnBuOsI9sjHcu/view?usp=drivesdk,image/jpeg,597393,unsplash-pexels-pixabay,2026-02-25T00:14:49.918+05:30,,,,,,,,
8,1Ik1tu-2BQ3wSdn_rppx8b9AP-icED0go,1h_mIVj4Kz_KhtrQplwAOaxNmrkG8cdx8,application-development6.jpg,https://drive.google.com/file/d/1h_mIVj4Kz_KhtrQplwAOaxNmrkG8cdx8/view?usp=drivesdk,image/jpeg,258483,unsplash-pexels-pixabay,2026-02-25T00:14:49.920+05:30,,,,,,,,
8,1Ik1tu-2BQ3wSdn_rppx8b9AP-icED0go,10DMEyCs5QjTTZmRwF80HfJ5yYbgnMciA,analysis-blackboard-board-355952.jpg,https://drive.google.com/file/d/10DMEyCs5QjTTZmRwF80HfJ5yYbgnMciA/view?usp=drivesdk,image/jpeg,786219,unsplash-pexels-pixabay,2026-02-25T00:14:49.922+05:30,,,,,,,,
8,1Ik1tu-2BQ3wSdn_rppx8b9AP-icED0go,1CgaXYM0w8aiyLfT2a8xSvKCxNpWkQWoH,action-adults-business-926984.jpg,https://drive.google.com/file/d/1CgaXYM0w8aiyLfT2a8xSvKCxNpWkQWoH/view?usp=drivesdk,image/jpeg,854318,unsplash-pexels-pixabay,2026-02-25T00:14:49.923+05:30,,,,,,,,
8,1Ik1tu-2BQ3wSdn_rppx8b9AP-icED0go,1LH2Wt5xkUJ0id8Us0SlpttyZS4XDHuzc,cyber-3328371.png,https://drive.google.com/file/d/1LH2Wt5xkUJ0id8Us0SlpttyZS4XDHuzc/view?usp=drivesdk,image/png,1306532,unsplash-pexels-pixabay,2026-02-25T00:14:49.925+05:30,,,,,,,,
8,1Ik1tu-2BQ3wSdn_rppx8b9AP-icED0go,1kUaYw5aQrfAJ9YH9KziPUvy-ZPxv0-jM,abstract-attractive-backdrop-988872.jpg,https://drive.google.com/file/d/1kUaYw5aQrfAJ9YH9KziPUvy-ZPxv0-jM/view?usp=drivesdk,image/jpeg,905911,unsplash-pexels-pixabay,2026-02-25T00:14:49.927+05:30,,,,,,,,
8,1Ik1tu-2BQ3wSdn_rppx8b9AP-icED0go,1laKPcaBFpq1e_AdvbE_JldL7HmoVeNcL,agenda-analysis-business-990818.jpg,https://drive.google.com/file/d/1laKPcaBFpq1e_AdvbE_JldL7HmoVeNcL/view?usp=drivesdk,image/jpeg,1036964,unsplash-pexels-pixabay,2026-02-25T00:14:49.929+05:30,,,,,,,,
8,1Ik1tu-2BQ3wSdn_rppx8b9AP-icED0go,1utTYz1T_F4XvnP3BGP_B0cvSaLmqkd9r,adult-african-descent-analysis-1549000.jpg,https://drive.google.com/file/d/1utTYz1T_F4XvnP3BGP_B0cvSaLmqkd9r/view?usp=drivesdk,image/jpeg,1029601,unsplash-pexels-pixabay,2026-02-25T00:14:49.929+05:30,,,,,,,,
8,1Ik1tu-2BQ3wSdn_rppx8b9AP-icED0go,1H5aFwRWcZxCvhKeWuMn2Z-Swj3e1hMPu,agreement-business-clapping-990817.jpg,https://drive.google.com/file/d/1H5aFwRWcZxCvhKeWuMn2Z-Swj3e1hMPu/view?usp=drivesdk,image/jpeg,831392,unsplash-pexels-pixabay,2026-02-25T00:14:49.930+05:30,,,,,,,,
8,1Ik1tu-2BQ3wSdn_rppx8b9AP-icED0go,1aGGIVw4Gz1diAy9dTg1skDmJRP2X-9Ru,action-balls-black-and-white-60582.jpg,https://drive.google.com/file/d/1aGGIVw4Gz1diAy9dTg1skDmJRP2X-9Ru/view?usp=drivesdk,image/jpeg,826413,unsplash-pexels-pixabay,2026-02-25T00:14:49.931+05:30,,,,,,,,
8,1Ik1tu-2BQ3wSdn_rppx8b9AP-icED0go,1-tuvWXxY_L1fi16_-YrZN20unXovbRV9,adult-backlit-beach-1000445.jpg,https://drive.google.com/file/d/1-tuvWXxY_L1fi16_-YrZN20unXovbRV9/view?usp=drivesdk,image/jpeg,588789,unsplash-pexels-pixabay,2026-02-25T00:14:49.932+05:30,,,,,,,,
8,1Ik1tu-2BQ3wSdn_rppx8b9AP-icED0go,1V7tSsiTbKYp2wVl9T7ep3A3QmkTUmWNN,accounting-alone-analysis-938963.jpg,https://drive.google.com/file/d/1V7tSsiTbKYp2wVl9T7ep3A3QmkTUmWNN/view?usp=drivesdk,image/jpeg,529262,unsplash-pexels-pixabay,2026-02-25T00:14:49.933+05:30,,,,,,,,
8,1Ik1tu-2BQ3wSdn_rppx8b9AP-icED0go,1Thp30riFcAP-HY90HfhOFlpkuX4_i5wU,accounting-achievement-aerial-1043506.jpg,https://drive.google.com/file/d/1Thp30riFcAP-HY90HfhOFlpkuX4_i5wU/view?usp=drivesdk,image/jpeg,286468,unsplash-pexels-pixabay,2026-02-25T00:14:49.934+05:30,,,,,,,,
8,1Ik1tu-2BQ3wSdn_rppx8b9AP-icED0go,1-RQk350o3_hHu4tWUfqQOSZb8YDtvQyx,cloud-based-school-visitor-management-application--1280x720.png,https://drive.google.com/file/d/1-RQk350o3_hHu4tWUfqQOSZb8YDtvQyx/view?usp=drivesdk,image/png,836620,unsplash-pexels-pixabay,2026-02-25T00:14:49.936+05:30,,,,,,,,
9,1S6I97XZHgQCOU7sSTRvSs93008BFkFBP,15ruAcvcfYnTFtoU6b1wWxv_GLtVmW7rr,Depositphotos_547488614_XL.jpg,https://drive.google.com/file/d/15ruAcvcfYnTFtoU6b1wWxv_GLtVmW7rr/view?usp=drivesdk,image/jpeg,13808241,deposit,2026-02-25T00:14:49.937+05:30,,,,,,,,
9,1S6I97XZHgQCOU7sSTRvSs93008BFkFBP,1hhluVUaV1Dt3vDdbXyNK08FHxOLtX-9d,Depositphotos_271354346_XL.jpg,https://drive.google.com/file/d/1hhluVUaV1Dt3vDdbXyNK08FHxOLtX-9d/view?usp=drivesdk,image/jpeg,11969513,deposit,2026-02-25T00:14:49.939+05:30,,,,,,,,
9,1S6I97XZHgQCOU7sSTRvSs93008BFkFBP,1xcP9SXWSEmni1QRv_Aq-ibas6euaZb2i,Depositphotos_206990992_XL.jpg,https://drive.google.com/file/d/1xcP9SXWSEmni1QRv_Aq-ibas6euaZb2i/view?usp=drivesdk,image/jpeg,14470344,deposit,2026-02-25T00:14:49.941+05:30,,,,,,,,
9,1S6I97XZHgQCOU7sSTRvSs93008BFkFBP,1Y21eWhYZi3NoN_6AcpJUhk_1LbIJjWXW,Depositphotos_195745476_xl-2015.jpg,https://drive.google.com/file/d/1Y21eWhYZi3NoN_6AcpJUhk_1LbIJjWXW/view?usp=drivesdk,image/jpeg,11796673,deposit,2026-02-25T00:14:49.944+05:30,,,,,,,,
9,1S6I97XZHgQCOU7sSTRvSs93008BFkFBP,1aZTOeJ01xTslJNqQjzuWOMcsInjSNuVE,Depositphotos_141817560_original.jpg,https://drive.google.com/file/d/1aZTOeJ01xTslJNqQjzuWOMcsInjSNuVE/view?usp=drivesdk,image/jpeg,13694334,deposit,2026-02-25T00:14:49.945+05:30,,,,,,,,
9,1S6I97XZHgQCOU7sSTRvSs93008BFkFBP,1njGJ1KaZfULdhuLhgNoFUTkDLXeNfSpc,Depositphotos_91770186_xl-2015.jpg,https://drive.google.com/file/d/1njGJ1KaZfULdhuLhgNoFUTkDLXeNfSpc/view?usp=drivesdk,image/jpeg,13551788,deposit,2026-02-25T00:14:49.946+05:30,,,,,,,,
9,1S6I97XZHgQCOU7sSTRvSs93008BFkFBP,1pJhrDPAjqb1AJuF6E0Xlej2ltPFsFU1M,Depositphotos_115155996_xl-2015.jpg,https://drive.google.com/file/d/1pJhrDPAjqb1AJuF6E0Xlej2ltPFsFU1M/view?usp=drivesdk,image/jpeg,11987693,deposit,2026-02-25T00:14:49.947+05:30,,,,,,,,
9,1S6I97XZHgQCOU7sSTRvSs93008BFkFBP,1aQRjleApvCNYUzfP-6R8riXa528FlIpp,Depositphotos_90291142_xl-2015.jpg,https://drive.google.com/file/d/1aQRjleApvCNYUzfP-6R8riXa528FlIpp/view?usp=drivesdk,image/jpeg,12198521,deposit,2026-02-25T00:14:49.948+05:30,,,,,,,,
9,1S6I97XZHgQCOU7sSTRvSs93008BFkFBP,1RagdytZoaItDRyHZaXGuyxx39GEjpQmM,Depositphotos_99285096_xl-2015.jpg,https://drive.google.com/file/d/1RagdytZoaItDRyHZaXGuyxx39GEjpQmM/view?usp=drivesdk,image/jpeg,3569399,deposit,2026-02-25T00:14:49.949+05:30,,,,,,,,
9,1S6I97XZHgQCOU7sSTRvSs93008BFkFBP,1IeywHPM0Uw15Bf2vqIzzgc2wKJ-bozm7,Depositphotos_74599325_original.jpg,https://drive.google.com/file/d/1IeywHPM0Uw15Bf2vqIzzgc2wKJ-bozm7/view?usp=drivesdk,image/jpeg,7906680,deposit,2026-02-25T00:14:49.950+05:30,,,,,,,,
9,1S6I97XZHgQCOU7sSTRvSs93008BFkFBP,15595jeZLSWKaGupQoVf4zl7Vq7BAhVj3,Depositphotos_75318463_xl-2015.jpg,https://drive.google.com/file/d/15595jeZLSWKaGupQoVf4zl7Vq7BAhVj3/view?usp=drivesdk,image/jpeg,1983434,deposit,2026-02-25T00:14:49.950+05:30,,,,,,,,
9,1S6I97XZHgQCOU7sSTRvSs93008BFkFBP,1PfywnF3aZEWHx3morPAvpqt8pYw2-dUn,Depositphotos_6691831_XL.jpg,https://drive.google.com/file/d/1PfywnF3aZEWHx3morPAvpqt8pYw2-dUn/view?usp=drivesdk,image/jpeg,4530944,deposit,2026-02-25T00:14:49.951+05:30,,,,,,,,
9,1S6I97XZHgQCOU7sSTRvSs93008BFkFBP,1XNBloKoo96ympfXBjOkbCLa8S1cX4J_d,Depositphotos_58435735_original.jpg,https://drive.google.com/file/d/1XNBloKoo96ympfXBjOkbCLa8S1cX4J_d/view?usp=drivesdk,image/jpeg,5327932,deposit,2026-02-25T00:14:49.952+05:30,,,,,,,,
9,1S6I97XZHgQCOU7sSTRvSs93008BFkFBP,1As6EXAi4kkVREPJuNCP6UrYH9XbJG6us,Depositphotos_536047248_XL.jpg,https://drive.google.com/file/d/1As6EXAi4kkVREPJuNCP6UrYH9XbJG6us/view?usp=drivesdk,image/jpeg,9715867,deposit,2026-02-25T00:14:49.953+05:30,,,,,,,,
9,1S6I97XZHgQCOU7sSTRvSs93008BFkFBP,1tiyLOB0865-qRvJhT6RjnNuZzbXnZ0ca,Depositphotos_53344869_xl-2015.jpg,https://drive.google.com/file/d/1tiyLOB0865-qRvJhT6RjnNuZzbXnZ0ca/view?usp=drivesdk,image/jpeg,2539417,deposit,2026-02-25T00:14:49.954+05:30,,,,,,,,
9,1S6I97XZHgQCOU7sSTRvSs93008BFkFBP,1kxP37nk1ibnYgH5Qbx83PKxTGxQdeFr4,Depositphotos_422997638_XL.jpg,https://drive.google.com/file/d/1kxP37nk1ibnYgH5Qbx83PKxTGxQdeFr4/view?usp=drivesdk,image/jpeg,2300264,deposit,2026-02-25T00:14:49.955+05:30,,,,,,,,
9,1S6I97XZHgQCOU7sSTRvSs93008BFkFBP,1tF1EOHAQyAV_3sObhTREp3QzdIECKFAk,Depositphotos_4014503_xl-2015.jpg,https://drive.google.com/file/d/1tF1EOHAQyAV_3sObhTREp3QzdIECKFAk/view?usp=drivesdk,image/jpeg,2620004,deposit,2026-02-25T00:14:49.956+05:30,,,,,,,,
9,1S6I97XZHgQCOU7sSTRvSs93008BFkFBP,1tRO_tbVPcHIeHwPxYKXFpU1lKFQ093-Q,Depositphotos_39266619_original.jpg,https://drive.google.com/file/d/1tRO_tbVPcHIeHwPxYKXFpU1lKFQ093-Q/view?usp=drivesdk,image/jpeg,8662098,deposit,2026-02-25T00:14:49.957+05:30,,,,,,,,
9,1S6I97XZHgQCOU7sSTRvSs93008BFkFBP,1jSdbOAeYEh40s_xV_IsTWLMHz753C7vJ,Depositphotos_372903326_XL.jpg,https://drive.google.com/file/d/1jSdbOAeYEh40s_xV_IsTWLMHz753C7vJ/view?usp=drivesdk,image/jpeg,7925044,deposit,2026-02-25T00:14:49.958+05:30,,,,,,,,
9,1S6I97XZHgQCOU7sSTRvSs93008BFkFBP,1achxODwKzq2YVcczkG7tCETdBBhAZCDL,Depositphotos_250060570_XL.jpg,https://drive.google.com/file/d/1achxODwKzq2YVcczkG7tCETdBBhAZCDL/view?usp=drivesdk,image/jpeg,9721925,deposit,2026-02-25T00:14:49.959+05:30,,,,,,,,
9,1S6I97XZHgQCOU7sSTRvSs93008BFkFBP,1q1c9iqEdI5ggLPsqz8HMr4ku4uArW-xu,Depositphotos_242699012_XL.jpg,https://drive.google.com/file/d/1q1c9iqEdI5ggLPsqz8HMr4ku4uArW-xu/view?usp=drivesdk,image/jpeg,3276030,deposit,2026-02-25T00:14:49.960+05:30,,,,,,,,
9,1S6I97XZHgQCOU7sSTRvSs93008BFkFBP,1NTo7adj2zDYG9VuStilWeTjm7mOeJB8c,Depositphotos_239053322_xl-2015.jpg,https://drive.google.com/file/d/1NTo7adj2zDYG9VuStilWeTjm7mOeJB8c/view?usp=drivesdk,image/jpeg,7592556,deposit,2026-02-25T00:14:49.961+05:30,,,,,,,,
9,1S6I97XZHgQCOU7sSTRvSs93008BFkFBP,1BiHj0mkGRT6HLMbsKMEuu2drTcHgKFtP,Depositphotos_21813679_original.jpg,https://drive.google.com/file/d/1BiHj0mkGRT6HLMbsKMEuu2drTcHgKFtP/view?usp=drivesdk,image/jpeg,6282223,deposit,2026-02-25T00:14:49.962+05:30,,,,,,,,
9,1S6I97XZHgQCOU7sSTRvSs93008BFkFBP,1IgaJmUs30cg-e1_01hVxZG4hVp2L9wte,Depositphotos_196650784_XL.jpg,https://drive.google.com/file/d/1IgaJmUs30cg-e1_01hVxZG4hVp2L9wte/view?usp=drivesdk,image/jpeg,3690197,deposit,2026-02-25T00:14:49.963+05:30,,,,,,,,
9,1S6I97XZHgQCOU7sSTRvSs93008BFkFBP,18FHfRrWNlxnGxmo87Y0QCdxMBKUCZl2s,Depositphotos_191571306_xl-2015.jpg,https://drive.google.com/file/d/18FHfRrWNlxnGxmo87Y0QCdxMBKUCZl2s/view?usp=drivesdk,image/jpeg,7234139,deposit,2026-02-25T00:14:49.964+05:30,,,,,,,,
9,1S6I97XZHgQCOU7sSTRvSs93008BFkFBP,1REeXlGdM66OuAhmQjnj7un6ST4zudcYm,Depositphotos_1908512_xl-2015.jpg,https://drive.google.com/file/d/1REeXlGdM66OuAhmQjnj7un6ST4zudcYm/view?usp=drivesdk,image/jpeg,2989294,deposit,2026-02-25T00:14:49.965+05:30,,,,,,,,
9,1S6I97XZHgQCOU7sSTRvSs93008BFkFBP,1sW_gVqrQjxEjLpa3N73VKMmKmrsEk5Ee,Depositphotos_16361363_xl-2015.jpg,https://drive.google.com/file/d/1sW_gVqrQjxEjLpa3N73VKMmKmrsEk5Ee/view?usp=drivesdk,image/jpeg,4001720,deposit,2026-02-25T00:14:49.966+05:30,,,,,,,,
9,1S6I97XZHgQCOU7sSTRvSs93008BFkFBP,12MzBJpgK9NYurJGfsc5LY9Zd8lf9BBLf,Depositphotos_154010750_XL.jpg,https://drive.google.com/file/d/12MzBJpgK9NYurJGfsc5LY9Zd8lf9BBLf/view?usp=drivesdk,image/jpeg,6920624,deposit,2026-02-25T00:14:49.967+05:30,,,,,,,,
9,1S6I97XZHgQCOU7sSTRvSs93008BFkFBP,1XVNmy8I2MSrg4_-tSMwYZrxZIaujB7na,Depositphotos_137223072_original.jpg,https://drive.google.com/file/d/1XVNmy8I2MSrg4_-tSMwYZrxZIaujB7na/view?usp=drivesdk,image/jpeg,9490317,deposit,2026-02-25T00:14:49.968+05:30,,,,,,,,
9,1S6I97XZHgQCOU7sSTRvSs93008BFkFBP,1k2DhkumO5fQiUm8VXGTuQ34lBA_Bk-7o,Depositphotos_13006153_original.jpg,https://drive.google.com/file/d/1k2DhkumO5fQiUm8VXGTuQ34lBA_Bk-7o/view?usp=drivesdk,image/jpeg,4677033,deposit,2026-02-25T00:14:49.969+05:30,,,,,,,,
9,1S6I97XZHgQCOU7sSTRvSs93008BFkFBP,1Qv5QE8XSQlLQjdIUa0syMI9A5gmi4bde,Depositphotos_12848559_xl-2015.jpg,https://drive.google.com/file/d/1Qv5QE8XSQlLQjdIUa0syMI9A5gmi4bde/view?usp=drivesdk,image/jpeg,1880660,deposit,2026-02-25T00:14:49.970+05:30,,,,,,,,
9,1S6I97XZHgQCOU7sSTRvSs93008BFkFBP,1wUXlT4gcrlgKznbDDJfGOrrbF2JKbWkF,Depositphotos_103471982_original.jpg,https://drive.google.com/file/d/1wUXlT4gcrlgKznbDDJfGOrrbF2JKbWkF/view?usp=drivesdk,image/jpeg,4835932,deposit,2026-02-25T00:14:49.971+05:30,,,,,,,,
9,1S6I97XZHgQCOU7sSTRvSs93008BFkFBP,1x3ae6lk6UeSGqWWJKXSeh7avJjbKbzAl,Depositphotos_91770186_xl-2015.jpg,https://drive.google.com/file/d/1x3ae6lk6UeSGqWWJKXSeh7avJjbKbzAl/view?usp=drivesdk,image/jpeg,13551788,deposit,2026-02-25T00:14:49.972+05:30,,,,,,,,
10,1YU2IXQqFYIYWr_44W1CCwkMln0XvUN9f,11T4MPcUAb1V9yGuX4xCyEpof4CwCa6E5,Depositphotos_224442264_xl-2015.jpg,https://drive.google.com/file/d/11T4MPcUAb1V9yGuX4xCyEpof4CwCa6E5/view?usp=drivesdk,image/jpeg,11682953,Deposit-photos,2026-02-25T00:14:49.973+05:30,,,,,,,,
10,1YU2IXQqFYIYWr_44W1CCwkMln0XvUN9f,1PELv5f4fPCAY_7rxTmauwrWll3V4rnHW,Depositphotos_210457144_xl-2015.jpg,https://drive.google.com/file/d/1PELv5f4fPCAY_7rxTmauwrWll3V4rnHW/view?usp=drivesdk,image/jpeg,10551028,Deposit-photos,2026-02-25T00:14:49.974+05:30,,,,,,,,
10,1YU2IXQqFYIYWr_44W1CCwkMln0XvUN9f,1OUlnP1izeqmfphkTYw6MXKRQLhH9Y_x6,Depositphotos_213772194_xl-2015.jpg,https://drive.google.com/file/d/1OUlnP1izeqmfphkTYw6MXKRQLhH9Y_x6/view?usp=drivesdk,image/jpeg,14733181,Deposit-photos,2026-02-25T00:14:49.976+05:30,,,,,,,,
10,1YU2IXQqFYIYWr_44W1CCwkMln0XvUN9f,1gGx40HvWsV7CXSFhgsesNssINIEokC2N,Depositphotos_204405866_xl-2015.jpg,https://drive.google.com/file/d/1gGx40HvWsV7CXSFhgsesNssINIEokC2N/view?usp=drivesdk,image/jpeg,13659968,Deposit-photos,2026-02-25T00:14:49.979+05:30,,,,,,,,
10,1YU2IXQqFYIYWr_44W1CCwkMln0XvUN9f,1SJKFfCZHDdTEBloAuhUb2pdZLR05I57Z,Depositphotos_203915580_xl-2015.jpg,https://drive.google.com/file/d/1SJKFfCZHDdTEBloAuhUb2pdZLR05I57Z/view?usp=drivesdk,image/jpeg,14928887,Deposit-photos,2026-02-25T00:14:49.980+05:30,,,,,,,,
10,1YU2IXQqFYIYWr_44W1CCwkMln0XvUN9f,1t3mK0IcprQGcfK1jOhbGVzCBsCSg_A7T,Depositphotos_183620648_xl-2015.jpg,https://drive.google.com/file/d/1t3mK0IcprQGcfK1jOhbGVzCBsCSg_A7T/view?usp=drivesdk,image/jpeg,14031512,Deposit-photos,2026-02-25T00:14:49.984+05:30,,,,,,,,
10,1YU2IXQqFYIYWr_44W1CCwkMln0XvUN9f,12y7xP4ZH-MMTUri09eVMblH1rxVNyldq,Depositphotos_146211203_xl-2015.jpg,https://drive.google.com/file/d/12y7xP4ZH-MMTUri09eVMblH1rxVNyldq/view?usp=drivesdk,image/jpeg,10773822,Deposit-photos,2026-02-25T00:14:49.987+05:30,,,,,,,,
10,1YU2IXQqFYIYWr_44W1CCwkMln0XvUN9f,15WaDLTbc5E3ToYuaSo1parAyJKnEFCBX,Depositphotos_151535662_xl-2015.jpg,https://drive.google.com/file/d/15WaDLTbc5E3ToYuaSo1parAyJKnEFCBX/view?usp=drivesdk,image/jpeg,14986557,Deposit-photos,2026-02-25T00:14:49.988+05:30,,,,,,,,
10,1YU2IXQqFYIYWr_44W1CCwkMln0XvUN9f,1x74uIjjJSC5fHA3neL37YSRQn7gFO1l4,Depositphotos_173503630_xl-2015.jpg,https://drive.google.com/file/d/1x74uIjjJSC5fHA3neL37YSRQn7gFO1l4/view?usp=drivesdk,image/jpeg,15562316,Deposit-photos,2026-02-25T00:14:49.990+05:30,,,,,,,,
10,1YU2IXQqFYIYWr_44W1CCwkMln0XvUN9f,1RgCVZyKIkc4e7MIuFruEMZkRNPaUzpcn,Depositphotos_144711185_xl-2015.jpg,https://drive.google.com/file/d/1RgCVZyKIkc4e7MIuFruEMZkRNPaUzpcn/view?usp=drivesdk,image/jpeg,12118315,Deposit-photos,2026-02-25T00:14:49.992+05:30,,,,,,,,
10,1YU2IXQqFYIYWr_44W1CCwkMln0XvUN9f,1aO74zCSfd7jHMv2dHiMIPzQuEUg501Rp,Depositphotos_144711331_xl-2015.jpg,https://drive.google.com/file/d/1aO74zCSfd7jHMv2dHiMIPzQuEUg501Rp/view?usp=drivesdk,image/jpeg,11604242,Deposit-photos,2026-02-25T00:14:49.994+05:30,,,,,,,,
10,1YU2IXQqFYIYWr_44W1CCwkMln0XvUN9f,14ufsPNOaY4pydp6D_FMx4wXElEv6rxkB,Depositphotos_121231666_xl-2015.jpg,https://drive.google.com/file/d/14ufsPNOaY4pydp6D_FMx4wXElEv6rxkB/view?usp=drivesdk,image/jpeg,12255635,Deposit-photos,2026-02-25T00:14:49.994+05:30,,,,,,,,
10,1YU2IXQqFYIYWr_44W1CCwkMln0XvUN9f,1sLm9S3JlpmaSjETeUoaIisnHwJlJxH74,Depositphotos_100253206_ds.jpg,https://drive.google.com/file/d/1sLm9S3JlpmaSjETeUoaIisnHwJlJxH74/view?usp=drivesdk,image/jpeg,10726046,Deposit-photos,2026-02-25T00:14:49.996+05:30,,,,,,,,
10,1YU2IXQqFYIYWr_44W1CCwkMln0XvUN9f,1QAKZt4tEyK497bIOMmFF0SM41HmsyOkB,Depositphotos_88913840_xl-2015.jpg,https://drive.google.com/file/d/1QAKZt4tEyK497bIOMmFF0SM41HmsyOkB/view?usp=drivesdk,image/jpeg,11065861,Deposit-photos,2026-02-25T00:14:49.997+05:30,,,,,,,,
10,1YU2IXQqFYIYWr_44W1CCwkMln0XvUN9f,1o2_5rfh-xHJeAqDOcR-qbrRWk26j-EIw,Depositphotos_53949215_xl-2015.jpg,https://drive.google.com/file/d/1o2_5rfh-xHJeAqDOcR-qbrRWk26j-EIw/view?usp=drivesdk,image/jpeg,14701510,Deposit-photos,2026-02-25T00:14:49.998+05:30,,,,,,,,
10,1YU2IXQqFYIYWr_44W1CCwkMln0XvUN9f,1qx95S2QURU4rdXrt5ifFcLBffB1n49Ic,Depositphotos_38194771_xl-2015.jpg,https://drive.google.com/file/d/1qx95S2QURU4rdXrt5ifFcLBffB1n49Ic/view?usp=drivesdk,image/jpeg,14883014,Deposit-photos,2026-02-25T00:14:49.999+05:30,,,,,,,,
10,1YU2IXQqFYIYWr_44W1CCwkMln0XvUN9f,1bJvDIqT4ZOVE3xxC-j-e-ODF1m9oLS4I,Depositphotos_39820785_xl-2015.jpg,https://drive.google.com/file/d/1bJvDIqT4ZOVE3xxC-j-e-ODF1m9oLS4I/view?usp=drivesdk,image/jpeg,12286518,Deposit-photos,2026-02-25T00:14:50.000+05:30,,,,,,,,
10,1YU2IXQqFYIYWr_44W1CCwkMln0XvUN9f,1Z5PR1KJm7QZglbS-L8FUIWB9GQP4LMJi,Depositphotos_50697033_original.jpg,https://drive.google.com/file/d/1Z5PR1KJm7QZglbS-L8FUIWB9GQP4LMJi/view?usp=drivesdk,image/jpeg,11552476,Deposit-photos,2026-02-25T00:14:50.001+05:30,,,,,,,,
10,1YU2IXQqFYIYWr_44W1CCwkMln0XvUN9f,1StAnbJBR5-Xuu0iXZL5m4BfFeB1S-V5q,Depositphotos_25316057_xl-2015.jpg,https://drive.google.com/file/d/1StAnbJBR5-Xuu0iXZL5m4BfFeB1S-V5q/view?usp=drivesdk,image/jpeg,14046226,Deposit-photos,2026-02-25T00:14:50.002+05:30,,,,,,,,
10,1YU2IXQqFYIYWr_44W1CCwkMln0XvUN9f,1AuDAW1a1SCPhtxKZrMiekyC9IAvtYSm6,Depositphotos_13876150_xl-2015.jpg,https://drive.google.com/file/d/1AuDAW1a1SCPhtxKZrMiekyC9IAvtYSm6/view?usp=drivesdk,image/jpeg,11131223,Deposit-photos,2026-02-25T00:14:50.003+05:30,,,,,,,,
10,1YU2IXQqFYIYWr_44W1CCwkMln0XvUN9f,1ftCj0m9Wgbv9QY6kx5x-IbGyT3tPUCGM,Depositphotos_36835629_xl-2015.jpg,https://drive.google.com/file/d/1ftCj0m9Wgbv9QY6kx5x-IbGyT3tPUCGM/view?usp=drivesdk,image/jpeg,15072594,Deposit-photos,2026-02-25T00:14:50.004+05:30,,,,,,,,
10,1YU2IXQqFYIYWr_44W1CCwkMln0XvUN9f,17KpnoQ5IzBAHPLTB9nDghO_qcWPsCx5J,Why-Blockchains-Struggle-to-Gain-Traction-in-Enterprises.jpg,https://drive.google.com/file/d/17KpnoQ5IzBAHPLTB9nDghO_qcWPsCx5J/view?usp=drivesdk,image/jpeg,339355,Deposit-photos,2026-02-25T00:14:50.005+05:30,,,,,,,,
10,1YU2IXQqFYIYWr_44W1CCwkMln0XvUN9f,1qUcLg2EFJHGlO2eAmqXwQ-gJYgBzJJAT,Depositphotos_96642860_original.jpg,https://drive.google.com/file/d/1qUcLg2EFJHGlO2eAmqXwQ-gJYgBzJJAT/view?usp=drivesdk,image/jpeg,7031714,Deposit-photos,2026-02-25T00:14:50.005+05:30,,,,,,,,
10,1YU2IXQqFYIYWr_44W1CCwkMln0XvUN9f,1onmSOiGkF9CFxCAODtcxg5llIEBHnN7h,Depositphotos_94765730_xl-2015.jpg,https://drive.google.com/file/d/1onmSOiGkF9CFxCAODtcxg5llIEBHnN7h/view?usp=drivesdk,image/jpeg,8804473,Deposit-photos,2026-02-25T00:14:50.006+05:30,,,,,,,,
10,1YU2IXQqFYIYWr_44W1CCwkMln0XvUN9f,11m7KKq_eh6kqAdwRUH-cIjEXm98oQLUr,Depositphotos_94568272_xl-2015.jpg,https://drive.google.com/file/d/11m7KKq_eh6kqAdwRUH-cIjEXm98oQLUr/view?usp=drivesdk,image/jpeg,7449587,Deposit-photos,2026-02-25T00:14:50.007+05:30,,,,,,,,
10,1YU2IXQqFYIYWr_44W1CCwkMln0XvUN9f,1a9zj6ciF5-C1QYBWQf6YJnM0Mc51hO3W,Depositphotos_91326572_xl-2015.jpg,https://drive.google.com/file/d/1a9zj6ciF5-C1QYBWQf6YJnM0Mc51hO3W/view?usp=drivesdk,image/jpeg,8969828,Deposit-photos,2026-02-25T00:14:50.008+05:30,,,,,,,,
10,1YU2IXQqFYIYWr_44W1CCwkMln0XvUN9f,132cILP61Z_ExCm_rRTuniQ9WeklK5GF8,Depositphotos_88913942_xl-2015.jpg,https://drive.google.com/file/d/132cILP61Z_ExCm_rRTuniQ9WeklK5GF8/view?usp=drivesdk,image/jpeg,8350667,Deposit-photos,2026-02-25T00:14:50.009+05:30,,,,,,,,
10,1YU2IXQqFYIYWr_44W1CCwkMln0XvUN9f,1WIdOEKsWSbeFdJZ5g07ZpVCuHrcv51JF,Depositphotos_88168578_original.jpg,https://drive.google.com/file/d/1WIdOEKsWSbeFdJZ5g07ZpVCuHrcv51JF/view?usp=drivesdk,image/jpeg,6874125,Deposit-photos,2026-02-25T00:14:50.010+05:30,,,,,,,,
10,1YU2IXQqFYIYWr_44W1CCwkMln0XvUN9f,1eV82_0JqeCvNk4vvQM6x6y69DlpU7WkU,Depositphotos_88913648_xl-2015.jpg,https://drive.google.com/file/d/1eV82_0JqeCvNk4vvQM6x6y69DlpU7WkU/view?usp=drivesdk,image/jpeg,5023060,Deposit-photos,2026-02-25T00:14:50.012+05:30,,,,,,,,
10,1YU2IXQqFYIYWr_44W1CCwkMln0XvUN9f,1tOpswujWwpAOtKUU2ZzjMEcRyI2PLDm0,Depositphotos_86969544_xl-2015.jpg,https://drive.google.com/file/d/1tOpswujWwpAOtKUU2ZzjMEcRyI2PLDm0/view?usp=drivesdk,image/jpeg,4403985,Deposit-photos,2026-02-25T00:14:50.013+05:30,,,,,,,,
10,1YU2IXQqFYIYWr_44W1CCwkMln0XvUN9f,1qyifVBcIMQdHnRdmHham3gc-xF8VOkj3,Depositphotos_84977712_xl-2015.jpg,https://drive.google.com/file/d/1qyifVBcIMQdHnRdmHham3gc-xF8VOkj3/view?usp=drivesdk,image/jpeg,7701019,Deposit-photos,2026-02-25T00:14:50.013+05:30,,,,,,,,
10,1YU2IXQqFYIYWr_44W1CCwkMln0XvUN9f,1eG8Za12Oici-2NS7dA9DvFtNgOqg6vXz,Depositphotos_8404858_xl-2015.jpg,https://drive.google.com/file/d/1eG8Za12Oici-2NS7dA9DvFtNgOqg6vXz/view?usp=drivesdk,image/jpeg,5425587,Deposit-photos,2026-02-25T00:14:50.014+05:30,,,,,,,,
10,1YU2IXQqFYIYWr_44W1CCwkMln0XvUN9f,1R4oLkr2awbBJiLpknUM5rDqDe26YMctN,Depositphotos_84368658_xl-2015.jpg,https://drive.google.com/file/d/1R4oLkr2awbBJiLpknUM5rDqDe26YMctN/view?usp=drivesdk,image/jpeg,2974272,Deposit-photos,2026-02-25T00:14:50.015+05:30,,,,,,,,
10,1YU2IXQqFYIYWr_44W1CCwkMln0XvUN9f,1QiQG9qscMznvmr1-Rg6We_2kDKb-kCRH,Depositphotos_8384077_xl-2015.jpg,https://drive.google.com/file/d/1QiQG9qscMznvmr1-Rg6We_2kDKb-kCRH/view?usp=drivesdk,image/jpeg,4188044,Deposit-photos,2026-02-25T00:14:50.016+05:30,,,,,,,,
10,1YU2IXQqFYIYWr_44W1CCwkMln0XvUN9f,1P8mdcweT8w__vLZuSLgjeD9fPi_swRDC,Depositphotos_81970202_xl-2015.jpg,https://drive.google.com/file/d/1P8mdcweT8w__vLZuSLgjeD9fPi_swRDC/view?usp=drivesdk,image/jpeg,3331937,Deposit-photos,2026-02-25T00:14:50.017+05:30,,,,,,,,
10,1YU2IXQqFYIYWr_44W1CCwkMln0XvUN9f,1EadoM1NmzS1Oojgll_y0tJUHEecjzU8z,Depositphotos_81644964_xl-2015.jpg,https://drive.google.com/file/d/1EadoM1NmzS1Oojgll_y0tJUHEecjzU8z/view?usp=drivesdk,image/jpeg,10469723,Deposit-photos,2026-02-25T00:14:50.018+05:30,,,,,,,,
10,1YU2IXQqFYIYWr_44W1CCwkMln0XvUN9f,1ybbcy4em0o58qhEgZi9kA_ijzasis0g-,Depositphotos_78017878_xl-2015.jpg,https://drive.google.com/file/d/1ybbcy4em0o58qhEgZi9kA_ijzasis0g-/view?usp=drivesdk,image/jpeg,7709344,Deposit-photos,2026-02-25T00:14:50.019+05:30,,,,,,,,
10,1YU2IXQqFYIYWr_44W1CCwkMln0XvUN9f,1Ozb1wYJADHjyFpMlNoxQzGb5RirrJbzz,Depositphotos_81548116_xl-2015.jpg,https://drive.google.com/file/d/1Ozb1wYJADHjyFpMlNoxQzGb5RirrJbzz/view?usp=drivesdk,image/jpeg,1138024,Deposit-photos,2026-02-25T00:14:50.020+05:30,,,,,,,,
10,1YU2IXQqFYIYWr_44W1CCwkMln0XvUN9f,1a8_NRmCxW_wNJGIRT4AF6ao2_R2RlYC0,Depositphotos_73838289_xl-2015.jpg,https://drive.google.com/file/d/1a8_NRmCxW_wNJGIRT4AF6ao2_R2RlYC0/view?usp=drivesdk,image/jpeg,5981001,Deposit-photos,2026-02-25T00:14:50.021+05:30,,,,,,,,
10,1YU2IXQqFYIYWr_44W1CCwkMln0XvUN9f,16zBRvSSDBJth3TQiRm4ks_y-HqYR2-mG,Depositphotos_74958623_xl-2015.jpg,https://drive.google.com/file/d/16zBRvSSDBJth3TQiRm4ks_y-HqYR2-mG/view?usp=drivesdk,image/jpeg,4354858,Deposit-photos,2026-02-25T00:14:50.022+05:30,,,,,,,,
10,1YU2IXQqFYIYWr_44W1CCwkMln0XvUN9f,12VUG-Od2WbwxKnnxKmb2r3nrViLhpbx9,Depositphotos_69015741_xl-2015.jpg,https://drive.google.com/file/d/12VUG-Od2WbwxKnnxKmb2r3nrViLhpbx9/view?usp=drivesdk,image/jpeg,10181674,Deposit-photos,2026-02-25T00:14:50.023+05:30,,,,,,,,
10,1YU2IXQqFYIYWr_44W1CCwkMln0XvUN9f,1uTisI5pqio7jWJ63B6JgQhJSUexb4zXx,Depositphotos_72025453_xl-2015.jpg,https://drive.google.com/file/d/1uTisI5pqio7jWJ63B6JgQhJSUexb4zXx/view?usp=drivesdk,image/jpeg,10202657,Deposit-photos,2026-02-25T00:14:50.023+05:30,,,,,,,,
10,1YU2IXQqFYIYWr_44W1CCwkMln0XvUN9f,14q1kINrUK1THMKPIu4V9M5awjdlflM1n,Depositphotos_71694077_xl-2015.jpg,https://drive.google.com/file/d/14q1kINrUK1THMKPIu4V9M5awjdlflM1n/view?usp=drivesdk,image/jpeg,7609357,Deposit-photos,2026-02-25T00:14:50.024+05:30,,,,,,,,
10,1YU2IXQqFYIYWr_44W1CCwkMln0XvUN9f,1YxzoOrmDimftSok9cgSeXhPTz6Pjn2bq,Depositphotos_66816723_original.jpg,https://drive.google.com/file/d/1YxzoOrmDimftSok9cgSeXhPTz6Pjn2bq/view?usp=drivesdk,image/jpeg,5204477,Deposit-photos,2026-02-25T00:14:50.025+05:30,,,,,,,,
10,1YU2IXQqFYIYWr_44W1CCwkMln0XvUN9f,1B1aNCOhzaI4huR9SIQ64MEN4w3IyMvU2,Depositphotos_66306045_xl-2015.jpg,https://drive.google.com/file/d/1B1aNCOhzaI4huR9SIQ64MEN4w3IyMvU2/view?usp=drivesdk,image/jpeg,7768918,Deposit-photos,2026-02-25T00:14:50.026+05:30,,,,,,,,
10,1YU2IXQqFYIYWr_44W1CCwkMln0XvUN9f,1RuP61nDJVn_dO5xWCPIkxSN7BFd_YVGJ,Depositphotos_6608401_xl-2015.jpg,https://drive.google.com/file/d/1RuP61nDJVn_dO5xWCPIkxSN7BFd_YVGJ/view?usp=drivesdk,image/jpeg,594634,Deposit-photos,2026-02-25T00:14:50.027+05:30,,,,,,,,
10,1YU2IXQqFYIYWr_44W1CCwkMln0XvUN9f,1qQm_gyk0D-3JS_kD6cvlC8ksMAqgwq9G,Depositphotos_65050057_xl-2015.jpg,https://drive.google.com/file/d/1qQm_gyk0D-3JS_kD6cvlC8ksMAqgwq9G/view?usp=drivesdk,image/jpeg,2355237,Deposit-photos,2026-02-25T00:14:50.028+05:30,,,,,,,,
10,1YU2IXQqFYIYWr_44W1CCwkMln0XvUN9f,1zB7Kjgw7CqYJIFzsm0bl5ROOBDNiXIQp,Depositphotos_64364735_xl-2015.jpg,https://drive.google.com/file/d/1zB7Kjgw7CqYJIFzsm0bl5ROOBDNiXIQp/view?usp=drivesdk,image/jpeg,6063595,Deposit-photos,2026-02-25T00:14:50.029+05:30,,,,,,,,
10,1YU2IXQqFYIYWr_44W1CCwkMln0XvUN9f,1KIeZRSNobUAEKj_Qa9qz9nzTymFgELsh,Depositphotos_65727069_original.jpg,https://drive.google.com/file/d/1KIeZRSNobUAEKj_Qa9qz9nzTymFgELsh/view?usp=drivesdk,image/jpeg,2918071,Deposit-photos,2026-02-25T00:14:50.030+05:30,,,,,,,,
10,1YU2IXQqFYIYWr_44W1CCwkMln0XvUN9f,1bT-DQs8SeMFzRTnHTu_xebWAkP3YsMwO,Depositphotos_56582471_xl-2015.jpg,https://drive.google.com/file/d/1bT-DQs8SeMFzRTnHTu_xebWAkP3YsMwO/view?usp=drivesdk,image/jpeg,10292534,Deposit-photos,2026-02-25T00:14:50.030+05:30,,,,,,,,
10,1YU2IXQqFYIYWr_44W1CCwkMln0XvUN9f,1ENPLdV53IzVMaQGZJlsHN2SzAM6zUROg,Depositphotos_56738663_xl-2015.jpg,https://drive.google.com/file/d/1ENPLdV53IzVMaQGZJlsHN2SzAM6zUROg/view?usp=drivesdk,image/jpeg,1151764,Deposit-photos,2026-02-25T00:14:50.031+05:30,,,,,,,,
10,1YU2IXQqFYIYWr_44W1CCwkMln0XvUN9f,1-nUKR-qaFTcxORL2Dl7_jqqNIVxNdjNN,Depositphotos_5644802_xl-2015.jpg,https://drive.google.com/file/d/1-nUKR-qaFTcxORL2Dl7_jqqNIVxNdjNN/view?usp=drivesdk,image/jpeg,1354218,Deposit-photos,2026-02-25T00:14:50.032+05:30,,,,,,,,
10,1YU2IXQqFYIYWr_44W1CCwkMln0XvUN9f,13c-4Hf5g0g_WgyeCRbr3SNnkG3JWuOx4,Depositphotos_5389997_xl-2015.jpg,https://drive.google.com/file/d/13c-4Hf5g0g_WgyeCRbr3SNnkG3JWuOx4/view?usp=drivesdk,image/jpeg,7810527,Deposit-photos,2026-02-25T00:14:50.033+05:30,,,,,,,,
10,1YU2IXQqFYIYWr_44W1CCwkMln0XvUN9f,1iRzP8yzyOjTJDPlm1WIgM4230b6YagTg,Depositphotos_53665855_xl-2015.jpg,https://drive.google.com/file/d/1iRzP8yzyOjTJDPlm1WIgM4230b6YagTg/view?usp=drivesdk,image/jpeg,5512178,Deposit-photos,2026-02-25T00:14:50.034+05:30,,,,,,,,
10,1YU2IXQqFYIYWr_44W1CCwkMln0XvUN9f,1EqucsKnSEHtn982nyao0IRvkMMyO0M0y,Depositphotos_5351599_xl-2015.jpg,https://drive.google.com/file/d/1EqucsKnSEHtn982nyao0IRvkMMyO0M0y/view?usp=drivesdk,image/jpeg,7828314,Deposit-photos,2026-02-25T00:14:50.035+05:30,,,,,,,,
10,1YU2IXQqFYIYWr_44W1CCwkMln0XvUN9f,1purenM0BwcBEpbarNpcxgNXA1825A8oM,Depositphotos_5152447_xl-2015.jpg,https://drive.google.com/file/d/1purenM0BwcBEpbarNpcxgNXA1825A8oM/view?usp=drivesdk,image/jpeg,6934569,Deposit-photos,2026-02-25T00:14:50.036+05:30,,,,,,,,
10,1YU2IXQqFYIYWr_44W1CCwkMln0XvUN9f,1lieQ9Q2BbhN9MTt7H7TVEp56dj0UsKdw,Depositphotos_52718417_xl-2015.jpg,https://drive.google.com/file/d/1lieQ9Q2BbhN9MTt7H7TVEp56dj0UsKdw/view?usp=drivesdk,image/jpeg,5772342,Deposit-photos,2026-02-25T00:14:50.036+05:30,,,,,,,,
10,1YU2IXQqFYIYWr_44W1CCwkMln0XvUN9f,1D63QxEJxg_s2WBtf8TE9seKdcNfauEFO,Depositphotos_51334091_xl-2015.jpg,https://drive.google.com/file/d/1D63QxEJxg_s2WBtf8TE9seKdcNfauEFO/view?usp=drivesdk,image/jpeg,8038854,Deposit-photos,2026-02-25T00:14:50.037+05:30,,,,,,,,
10,1YU2IXQqFYIYWr_44W1CCwkMln0XvUN9f,1KPehHbX7_uRHeAdxixX5KeJVvlEMvr5O,Depositphotos_51347179_xl-2015.jpg,https://drive.google.com/file/d/1KPehHbX7_uRHeAdxixX5KeJVvlEMvr5O/view?usp=drivesdk,image/jpeg,9495786,Deposit-photos,2026-02-25T00:14:50.038+05:30,,,,,,,,
10,1YU2IXQqFYIYWr_44W1CCwkMln0XvUN9f,1hCK4l7qu_88k-OEPXR-swvtP1BENx4HB,Depositphotos_49081509_xl-2015.jpg,https://drive.google.com/file/d/1hCK4l7qu_88k-OEPXR-swvtP1BENx4HB/view?usp=drivesdk,image/jpeg,9144569,Deposit-photos,2026-02-25T00:14:50.039+05:30,,,,,,,,
10,1YU2IXQqFYIYWr_44W1CCwkMln0XvUN9f,1vWPrSIadnooP_Uzl1kFgJf_kqPstCknQ,Depositphotos_48929101_xl-2015.jpg,https://drive.google.com/file/d/1vWPrSIadnooP_Uzl1kFgJf_kqPstCknQ/view?usp=drivesdk,image/jpeg,1036089,Deposit-photos,2026-02-25T00:14:50.040+05:30,,,,,,,,
10,1YU2IXQqFYIYWr_44W1CCwkMln0XvUN9f,1RFfZWBf_zTQAM1G-JR_tPQ-lpEmufm4G,Depositphotos_47609979_xl-2015.jpg,https://drive.google.com/file/d/1RFfZWBf_zTQAM1G-JR_tPQ-lpEmufm4G/view?usp=drivesdk,image/jpeg,592582,Deposit-photos,2026-02-25T00:14:50.041+05:30,,,,,,,,
10,1YU2IXQqFYIYWr_44W1CCwkMln0XvUN9f,1vy_32JyZsVVgFZrvfYr53Tcx33btGbhA,Depositphotos_46794593_xl-2015.jpg,https://drive.google.com/file/d/1vy_32JyZsVVgFZrvfYr53Tcx33btGbhA/view?usp=drivesdk,image/jpeg,4367052,Deposit-photos,2026-02-25T00:14:50.042+05:30,,,,,,,,
10,1YU2IXQqFYIYWr_44W1CCwkMln0XvUN9f,1FEWrnUAo2UZ2hxYrkzYrPbvE-qy9SUnu,Depositphotos_46641965_xl-2015.jpg,https://drive.google.com/file/d/1FEWrnUAo2UZ2hxYrkzYrPbvE-qy9SUnu/view?usp=drivesdk,image/jpeg,6136426,Deposit-photos,2026-02-25T00:14:50.043+05:30,,,,,,,,
10,1YU2IXQqFYIYWr_44W1CCwkMln0XvUN9f,14XJ9JgbqEMvxe2mPSN3RRmo3G5KiLhvl,Depositphotos_45813953_xl-2015.jpg,https://drive.google.com/file/d/14XJ9JgbqEMvxe2mPSN3RRmo3G5KiLhvl/view?usp=drivesdk,image/jpeg,1933407,Deposit-photos,2026-02-25T00:14:50.043+05:30,,,,,,,,
10,1YU2IXQqFYIYWr_44W1CCwkMln0XvUN9f,1031bn_xVBp5gTEXuycvh0xwEcOkiBgs2,Depositphotos_42522647_xl-2015.jpg,https://drive.google.com/file/d/1031bn_xVBp5gTEXuycvh0xwEcOkiBgs2/view?usp=drivesdk,image/jpeg,8547963,Deposit-photos,2026-02-25T00:14:50.044+05:30,,,,,,,,
10,1YU2IXQqFYIYWr_44W1CCwkMln0XvUN9f,1Pne9fiADH7qV77qtSiEC-ObFYB6zYyjA,Depositphotos_44080567_xl-2015.jpg,https://drive.google.com/file/d/1Pne9fiADH7qV77qtSiEC-ObFYB6zYyjA/view?usp=drivesdk,image/jpeg,1961836,Deposit-photos,2026-02-25T00:14:50.045+05:30,,,,,,,,
10,1YU2IXQqFYIYWr_44W1CCwkMln0XvUN9f,1eI1GzLSHezjBu8sd7KO-8tUuAYxnx40m,Depositphotos_40493159_xl-2015.jpg,https://drive.google.com/file/d/1eI1GzLSHezjBu8sd7KO-8tUuAYxnx40m/view?usp=drivesdk,image/jpeg,2871733,Deposit-photos,2026-02-25T00:14:50.046+05:30,,,,,,,,
10,1YU2IXQqFYIYWr_44W1CCwkMln0XvUN9f,1NRFzaNHUjUAj2484-CfRgzcsRX4GvFAj,Depositphotos_41344189_xl-2015.jpg,https://drive.google.com/file/d/1NRFzaNHUjUAj2484-CfRgzcsRX4GvFAj/view?usp=drivesdk,image/jpeg,2046820,Deposit-photos,2026-02-25T00:14:50.047+05:30,,,,,,,,
10,1YU2IXQqFYIYWr_44W1CCwkMln0XvUN9f,13J1VMlfDvr7hY_0iVSQeN0C7YXIxTN7I,Depositphotos_39399799_original.jpg,https://drive.google.com/file/d/13J1VMlfDvr7hY_0iVSQeN0C7YXIxTN7I/view?usp=drivesdk,image/jpeg,7460391,Deposit-photos,2026-02-25T00:14:50.048+05:30,,,,,,,,
10,1YU2IXQqFYIYWr_44W1CCwkMln0XvUN9f,1u86uuhMjRlF2Uih8pD5pdmIYwp8LFOlN,Depositphotos_39693305_xl-2015.jpg,https://drive.google.com/file/d/1u86uuhMjRlF2Uih8pD5pdmIYwp8LFOlN/view?usp=drivesdk,image/jpeg,6925288,Deposit-photos,2026-02-25T00:14:50.049+05:30,,,,,,,,
10,1YU2IXQqFYIYWr_44W1CCwkMln0XvUN9f,1xPn8szgOSBVyl3bGDM626OU7I50Kp-39,Depositphotos_39293005_xl-2015.jpg,https://drive.google.com/file/d/1xPn8szgOSBVyl3bGDM626OU7I50Kp-39/view?usp=drivesdk,image/jpeg,8947454,Deposit-photos,2026-02-25T00:14:50.050+05:30,,,,,,,,
10,1YU2IXQqFYIYWr_44W1CCwkMln0XvUN9f,1VvwCd4AeKH6aEl1grbFuN3h3H8D4_-80,Depositphotos_37923853_xl-2015.jpg,https://drive.google.com/file/d/1VvwCd4AeKH6aEl1grbFuN3h3H8D4_-80/view?usp=drivesdk,image/jpeg,3115404,Deposit-photos,2026-02-25T00:14:50.051+05:30,,,,,,,,
10,1YU2IXQqFYIYWr_44W1CCwkMln0XvUN9f,1l0vBjJ57_EMjeGoR_b-tq_MIAqdjL0Fv,Depositphotos_3769346_xl-2015.jpg,https://drive.google.com/file/d/1l0vBjJ57_EMjeGoR_b-tq_MIAqdjL0Fv/view?usp=drivesdk,image/jpeg,3229226,Deposit-photos,2026-02-25T00:14:50.052+05:30,,,,,,,,
10,1YU2IXQqFYIYWr_44W1CCwkMln0XvUN9f,13j1gF6OBYmgeRGH4BqV9kS2hQYdr9DHa,Depositphotos_36868893_xl-2015.jpg,https://drive.google.com/file/d/13j1gF6OBYmgeRGH4BqV9kS2hQYdr9DHa/view?usp=drivesdk,image/jpeg,6318325,Deposit-photos,2026-02-25T00:14:50.053+05:30,,,,,,,,
10,1YU2IXQqFYIYWr_44W1CCwkMln0XvUN9f,1ol-h8uXvVmsn8paIj29xB-akyjVwnL16,Depositphotos_34871895_xl-2015.jpg,https://drive.google.com/file/d/1ol-h8uXvVmsn8paIj29xB-akyjVwnL16/view?usp=drivesdk,image/jpeg,2876856,Deposit-photos,2026-02-25T00:14:50.054+05:30,,,,,,,,
10,1YU2IXQqFYIYWr_44W1CCwkMln0XvUN9f,1u42nAVkmKzuYeXXTmMbeXCfRFHarUrwJ,Depositphotos_34171399_original.jpg,https://drive.google.com/file/d/1u42nAVkmKzuYeXXTmMbeXCfRFHarUrwJ/view?usp=drivesdk,image/jpeg,4305538,Deposit-photos,2026-02-25T00:14:50.055+05:30,,,,,,,,
10,1YU2IXQqFYIYWr_44W1CCwkMln0XvUN9f,1h6Nimqs1OHD-NjTtydr_J3aSv4XVkg1s,Depositphotos_32576049_xl-2015.jpg,https://drive.google.com/file/d/1h6Nimqs1OHD-NjTtydr_J3aSv4XVkg1s/view?usp=drivesdk,image/jpeg,2932233,Deposit-photos,2026-02-25T00:14:50.056+05:30,,,,,,,,
10,1YU2IXQqFYIYWr_44W1CCwkMln0XvUN9f,1TxC0qhmzoIn5m52eOqzEZxCR2IUpoppP,Depositphotos_31285631_xl-2015.jpg,https://drive.google.com/file/d/1TxC0qhmzoIn5m52eOqzEZxCR2IUpoppP/view?usp=drivesdk,image/jpeg,7584512,Deposit-photos,2026-02-25T00:14:50.057+05:30,,,,,,,,
10,1YU2IXQqFYIYWr_44W1CCwkMln0XvUN9f,1KYKWH5zJoh4UrDqRAFcfNrED2LV_M8j0,Depositphotos_30632001_xl-2015.jpg,https://drive.google.com/file/d/1KYKWH5zJoh4UrDqRAFcfNrED2LV_M8j0/view?usp=drivesdk,image/jpeg,3232872,Deposit-photos,2026-02-25T00:14:50.058+05:30,,,,,,,,
10,1YU2IXQqFYIYWr_44W1CCwkMln0XvUN9f,15KEXykbsNsY6NHusiUGRzjyO4--QEURZ,Depositphotos_30424039_xl-2015.jpg,https://drive.google.com/file/d/15KEXykbsNsY6NHusiUGRzjyO4--QEURZ/view?usp=drivesdk,image/jpeg,6477901,Deposit-photos,2026-02-25T00:14:50.059+05:30,,,,,,,,
10,1YU2IXQqFYIYWr_44W1CCwkMln0XvUN9f,1CjVGjlXOvZ2zuSCtObIodYaajCwwsC2g,Depositphotos_30288659_xl-2015.jpg,https://drive.google.com/file/d/1CjVGjlXOvZ2zuSCtObIodYaajCwwsC2g/view?usp=drivesdk,image/jpeg,8390939,Deposit-photos,2026-02-25T00:14:50.060+05:30,,,,,,,,
10,1YU2IXQqFYIYWr_44W1CCwkMln0XvUN9f,1pmWP6Qc0PQcLwS5Bz-kBuIQIPi81ZKrK,Depositphotos_28404641_xl-2015.jpg,https://drive.google.com/file/d/1pmWP6Qc0PQcLwS5Bz-kBuIQIPi81ZKrK/view?usp=drivesdk,image/jpeg,1927085,Deposit-photos,2026-02-25T00:14:50.061+05:30,,,,,,,,
10,1YU2IXQqFYIYWr_44W1CCwkMln0XvUN9f,1X9YZihJ2EdH5AxCIkrNrrEcp_S9dMMyQ,Depositphotos_2839187_xl-2015.jpg,https://drive.google.com/file/d/1X9YZihJ2EdH5AxCIkrNrrEcp_S9dMMyQ/view?usp=drivesdk,image/jpeg,4553615,Deposit-photos,2026-02-25T00:14:50.062+05:30,,,,,,,,
10,1YU2IXQqFYIYWr_44W1CCwkMln0XvUN9f,1vi6EOaaiUU7KYXtg2f9pd8YzaCUq8cuC,Depositphotos_25336059_xl-2015.jpg,https://drive.google.com/file/d/1vi6EOaaiUU7KYXtg2f9pd8YzaCUq8cuC/view?usp=drivesdk,image/jpeg,9546606,Deposit-photos,2026-02-25T00:14:50.062+05:30,,,,,,,,
10,1YU2IXQqFYIYWr_44W1CCwkMln0XvUN9f,1gaFvi4-VctIVfoDaVFIn9eghpJfBQCc_,Depositphotos_25954027_xl-2015.jpg,https://drive.google.com/file/d/1gaFvi4-VctIVfoDaVFIn9eghpJfBQCc_/view?usp=drivesdk,image/jpeg,2911779,Deposit-photos,2026-02-25T00:14:50.063+05:30,,,,,,,,
10,1YU2IXQqFYIYWr_44W1CCwkMln0XvUN9f,1czcWNn5xmDB-RWPRvPudsRkUwTeEWDOB,Depositphotos_24542943_original.jpg,https://drive.google.com/file/d/1czcWNn5xmDB-RWPRvPudsRkUwTeEWDOB/view?usp=drivesdk,image/jpeg,7986824,Deposit-photos,2026-02-25T00:14:50.064+05:30,,,,,,,,
10,1YU2IXQqFYIYWr_44W1CCwkMln0XvUN9f,1HaPezCknaLLxuBllE6GKf30eauJEimm9,Depositphotos_24204153_ds.jpg,https://drive.google.com/file/d/1HaPezCknaLLxuBllE6GKf30eauJEimm9/view?usp=drivesdk,image/jpeg,8094584,Deposit-photos,2026-02-25T00:14:50.065+05:30,,,,,,,,
10,1YU2IXQqFYIYWr_44W1CCwkMln0XvUN9f,1o2ntCQerfdE2rwWDBp3UzmVvxm4C2mOt,Depositphotos_239050702_xl-2015.jpg,https://drive.google.com/file/d/1o2ntCQerfdE2rwWDBp3UzmVvxm4C2mOt/view?usp=drivesdk,image/jpeg,5901817,Deposit-photos,2026-02-25T00:14:50.066+05:30,,,,,,,,
10,1YU2IXQqFYIYWr_44W1CCwkMln0XvUN9f,1QHDGNZqQltyLg26tqMCDYXMYOdv7E7R_,Depositphotos_238838854_xl-2015.jpg,https://drive.google.com/file/d/1QHDGNZqQltyLg26tqMCDYXMYOdv7E7R_/view?usp=drivesdk,image/jpeg,1990300,Deposit-photos,2026-02-25T00:14:50.067+05:30,,,,,,,,
10,1YU2IXQqFYIYWr_44W1CCwkMln0XvUN9f,1WIewAbnOWwK5PKAj2XpOwJasWonLjKnx,Depositphotos_23796733_xl-2015.jpg,https://drive.google.com/file/d/1WIewAbnOWwK5PKAj2XpOwJasWonLjKnx/view?usp=drivesdk,image/jpeg,10104042,Deposit-photos,2026-02-25T00:14:50.068+05:30,,,,,,,,
10,1YU2IXQqFYIYWr_44W1CCwkMln0XvUN9f,13vaGBawaqVbMZeK6wuBMSqKukdTdirkU,Depositphotos_23781507_xl-2015.jpg,https://drive.google.com/file/d/13vaGBawaqVbMZeK6wuBMSqKukdTdirkU/view?usp=drivesdk,image/jpeg,8415485,Deposit-photos,2026-02-25T00:14:50.069+05:30,,,,,,,,
10,1YU2IXQqFYIYWr_44W1CCwkMln0XvUN9f,1gbj7soMm6Ijjk24QYvLL8s7FiVGYqHzw,Depositphotos_232064052_xl-2015.jpg,https://drive.google.com/file/d/1gbj7soMm6Ijjk24QYvLL8s7FiVGYqHzw/view?usp=drivesdk,image/jpeg,9338087,Deposit-photos,2026-02-25T00:14:50.069+05:30,,,,,,,,
10,1YU2IXQqFYIYWr_44W1CCwkMln0XvUN9f,1_p_wIyHppdrBaMMePXzF7jvZjxeX-SU3,Depositphotos_222490894_xl-2015.jpg,https://drive.google.com/file/d/1_p_wIyHppdrBaMMePXzF7jvZjxeX-SU3/view?usp=drivesdk,image/jpeg,3942399,Deposit-photos,2026-02-25T00:14:50.070+05:30,,,,,,,,
10,1YU2IXQqFYIYWr_44W1CCwkMln0XvUN9f,1zAS5iH5Bis5vsklavbjlOVXjuEt7fYWf,Depositphotos_219833274_xl-2015.jpg,https://drive.google.com/file/d/1zAS5iH5Bis5vsklavbjlOVXjuEt7fYWf/view?usp=drivesdk,image/jpeg,4172864,Deposit-photos,2026-02-25T00:14:50.071+05:30,,,,,,,,
10,1YU2IXQqFYIYWr_44W1CCwkMln0XvUN9f,1KxXjsyvPReIx5cqm3ka-GU-XZtwFMFik,Depositphotos_219534786_ds.jpg,https://drive.google.com/file/d/1KxXjsyvPReIx5cqm3ka-GU-XZtwFMFik/view?usp=drivesdk,image/jpeg,4630859,Deposit-photos,2026-02-25T00:14:50.072+05:30,,,,,,,,
10,1YU2IXQqFYIYWr_44W1CCwkMln0XvUN9f,1udEuGG0HGuh-4rkbCdp7-DnZJyTa_0Yj,Depositphotos_21823959_original.jpg,https://drive.google.com/file/d/1udEuGG0HGuh-4rkbCdp7-DnZJyTa_0Yj/view?usp=drivesdk,image/jpeg,6132070,Deposit-photos,2026-02-25T00:14:50.073+05:30,,,,,,,,
10,1YU2IXQqFYIYWr_44W1CCwkMln0XvUN9f,1c-tuvkHqzgy0RYFDKXjwJuQt65GxcO13,Depositphotos_216758470_xl-2015.jpg,https://drive.google.com/file/d/1c-tuvkHqzgy0RYFDKXjwJuQt65GxcO13/view?usp=drivesdk,image/jpeg,4652439,Deposit-photos,2026-02-25T00:14:50.074+05:30,,,,,,,,
10,1YU2IXQqFYIYWr_44W1CCwkMln0XvUN9f,1yESpx7mMQeGNcAXoSQGu_TOmzPKC0Ca0,Depositphotos_216526454_xl-2015.jpg,https://drive.google.com/file/d/1yESpx7mMQeGNcAXoSQGu_TOmzPKC0Ca0/view?usp=drivesdk,image/jpeg,8207250,Deposit-photos,2026-02-25T00:14:50.075+05:30,,,,,,,,
10,1YU2IXQqFYIYWr_44W1CCwkMln0XvUN9f,1fucwIFmYEWeWDqwfZoZBHAGiXb1w4EIK,Depositphotos_213315818_xl-2015.jpg,https://drive.google.com/file/d/1fucwIFmYEWeWDqwfZoZBHAGiXb1w4EIK/view?usp=drivesdk,image/jpeg,9569255,Deposit-photos,2026-02-25T00:14:50.076+05:30,,,,,,,,
10,1YU2IXQqFYIYWr_44W1CCwkMln0XvUN9f,10BiwUCQ4DAx9_OKdsE07Flei4CEFivkf,Depositphotos_21288943_xl-2015.jpg,https://drive.google.com/file/d/10BiwUCQ4DAx9_OKdsE07Flei4CEFivkf/view?usp=drivesdk,image/jpeg,7295264,Deposit-photos,2026-02-25T00:14:50.076+05:30,,,,,,,,
10,1YU2IXQqFYIYWr_44W1CCwkMln0XvUN9f,1pgeqVS6S1lWeoGNjYS8nm4m4xqAeuLRg,Depositphotos_213275092_xl-2015.jpg,https://drive.google.com/file/d/1pgeqVS6S1lWeoGNjYS8nm4m4xqAeuLRg/view?usp=drivesdk,image/jpeg,6404595,Deposit-photos,2026-02-25T00:14:50.077+05:30,,,,,,,,
10,1YU2IXQqFYIYWr_44W1CCwkMln0XvUN9f,1sVtDE4YprJ_fgUBAYdTdIhYrYsTADTMr,Depositphotos_210358980_xl-2015.jpg,https://drive.google.com/file/d/1sVtDE4YprJ_fgUBAYdTdIhYrYsTADTMr/view?usp=drivesdk,image/jpeg,2030410,Deposit-photos,2026-02-25T00:14:50.078+05:30,,,,,,,,
10,1YU2IXQqFYIYWr_44W1CCwkMln0XvUN9f,1Plelq7D36tGhNSBbgz0oxGUFZL0mdXP-,Depositphotos_208975296_xl-2015.jpg,https://drive.google.com/file/d/1Plelq7D36tGhNSBbgz0oxGUFZL0mdXP-/view?usp=drivesdk,image/jpeg,7323330,Deposit-photos,2026-02-25T00:14:50.079+05:30,,,,,,,,
10,1YU2IXQqFYIYWr_44W1CCwkMln0XvUN9f,1CEJ_cRmgYMdBMzRDEfeHXs01fdviO0qP,Depositphotos_203026330_xl-2015.jpg,https://drive.google.com/file/d/1CEJ_cRmgYMdBMzRDEfeHXs01fdviO0qP/view?usp=drivesdk,image/jpeg,5891075,Deposit-photos,2026-02-25T00:14:50.080+05:30,,,,,,,,
10,1YU2IXQqFYIYWr_44W1CCwkMln0XvUN9f,1VBPxZMxBnI83fzxML7_cC2xE-vgn4sFE,Depositphotos_202955498_xl-2015.jpg,https://drive.google.com/file/d/1VBPxZMxBnI83fzxML7_cC2xE-vgn4sFE/view?usp=drivesdk,image/jpeg,4502714,Deposit-photos,2026-02-25T00:14:50.081+05:30,,,,,,,,
10,1YU2IXQqFYIYWr_44W1CCwkMln0XvUN9f,1m-3DDF_ZI-k3NZNp4p17RZeOP1xNUqi7,Depositphotos_202895142_xl-2015.jpg,https://drive.google.com/file/d/1m-3DDF_ZI-k3NZNp4p17RZeOP1xNUqi7/view?usp=drivesdk,image/jpeg,2420523,Deposit-photos,2026-02-25T00:14:50.082+05:30,,,,,,,,
10,1YU2IXQqFYIYWr_44W1CCwkMln0XvUN9f,12_238QYmjyJ3KLAT6UwG3Ch6vfogiBi9,Depositphotos_196946438_xl-2015.jpg,https://drive.google.com/file/d/12_238QYmjyJ3KLAT6UwG3Ch6vfogiBi9/view?usp=drivesdk,image/jpeg,9175508,Deposit-photos,2026-02-25T00:14:50.083+05:30,,,,,,,,
10,1YU2IXQqFYIYWr_44W1CCwkMln0XvUN9f,1P73UPdn3zIFQdk7e0-TZxANU_2kD8tx9,Depositphotos_195746168_xl-2015.jpg,https://drive.google.com/file/d/1P73UPdn3zIFQdk7e0-TZxANU_2kD8tx9/view?usp=drivesdk,image/jpeg,10325171,Deposit-photos,2026-02-25T00:14:50.083+05:30,,,,,,,,
10,1YU2IXQqFYIYWr_44W1CCwkMln0XvUN9f,1gyPCNfHJMwC4HWLSZy42C-EvFTr1KLvE,Depositphotos_187272232_xl-2015.jpg,https://drive.google.com/file/d/1gyPCNfHJMwC4HWLSZy42C-EvFTr1KLvE/view?usp=drivesdk,image/jpeg,4042758,Deposit-photos,2026-02-25T00:14:50.084+05:30,,,,,,,,
10,1YU2IXQqFYIYWr_44W1CCwkMln0XvUN9f,1GpEctCqUnOa5K4RUQ3_jx12_rn7Ilc4s,Depositphotos_183818936_xl-2015.jpg,https://drive.google.com/file/d/1GpEctCqUnOa5K4RUQ3_jx12_rn7Ilc4s/view?usp=drivesdk,image/jpeg,5888866,Deposit-photos,2026-02-25T00:14:50.085+05:30,,,,,,,,
10,1YU2IXQqFYIYWr_44W1CCwkMln0XvUN9f,1pmvmWKx-MWRvvjlgKTcG1Gp0ZrkCrGXN,Depositphotos_18425665_original.jpg,https://drive.google.com/file/d/1pmvmWKx-MWRvvjlgKTcG1Gp0ZrkCrGXN/view?usp=drivesdk,image/jpeg,8107882,Deposit-photos,2026-02-25T00:14:50.086+05:30,,,,,,,,
10,1YU2IXQqFYIYWr_44W1CCwkMln0XvUN9f,18XnqPSR8xLOBZu7Rs8o8hEsclfzfofdJ,Depositphotos_18057877_original.jpg,https://drive.google.com/file/d/18XnqPSR8xLOBZu7Rs8o8hEsclfzfofdJ/view?usp=drivesdk,image/jpeg,5971073,Deposit-photos,2026-02-25T00:14:50.087+05:30,,,,,,,,
10,1YU2IXQqFYIYWr_44W1CCwkMln0XvUN9f,1CD1vpLMa4lF23vdnT_MYAYyoMeIbdBt-,Depositphotos_17434705_xl-2015.jpg,https://drive.google.com/file/d/1CD1vpLMa4lF23vdnT_MYAYyoMeIbdBt-/view?usp=drivesdk,image/jpeg,6825291,Deposit-photos,2026-02-25T00:14:50.089+05:30,,,,,,,,
10,1YU2IXQqFYIYWr_44W1CCwkMln0XvUN9f,1gdGVXjz0vawMedpXfsbdw2Is5oCuX_sW,Depositphotos_169352342_xl-2015.jpg,https://drive.google.com/file/d/1gdGVXjz0vawMedpXfsbdw2Is5oCuX_sW/view?usp=drivesdk,image/jpeg,318661,Deposit-photos,2026-02-25T00:14:50.090+05:30,,,,,,,,
10,1YU2IXQqFYIYWr_44W1CCwkMln0XvUN9f,1p3cVPMJtPQx5A64qe9f64lEYajNi956Z,Depositphotos_16040109_xl-2015.jpg,https://drive.google.com/file/d/1p3cVPMJtPQx5A64qe9f64lEYajNi956Z/view?usp=drivesdk,image/jpeg,6202648,Deposit-photos,2026-02-25T00:14:50.090+05:30,,,,,,,,
10,1YU2IXQqFYIYWr_44W1CCwkMln0XvUN9f,1Y5HhyAS9m_jE28DmaGjuwhinY-BReHI5,Depositphotos_14859897_xl-2015.jpg,https://drive.google.com/file/d/1Y5HhyAS9m_jE28DmaGjuwhinY-BReHI5/view?usp=drivesdk,image/jpeg,1400631,Deposit-photos,2026-02-25T00:14:50.091+05:30,,,,,,,,
10,1YU2IXQqFYIYWr_44W1CCwkMln0XvUN9f,1Y1HSE1K0yrbx4AMqVsTp-dmYEbsH080l,Depositphotos_147695285_xl-2015.jpg,https://drive.google.com/file/d/1Y1HSE1K0yrbx4AMqVsTp-dmYEbsH080l/view?usp=drivesdk,image/jpeg,4912222,Deposit-photos,2026-02-25T00:14:50.092+05:30,,,,,,,,
10,1YU2IXQqFYIYWr_44W1CCwkMln0XvUN9f,1HjVwqKKF4nW7copFPT9_b1k9193iIw11,Depositphotos_14455295_xl-2015.jpg,https://drive.google.com/file/d/1HjVwqKKF4nW7copFPT9_b1k9193iIw11/view?usp=drivesdk,image/jpeg,1287207,Deposit-photos,2026-02-25T00:14:50.093+05:30,,,,,,,,
10,1YU2IXQqFYIYWr_44W1CCwkMln0XvUN9f,1OFIG0oDg_ekdTDIUDI3Veg67a-QxohLY,Depositphotos_144364725_xl-2015.jpg,https://drive.google.com/file/d/1OFIG0oDg_ekdTDIUDI3Veg67a-QxohLY/view?usp=drivesdk,image/jpeg,7286852,Deposit-photos,2026-02-25T00:14:50.094+05:30,,,,,,,,
10,1YU2IXQqFYIYWr_44W1CCwkMln0XvUN9f,1YzbGtBJkCHAyMKU8VbyXpOn5v2xJCyRa,Depositphotos_13899158_original.jpg,https://drive.google.com/file/d/1YzbGtBJkCHAyMKU8VbyXpOn5v2xJCyRa/view?usp=drivesdk,image/jpeg,3401535,Deposit-photos,2026-02-25T00:14:50.095+05:30,,,,,,,,
10,1YU2IXQqFYIYWr_44W1CCwkMln0XvUN9f,1qeWnGJJFfwas6XPzzJ5ozCiPljgrIMGN,Depositphotos_138483464_xl-2015.jpg,https://drive.google.com/file/d/1qeWnGJJFfwas6XPzzJ5ozCiPljgrIMGN/view?usp=drivesdk,image/jpeg,5453767,Deposit-photos,2026-02-25T00:14:50.096+05:30,,,,,,,,
10,1YU2IXQqFYIYWr_44W1CCwkMln0XvUN9f,1o3P0U_dA8jOba_H0d0hqVtaE3nHxcteY,Depositphotos_136866764_xl-2015.jpg,https://drive.google.com/file/d/1o3P0U_dA8jOba_H0d0hqVtaE3nHxcteY/view?usp=drivesdk,image/jpeg,7292480,Deposit-photos,2026-02-25T00:14:50.097+05:30,,,,,,,,
10,1YU2IXQqFYIYWr_44W1CCwkMln0XvUN9f,1P7_kgEz2LL0-_FbpGmJ_XSkxXuIz1eAv,Depositphotos_13709946_original.jpg,https://drive.google.com/file/d/1P7_kgEz2LL0-_FbpGmJ_XSkxXuIz1eAv/view?usp=drivesdk,image/jpeg,4319665,Deposit-photos,2026-02-25T00:14:50.098+05:30,,,,,,,,
10,1YU2IXQqFYIYWr_44W1CCwkMln0XvUN9f,1o2I-oBSvBJjrJch839Qu6J8zN9WBIGQS,Depositphotos_13546069_xl-2015.jpg,https://drive.google.com/file/d/1o2I-oBSvBJjrJch839Qu6J8zN9WBIGQS/view?usp=drivesdk,image/jpeg,9149443,Deposit-photos,2026-02-25T00:14:50.098+05:30,,,,,,,,
10,1YU2IXQqFYIYWr_44W1CCwkMln0XvUN9f,1YfYcr4iDpvcQp1BsisDHD_s5Eqkwvf58,Depositphotos_13469724_xl-2015.jpg,https://drive.google.com/file/d/1YfYcr4iDpvcQp1BsisDHD_s5Eqkwvf58/view?usp=drivesdk,image/jpeg,3543706,Deposit-photos,2026-02-25T00:14:50.099+05:30,,,,,,,,
10,1YU2IXQqFYIYWr_44W1CCwkMln0XvUN9f,1r-UnatOh83JOn91GyA_TRaddhAD7NwIM,Depositphotos_134118276_xl-2015.jpg,https://drive.google.com/file/d/1r-UnatOh83JOn91GyA_TRaddhAD7NwIM/view?usp=drivesdk,image/jpeg,5234793,Deposit-photos,2026-02-25T00:14:50.100+05:30,,,,,,,,
10,1YU2IXQqFYIYWr_44W1CCwkMln0XvUN9f,1fJUAdHlO9YW9TGNnX9SB11C6TXjNT1_w,Depositphotos_132955186_xl-2015.jpg,https://drive.google.com/file/d/1fJUAdHlO9YW9TGNnX9SB11C6TXjNT1_w/view?usp=drivesdk,image/jpeg,7356570,Deposit-photos,2026-02-25T00:14:50.101+05:30,,,,,,,,
10,1YU2IXQqFYIYWr_44W1CCwkMln0XvUN9f,1S0fmRQFQT8nNwD3JF2Q3gfFeeC1mAhCU,Depositphotos_132926928_xl-2015.jpg,https://drive.google.com/file/d/1S0fmRQFQT8nNwD3JF2Q3gfFeeC1mAhCU/view?usp=drivesdk,image/jpeg,6098747,Deposit-photos,2026-02-25T00:14:50.102+05:30,,,,,,,,
10,1YU2IXQqFYIYWr_44W1CCwkMln0XvUN9f,1LZ-5l5YJL35qHu0dlftBp8QL0o3mg8mM,Depositphotos_13166054_xl-2015.jpg,https://drive.google.com/file/d/1LZ-5l5YJL35qHu0dlftBp8QL0o3mg8mM/view?usp=drivesdk,image/jpeg,4223151,Deposit-photos,2026-02-25T00:14:50.103+05:30,,,,,,,,
10,1YU2IXQqFYIYWr_44W1CCwkMln0XvUN9f,1cQmX0VRQypzp1vEox42QiQ9GP7IubzvF,Depositphotos_13166038_xl-2015.jpg,https://drive.google.com/file/d/1cQmX0VRQypzp1vEox42QiQ9GP7IubzvF/view?usp=drivesdk,image/jpeg,6170742,Deposit-photos,2026-02-25T00:14:50.104+05:30,,,,,,,,
10,1YU2IXQqFYIYWr_44W1CCwkMln0XvUN9f,1vCKwjUgFZIsG8zwsa5yMBiThOXKhBOAV,Depositphotos_13166037_xl-2015.jpg,https://drive.google.com/file/d/1vCKwjUgFZIsG8zwsa5yMBiThOXKhBOAV/view?usp=drivesdk,image/jpeg,6278778,Deposit-photos,2026-02-25T00:14:50.105+05:30,,,,,,,,
10,1YU2IXQqFYIYWr_44W1CCwkMln0XvUN9f,1C_Gt6v90CfJJztQtLvVn7odMwgRNu3wQ,Depositphotos_13136312_xl-2015.jpg,https://drive.google.com/file/d/1C_Gt6v90CfJJztQtLvVn7odMwgRNu3wQ/view?usp=drivesdk,image/jpeg,6720454,Deposit-photos,2026-02-25T00:14:50.106+05:30,,,,,,,,
10,1YU2IXQqFYIYWr_44W1CCwkMln0XvUN9f,1PlCnpEJmj1C_AkwHYt9qDHk2a6Nd3CuQ,Depositphotos_12983756_xl-2015.jpg,https://drive.google.com/file/d/1PlCnpEJmj1C_AkwHYt9qDHk2a6Nd3CuQ/view?usp=drivesdk,image/jpeg,4033585,Deposit-photos,2026-02-25T00:14:50.107+05:30,,,,,,,,
10,1YU2IXQqFYIYWr_44W1CCwkMln0XvUN9f,13q5tp-ITyInU83UkEfKqIfj3uZKrX5tL,Depositphotos_125873794_xl-2015.jpg,https://drive.google.com/file/d/13q5tp-ITyInU83UkEfKqIfj3uZKrX5tL/view?usp=drivesdk,image/jpeg,5344554,Deposit-photos,2026-02-25T00:14:50.108+05:30,,,,,,,,
10,1YU2IXQqFYIYWr_44W1CCwkMln0XvUN9f,1MMEtXgv6ajqLZsR_GgSFevYqeUf3QfFq,Depositphotos_121453322_xl-2015.jpg,https://drive.google.com/file/d/1MMEtXgv6ajqLZsR_GgSFevYqeUf3QfFq/view?usp=drivesdk,image/jpeg,5887858,Deposit-photos,2026-02-25T00:14:50.108+05:30,,,,,,,,
10,1YU2IXQqFYIYWr_44W1CCwkMln0XvUN9f,1HA3tPvGZngweCJ_e-DR6OWAPfYJWmJsG,Depositphotos_11629891_xl-2015.jpg,https://drive.google.com/file/d/1HA3tPvGZngweCJ_e-DR6OWAPfYJWmJsG/view?usp=drivesdk,image/jpeg,5123188,Deposit-photos,2026-02-25T00:14:50.109+05:30,,,,,,,,
10,1YU2IXQqFYIYWr_44W1CCwkMln0XvUN9f,15BKF4AWLclhK46NzeiCoU3sEdD3T4O7D,Depositphotos_11320405_xl-2015.jpg,https://drive.google.com/file/d/15BKF4AWLclhK46NzeiCoU3sEdD3T4O7D/view?usp=drivesdk,image/jpeg,4066992,Deposit-photos,2026-02-25T00:14:50.110+05:30,,,,,,,,
10,1YU2IXQqFYIYWr_44W1CCwkMln0XvUN9f,1Dpl-NpxJ-SmQE4N6ni5awA0Yax6kRQDd,Depositphotos_108840262_xl-2015.jpg,https://drive.google.com/file/d/1Dpl-NpxJ-SmQE4N6ni5awA0Yax6kRQDd/view?usp=drivesdk,image/jpeg,3596973,Deposit-photos,2026-02-25T00:14:50.111+05:30,,,,,,,,
10,1YU2IXQqFYIYWr_44W1CCwkMln0XvUN9f,1axGWtyCCyYbWzgh6Erj8NauOcKdjNpcM,Depositphotos_108034740_xl-2015.jpg,https://drive.google.com/file/d/1axGWtyCCyYbWzgh6Erj8NauOcKdjNpcM/view?usp=drivesdk,image/jpeg,5298590,Deposit-photos,2026-02-25T00:14:50.112+05:30,,,,,,,,
10,1YU2IXQqFYIYWr_44W1CCwkMln0XvUN9f,19B1OGmXThdD3Xfc69M2RFhoA1Wndc1i7,Depositphotos_107999614_xl-2015.jpg,https://drive.google.com/file/d/19B1OGmXThdD3Xfc69M2RFhoA1Wndc1i7/view?usp=drivesdk,image/jpeg,2054133,Deposit-photos,2026-02-25T00:14:50.113+05:30,,,,,,,,
10,1YU2IXQqFYIYWr_44W1CCwkMln0XvUN9f,1v7AD9rzVzldnLX9OZYYvIeRp65Q1qLwW,Depositphotos_106603108_xl-2015.jpg,https://drive.google.com/file/d/1v7AD9rzVzldnLX9OZYYvIeRp65Q1qLwW/view?usp=drivesdk,image/jpeg,2238482,Deposit-photos,2026-02-25T00:14:50.114+05:30,,,,,,,,
10,1YU2IXQqFYIYWr_44W1CCwkMln0XvUN9f,1tbGZVOoLx5Q5fFhM22AmL_a1D_5Yq72t,Depositphotos_106424080_xl-2015.jpg,https://drive.google.com/file/d/1tbGZVOoLx5Q5fFhM22AmL_a1D_5Yq72t/view?usp=drivesdk,image/jpeg,5110945,Deposit-photos,2026-02-25T00:14:50.115+05:30,,,,,,,,
10,1YU2IXQqFYIYWr_44W1CCwkMln0XvUN9f,1k-PQXYBwhJmduvp37iLQ1vKOyPFljlWe,Depositphotos_104047230_xl-2015.jpg,https://drive.google.com/file/d/1k-PQXYBwhJmduvp37iLQ1vKOyPFljlWe/view?usp=drivesdk,image/jpeg,3086184,Deposit-photos,2026-02-25T00:14:50.116+05:30,,,,,,,,
10,1YU2IXQqFYIYWr_44W1CCwkMln0XvUN9f,1_R6pECiBJBtAOWXWU0Zh4X5pyrMWNkRO,Depositphotos_103152324_xl-2015.jpg,https://drive.google.com/file/d/1_R6pECiBJBtAOWXWU0Zh4X5pyrMWNkRO/view?usp=drivesdk,image/jpeg,4853668,Deposit-photos,2026-02-25T00:14:50.117+05:30,,,,,,,,
10,1YU2IXQqFYIYWr_44W1CCwkMln0XvUN9f,1PqLecHQ9cNa2QqLqs_0JBFLfodOKiS6e,Depositphotos_10142532_xl-2015.jpg,https://drive.google.com/file/d/1PqLecHQ9cNa2QqLqs_0JBFLfodOKiS6e/view?usp=drivesdk,image/jpeg,7179290,Deposit-photos,2026-02-25T00:14:50.118+05:30,,,,,,,,
10,1YU2IXQqFYIYWr_44W1CCwkMln0XvUN9f,19UTKbvb01SuZfkvGghLKQOHdAdfqKd5L,Depositphotos_102228594_xl-2015.jpg,https://drive.google.com/file/d/19UTKbvb01SuZfkvGghLKQOHdAdfqKd5L/view?usp=drivesdk,image/jpeg,2081720,Deposit-photos,2026-02-25T00:14:50.118+05:30,,,,,,,,
10,1YU2IXQqFYIYWr_44W1CCwkMln0XvUN9f,1qr3mKaad-W8ZR_paKVr7wrB86MmzpaTr,Depositphotos_101116000_xl-2015.jpg,https://drive.google.com/file/d/1qr3mKaad-W8ZR_paKVr7wrB86MmzpaTr/view?usp=drivesdk,image/jpeg,2115703,Deposit-photos,2026-02-25T00:14:50.119+05:30,,,,,,,,
10,1YU2IXQqFYIYWr_44W1CCwkMln0XvUN9f,1FZMrp4ZaBpPcx-KPwlcXb9yECbYcKZaE,Depositphotos_100260938_xl-2015.jpg,https://drive.google.com/file/d/1FZMrp4ZaBpPcx-KPwlcXb9yECbYcKZaE/view?usp=drivesdk,image/jpeg,3102242,Deposit-photos,2026-02-25T00:14:50.120+05:30,,,,,,,,
10,1YU2IXQqFYIYWr_44W1CCwkMln0XvUN9f,1a5BCq25m38uWV-Qk9al1iXchzISLTvNX,assessment.jpg,https://drive.google.com/file/d/1a5BCq25m38uWV-Qk9al1iXchzISLTvNX/view?usp=drivesdk,image/jpeg,6753639,Deposit-photos,2026-02-25T00:14:50.121+05:30,,,,,,,,
10,1YU2IXQqFYIYWr_44W1CCwkMln0XvUN9f,1fmWOQR4EWjp0wVNu7RoVrGdFjnDvgy1W,1361.jpg,https://drive.google.com/file/d/1fmWOQR4EWjp0wVNu7RoVrGdFjnDvgy1W/view?usp=drivesdk,image/jpeg,935598,Deposit-photos,2026-02-25T00:14:50.122+05:30,,,,,,,,
10,1YU2IXQqFYIYWr_44W1CCwkMln0XvUN9f,1d9x1-tNtr_1vE4QCNbc5srj6nqC2e22o,Depositphotos_422997638_XL.jpg,https://drive.google.com/file/d/1d9x1-tNtr_1vE4QCNbc5srj6nqC2e22o/view?usp=drivesdk,image/jpeg,2300264,Deposit-photos,2026-02-25T00:14:50.123+05:30,,,,,,,,
10,1YU2IXQqFYIYWr_44W1CCwkMln0XvUN9f,1-r4np_vQobl6N3g3AQPESnl2PJBwj9dJ,Depositphotos_206990992_XL.jpg,https://drive.google.com/file/d/1-r4np_vQobl6N3g3AQPESnl2PJBwj9dJ/view?usp=drivesdk,image/jpeg,14470344,Deposit-photos,2026-02-25T00:14:50.124+05:30,,,,,,,,
10,1YU2IXQqFYIYWr_44W1CCwkMln0XvUN9f,1zkd2OHv1aONYd_70ra9dWkBoAFHYUmnO,Depositphotos_372903326_XL.jpg,https://drive.google.com/file/d/1zkd2OHv1aONYd_70ra9dWkBoAFHYUmnO/view?usp=drivesdk,image/jpeg,7925044,Deposit-photos,2026-02-25T00:14:50.124+05:30,,,,,,,,
10,1YU2IXQqFYIYWr_44W1CCwkMln0XvUN9f,1nHpZxYFMXfAC6WQ1XhDJD2wYVFSB-x0_,Depositphotos_547488614_XL.jpg,https://drive.google.com/file/d/1nHpZxYFMXfAC6WQ1XhDJD2wYVFSB-x0_/view?usp=drivesdk,image/jpeg,13808241,Deposit-photos,2026-02-25T00:14:50.125+05:30,,,,,,,,
10,1YU2IXQqFYIYWr_44W1CCwkMln0XvUN9f,1-HMGbWa59oKDBud0XZL3muLA-vpDyGYf,Depositphotos_242699012_XL.jpg,https://drive.google.com/file/d/1-HMGbWa59oKDBud0XZL3muLA-vpDyGYf/view?usp=drivesdk,image/jpeg,3276030,Deposit-photos,2026-02-25T00:14:50.127+05:30,,,,,,,,
10,1YU2IXQqFYIYWr_44W1CCwkMln0XvUN9f,1-H7pVQn996XCm8j37zdjWmDTQK0eywdN,Depositphotos_536047248_XL.jpg,https://drive.google.com/file/d/1-H7pVQn996XCm8j37zdjWmDTQK0eywdN/view?usp=drivesdk,image/jpeg,9715867,Deposit-photos,2026-02-25T00:14:50.128+05:30,,,,,,,,
10,1YU2IXQqFYIYWr_44W1CCwkMln0XvUN9f,157x85PL5ctz8stK4NkYMtlVTLR6nDZ-v,Depositphotos_6691831_XL.jpg,https://drive.google.com/file/d/157x85PL5ctz8stK4NkYMtlVTLR6nDZ-v/view?usp=drivesdk,image/jpeg,4530944,Deposit-photos,2026-02-25T00:14:50.129+05:30,,,,,,,,
10,1YU2IXQqFYIYWr_44W1CCwkMln0XvUN9f,17iFBsoRSvnp6yTQUACNIaYqeCZFwAq1t,Depositphotos_196650784_XL.jpg,https://drive.google.com/file/d/17iFBsoRSvnp6yTQUACNIaYqeCZFwAq1t/view?usp=drivesdk,image/jpeg,3690197,Deposit-photos,2026-02-25T00:14:50.130+05:30,,,,,,,,
10,1YU2IXQqFYIYWr_44W1CCwkMln0XvUN9f,1VZ0ObHTptI6PvsYWayOdxk3DX3mMzCjW,Depositphotos_271354346_XL.jpg,https://drive.google.com/file/d/1VZ0ObHTptI6PvsYWayOdxk3DX3mMzCjW/view?usp=drivesdk,image/jpeg,11969513,Deposit-photos,2026-02-25T00:14:50.131+05:30,,,,,,,,
10,1YU2IXQqFYIYWr_44W1CCwkMln0XvUN9f,1hKMBTbTWdHzCK5kztl-yBWbX9uKPswOi,Depositphotos_154010750_XL.jpg,https://drive.google.com/file/d/1hKMBTbTWdHzCK5kztl-yBWbX9uKPswOi/view?usp=drivesdk,image/jpeg,6920624,Deposit-photos,2026-02-25T00:14:50.132+05:30,,,,,,,,
10,1YU2IXQqFYIYWr_44W1CCwkMln0XvUN9f,1DdNpniPWDM_Wi-AuEI9m9xUm4RXxA2ap,Depositphotos_250060570_XL.jpg,https://drive.google.com/file/d/1DdNpniPWDM_Wi-AuEI9m9xUm4RXxA2ap/view?usp=drivesdk,image/jpeg,9721925,Deposit-photos,2026-02-25T00:14:50.132+05:30,,,,,,,,
10,1YU2IXQqFYIYWr_44W1CCwkMln0XvUN9f,1wle-BbjntvrIav0M3hUCE5BwEgA6KwqZ,Depositphotos_195745476_xl-2015.jpg,https://drive.google.com/file/d/1wle-BbjntvrIav0M3hUCE5BwEgA6KwqZ/view?usp=drivesdk,image/jpeg,11796673,Deposit-photos,2026-02-25T00:14:50.133+05:30,,,,,,,,
10,1YU2IXQqFYIYWr_44W1CCwkMln0XvUN9f,1wyR0BYLFy3BbItW-fJJPz5XKdfbxch7_,Depositphotos_75318463_xl-2015.jpg,https://drive.google.com/file/d/1wyR0BYLFy3BbItW-fJJPz5XKdfbxch7_/view?usp=drivesdk,image/jpeg,1983434,Deposit-photos,2026-02-25T00:14:50.134+05:30,,,,,,,,
10,1YU2IXQqFYIYWr_44W1CCwkMln0XvUN9f,1b2YaueypibeE4QpUJOUGGjPLQ4A7FhmI,Depositphotos_99285096_xl-2015.jpg,https://drive.google.com/file/d/1b2YaueypibeE4QpUJOUGGjPLQ4A7FhmI/view?usp=drivesdk,image/jpeg,3569399,Deposit-photos,2026-02-25T00:14:50.136+05:30,,,,,,,,
10,1YU2IXQqFYIYWr_44W1CCwkMln0XvUN9f,1OHsfJ8UOzG_jJSm9LtakvajaWzMTA79t,Depositphotos_195744638_xl-2015.jpg,https://drive.google.com/file/d/1OHsfJ8UOzG_jJSm9LtakvajaWzMTA79t/view?usp=drivesdk,image/jpeg,11930948,Deposit-photos,2026-02-25T00:14:50.137+05:30,,,,,,,,
10,1YU2IXQqFYIYWr_44W1CCwkMln0XvUN9f,1BTSdKvYfJQYTBRAuyqdNlywgHhM9uEnD,Depositphotos_239053322_xl-2015.jpg,https://drive.google.com/file/d/1BTSdKvYfJQYTBRAuyqdNlywgHhM9uEnD/view?usp=drivesdk,image/jpeg,7592556,Deposit-photos,2026-02-25T00:14:50.138+05:30,,,,,,,,
10,1YU2IXQqFYIYWr_44W1CCwkMln0XvUN9f,1qjCFRTpaAjqhdsxbqs4b5Ugai95TxXv8,Depositphotos_115155996_xl-2015.jpg,https://drive.google.com/file/d/1qjCFRTpaAjqhdsxbqs4b5Ugai95TxXv8/view?usp=drivesdk,image/jpeg,11987693,Deposit-photos,2026-02-25T00:14:50.139+05:30,,,,,,,,
10,1YU2IXQqFYIYWr_44W1CCwkMln0XvUN9f,1cDb2ttY77KuZzfV_Z5Xly0b9KfIGfBhb,Depositphotos_4014503_xl-2015.jpg,https://drive.google.com/file/d/1cDb2ttY77KuZzfV_Z5Xly0b9KfIGfBhb/view?usp=drivesdk,image/jpeg,2620004,Deposit-photos,2026-02-25T00:14:50.140+05:30,,,,,,,,
10,1YU2IXQqFYIYWr_44W1CCwkMln0XvUN9f,1YjbucEGBJQsiyXvs333n1dnFdpIOhbRQ,Depositphotos_16361363_xl-2015.jpg,https://drive.google.com/file/d/1YjbucEGBJQsiyXvs333n1dnFdpIOhbRQ/view?usp=drivesdk,image/jpeg,4001720,Deposit-photos,2026-02-25T00:14:50.141+05:30,,,,,,,,
10,1YU2IXQqFYIYWr_44W1CCwkMln0XvUN9f,1Wi7pN-pc_oR8X8VrqFcVU2tVrwwvLYcF,Depositphotos_12848559_xl-2015.jpg,https://drive.google.com/file/d/1Wi7pN-pc_oR8X8VrqFcVU2tVrwwvLYcF/view?usp=drivesdk,image/jpeg,1880660,Deposit-photos,2026-02-25T00:14:50.141+05:30,,,,,,,,
10,1YU2IXQqFYIYWr_44W1CCwkMln0XvUN9f,1Su4Cfy4Z14-3ax_Tv17CYLNRm3NryoKI,Depositphotos_90291142_xl-2015.jpg,https://drive.google.com/file/d/1Su4Cfy4Z14-3ax_Tv17CYLNRm3NryoKI/view?usp=drivesdk,image/jpeg,12198521,Deposit-photos,2026-02-25T00:14:50.143+05:30,,,,,,,,
10,1YU2IXQqFYIYWr_44W1CCwkMln0XvUN9f,1ojSm33bh_xLOSDdggsR0Acc4p6RNmeVh,Depositphotos_91770186_xl-2015.jpg,https://drive.google.com/file/d/1ojSm33bh_xLOSDdggsR0Acc4p6RNmeVh/view?usp=drivesdk,image/jpeg,13551788,Deposit-photos,2026-02-25T00:14:50.145+05:30,,,,,,,,
10,1YU2IXQqFYIYWr_44W1CCwkMln0XvUN9f,15oWm61zbnVu7V9AwWEn-6IFB-1Ap32gN,hi technology49.jpg,https://drive.google.com/file/d/15oWm61zbnVu7V9AwWEn-6IFB-1Ap32gN/view?usp=drivesdk,image/jpeg,2539417,Deposit-photos,2026-02-25T00:14:50.146+05:30,,,,,,,,
10,1YU2IXQqFYIYWr_44W1CCwkMln0XvUN9f,10znsBn1gc1nv8oTbiRBKDOTfjIyGjmo8,Depositphotos_128071338_xl-2015.jpg,https://drive.google.com/file/d/10znsBn1gc1nv8oTbiRBKDOTfjIyGjmo8/view?usp=drivesdk,image/jpeg,3514456,Deposit-photos,2026-02-25T00:14:50.147+05:30,,,,,,,,
10,1YU2IXQqFYIYWr_44W1CCwkMln0XvUN9f,1q2UaEFTovAsusM4Qnj_I7-FRf4bf9M6n,Depositphotos_198479438_xl-2015.jpg,https://drive.google.com/file/d/1q2UaEFTovAsusM4Qnj_I7-FRf4bf9M6n/view?usp=drivesdk,image/jpeg,8826140,Deposit-photos,2026-02-25T00:14:50.148+05:30,,,,,,,,
10,1YU2IXQqFYIYWr_44W1CCwkMln0XvUN9f,19TrghTPGTSMAcMyTFlOBRqykZfVuU1Jk,Depositphotos_1908512_xl-2015.jpg,https://drive.google.com/file/d/19TrghTPGTSMAcMyTFlOBRqykZfVuU1Jk/view?usp=drivesdk,image/jpeg,2989294,Deposit-photos,2026-02-25T00:14:50.150+05:30,,,,,,,,
10,1YU2IXQqFYIYWr_44W1CCwkMln0XvUN9f,1B126acxSgNxYMXXMydtdwtPRaM_jo69H,Depositphotos_191571306_xl-2015.jpg,https://drive.google.com/file/d/1B126acxSgNxYMXXMydtdwtPRaM_jo69H/view?usp=drivesdk,image/jpeg,7234139,Deposit-photos,2026-02-25T00:14:50.151+05:30,,,,,,,,
10,1YU2IXQqFYIYWr_44W1CCwkMln0XvUN9f,14YPYTCIXflTWyZSPntadDvAt_0QShzFN,Depositphotos_53344869_xl-2015.jpg,https://drive.google.com/file/d/14YPYTCIXflTWyZSPntadDvAt_0QShzFN/view?usp=drivesdk,image/jpeg,2539417,Deposit-photos,2026-02-25T00:14:50.152+05:30,,,,,,,,
10,1YU2IXQqFYIYWr_44W1CCwkMln0XvUN9f,1q4Oe7HCXa5mdS_y1NIP_Zp_-zIGSkoPP,Depositphotos_125873794_xl-2015.jpg,https://drive.google.com/file/d/1q4Oe7HCXa5mdS_y1NIP_Zp_-zIGSkoPP/view?usp=drivesdk,image/jpeg,5344554,Deposit-photos,2026-02-25T00:14:50.152+05:30,,,,,,,,
10,1YU2IXQqFYIYWr_44W1CCwkMln0XvUN9f,0B1arJgT4MulCUk4xdmhmMG1Ddnc,Depositphotos_13006153_original.jpg,https://drive.google.com/file/d/0B1arJgT4MulCUk4xdmhmMG1Ddnc/view?usp=drivesdk&resourcekey=0-Oi1fAyx9pv-fO2xyXrFJWw,image/jpeg,4677033,Deposit-photos,2026-02-25T00:14:50.153+05:30,,,,,,,,
10,1YU2IXQqFYIYWr_44W1CCwkMln0XvUN9f,0B1arJgT4MulCLUJNOW0yYkxNRTA,Depositphotos_141817560_original.jpg,https://drive.google.com/file/d/0B1arJgT4MulCLUJNOW0yYkxNRTA/view?usp=drivesdk&resourcekey=0-e_ebRr5OC2gQMbHwdruxmQ,image/jpeg,13694334,Deposit-photos,2026-02-25T00:14:50.154+05:30,,,,,,,,
10,1YU2IXQqFYIYWr_44W1CCwkMln0XvUN9f,0B1arJgT4MulCRUNwZnFidF9ISFU,Depositphotos_137223072_original.jpg,https://drive.google.com/file/d/0B1arJgT4MulCRUNwZnFidF9ISFU/view?usp=drivesdk&resourcekey=0-36L8h3nBgZOJKKf4_Cva0g,image/jpeg,9490317,Deposit-photos,2026-02-25T00:14:50.155+05:30,,,,,,,,
10,1YU2IXQqFYIYWr_44W1CCwkMln0XvUN9f,0B1arJgT4MulCbVJxamhWakFCT0k,Depositphotos_103471982_original.jpg,https://drive.google.com/file/d/0B1arJgT4MulCbVJxamhWakFCT0k/view?usp=drivesdk&resourcekey=0-64eo3T8FSdar6XsAesrX_A,image/jpeg,4835932,Deposit-photos,2026-02-25T00:14:50.156+05:30,,,,,,,,
10,1YU2IXQqFYIYWr_44W1CCwkMln0XvUN9f,0B1arJgT4MulCeF9pdDRtWUpTMDA,Depositphotos_74599325_original.jpg,https://drive.google.com/file/d/0B1arJgT4MulCeF9pdDRtWUpTMDA/view?usp=drivesdk&resourcekey=0-00E0OwKGouJryi2XPLzh1g,image/jpeg,7906680,Deposit-photos,2026-02-25T00:14:50.157+05:30,,,,,,,,
10,1YU2IXQqFYIYWr_44W1CCwkMln0XvUN9f,0B1arJgT4MulCdGZ0d0Z4SEpTQzg,Depositphotos_58435735_original.jpg,https://drive.google.com/file/d/0B1arJgT4MulCdGZ0d0Z4SEpTQzg/view?usp=drivesdk&resourcekey=0-DuWAhvTbBvmbWSaZ_TLVVA,image/jpeg,5327932,Deposit-photos,2026-02-25T00:14:50.158+05:30,,,,,,,,
10,1YU2IXQqFYIYWr_44W1CCwkMln0XvUN9f,0B1arJgT4MulCcUZzdzRfMEQ3TE0,Depositphotos_39266619_original.jpg,https://drive.google.com/file/d/0B1arJgT4MulCcUZzdzRfMEQ3TE0/view?usp=drivesdk&resourcekey=0-W-KqBKQiQv3laom99UT7GQ,image/jpeg,8662098,Deposit-photos,2026-02-25T00:14:50.159+05:30,,,,,,,,
10,1YU2IXQqFYIYWr_44W1CCwkMln0XvUN9f,0B1arJgT4MulCdkZ5c2dXOUNyUTg,Depositphotos_21813679_original.jpg,https://drive.google.com/file/d/0B1arJgT4MulCdkZ5c2dXOUNyUTg/view?usp=drivesdk&resourcekey=0-cU7UlttMRxre0FthFvL9Tw,image/jpeg,6282223,Deposit-photos,2026-02-25T00:14:50.159+05:30,,,,,,,,
1,1i5a_2OkfNReFNJPQLCKWNHtqNkHsTpeb,1beiAbnj9BotqUatEX5jbR444NtHEX3Pr,smiling-factory-worker-with-hard-hat-standing-factory-production-line.jpg,https://drive.google.com/file/d/1beiAbnj9BotqUatEX5jbR444NtHEX3Pr/view?usp=drivesdk,image/jpeg,20185581,Freepik,2026-02-25T00:14:48.422+05:30,Unprocessed,,,,,,,
1,1i5a_2OkfNReFNJPQLCKWNHtqNkHsTpeb,1R6Evj7aJnW_7CWBl7QM4wX95ARtJ_AsS,standard-quality-control-collage-concept.jpg,https://drive.google.com/file/d/1R6Evj7aJnW_7CWBl7QM4wX95ARtJ_AsS/view?usp=drivesdk,image/jpeg,23961028,Freepik,2026-02-25T00:14:48.455+05:30,Unprocessed,,,,,,,
2,1rCXMvp9jTUB_cTPa1hqsBCEeW-S3pMqH,1Sdn0yNwyRi3tdLPrlsSk5mqBlLEc9nzD,31969.png,https://drive.google.com/file/d/1Sdn0yNwyRi3tdLPrlsSk5mqBlLEc9nzD/view?usp=drivesdk,image/png,28791,Vector,2026-02-25T00:14:48.488+05:30,,,,,,,,
3,1GwI7nT8jlllVvlVWGH_Bq_lqoxxH4GVE,1g_s2hONDrID8UFJ47nDc1BTt6AVXWGyk,iStock-618337932.jpg,https://drive.google.com/file/d/1g_s2hONDrID8UFJ47nDc1BTt6AVXWGyk/view?usp=drivesdk,image/jpeg,28069477,iStock,2026-02-25T00:14:48.510+05:30,,,,,,,,
3,1GwI7nT8jlllVvlVWGH_Bq_lqoxxH4GVE,1VuDEeJV0Se8a7KaZFoCAteNTmoL4CJC3,iStock-2148450586.jpg,https://drive.google.com/file/d/1VuDEeJV0Se8a7KaZFoCAteNTmoL4CJC3/view?usp=drivesdk,image/jpeg,30082071,iStock,2026-02-25T00:14:48.512+05:30,,,,,,,,
3,1GwI7nT8jlllVvlVWGH_Bq_lqoxxH4GVE,1wNVKEhs1b0xUjWnjdv5XJBSlDHKCJSY5,iStock-1333816292.jpg,https://drive.google.com/file/d/1wNVKEhs1b0xUjWnjdv5XJBSlDHKCJSY5/view?usp=drivesdk,image/jpeg,19963939,iStock,2026-02-25T00:14:48.513+05:30,,,,,,,,
3,1GwI7nT8jlllVvlVWGH_Bq_lqoxxH4GVE,1r8RKKB7gXx2PJDpOfg9riLdMYWOie6OG,iStock-639796244.jpg,https://drive.google.com/file/d/1r8RKKB7gXx2PJDpOfg9riLdMYWOie6OG/view?usp=drivesdk,image/jpeg,20001778,iStock,2026-02-25T00:14:48.515+05:30,,,,,,,,
3,1GwI7nT8jlllVvlVWGH_Bq_lqoxxH4GVE,1_NvKeLITLkPTwh5WQsC5rUMPzD2GdLIh,iStock-1469477381.jpg,https://drive.google.com/file/d/1_NvKeLITLkPTwh5WQsC5rUMPzD2GdLIh/view?usp=drivesdk,image/jpeg,15784129,iStock,2026-02-25T00:14:48.528+05:30,,,,,,,,
3,1GwI7nT8jlllVvlVWGH_Bq_lqoxxH4GVE,1YWUHxkN4oJDq2KrJTEguYlYMO9lbW7bN,iStock-1445262065.jpg,https://drive.google.com/file/d/1YWUHxkN4oJDq2KrJTEguYlYMO9lbW7bN/view?usp=drivesdk,image/jpeg,25093581,iStock,2026-02-25T00:14:48.532+05:30,,,,,,,,
3,1GwI7nT8jlllVvlVWGH_Bq_lqoxxH4GVE,1Y6hBygOGnqOCBSPLn7kS14KhQPQ40zDX,iStock-1204021485.jpg,https://drive.google.com/file/d/1Y6hBygOGnqOCBSPLn7kS14KhQPQ40zDX/view?usp=drivesdk,image/jpeg,16448225,iStock,2026-02-25T00:14:48.534+05:30,,,,,,,,
3,1GwI7nT8jlllVvlVWGH_Bq_lqoxxH4GVE,1W9r4ZvN5XBq9aQI5blqKBIHeoZBKES7C,iStock-1296963883.jpg,https://drive.google.com/file/d/1W9r4ZvN5XBq9aQI5blqKBIHeoZBKES7C/view?usp=drivesdk,image/jpeg,19824839,iStock,2026-02-25T00:14:48.540+05:30,,,,,,,,
3,1GwI7nT8jlllVvlVWGH_Bq_lqoxxH4GVE,1z3r0Dx5GpPWfCcHpd3YZSMgN6lK05700,iStock-1356387389.jpg,https://drive.google.com/file/d/1z3r0Dx5GpPWfCcHpd3YZSMgN6lK05700/view?usp=drivesdk,image/jpeg,17277355,iStock,2026-02-25T00:14:48.543+05:30,,,,,,,,
3,1GwI7nT8jlllVvlVWGH_Bq_lqoxxH4GVE,18nFZ_iaZgGhp1OR0i-0wcuhF8xdpFBDM,iStock-1369913945.jpg,https://drive.google.com/file/d/18nFZ_iaZgGhp1OR0i-0wcuhF8xdpFBDM/view?usp=drivesdk,image/jpeg,16452019,iStock,2026-02-25T00:14:48.570+05:30,,,,,,,,
3,1GwI7nT8jlllVvlVWGH_Bq_lqoxxH4GVE,18l1c4IVblayEEsqKJspDdqLe_qsFAKVq,iStock-1438181980.jpg,https://drive.google.com/file/d/18l1c4IVblayEEsqKJspDdqLe_qsFAKVq/view?usp=drivesdk,image/jpeg,19353843,iStock,2026-02-25T00:14:48.570+05:30,,,,,,,,
3,1GwI7nT8jlllVvlVWGH_Bq_lqoxxH4GVE,15iyJpLYDNKkrS2b_d8W1ChXs9W8hK6bm,iStock-2158288885.jpg,https://drive.google.com/file/d/15iyJpLYDNKkrS2b_d8W1ChXs9W8hK6bm/view?usp=drivesdk,image/jpeg,22669998,iStock,2026-02-25T00:14:48.575+05:30,,,,,,,,
3,1GwI7nT8jlllVvlVWGH_Bq_lqoxxH4GVE,14pSXSnrXsJvx0cZ0YIFa0fNIxnNvMqQk,iStock-647209552.jpg,https://drive.google.com/file/d/14pSXSnrXsJvx0cZ0YIFa0fNIxnNvMqQk/view?usp=drivesdk,image/jpeg,17496821,iStock,2026-02-25T00:14:48.578+05:30,,,,,,,,
3,1GwI7nT8jlllVvlVWGH_Bq_lqoxxH4GVE,1Cht2jSf9VTgfo52krDQ1sk3ndJNzJCen,iStock-1449412576.jpg,https://drive.google.com/file/d/1Cht2jSf9VTgfo52krDQ1sk3ndJNzJCen/view?usp=drivesdk,image/jpeg,26871966,iStock,2026-02-25T00:14:48.596+05:30,,,,,,,,
3,1GwI7nT8jlllVvlVWGH_Bq_lqoxxH4GVE,1AAHsSQ8K8pNxLnvUMKrNxwWddbut68oE,iStock-1396801868.jpg,https://drive.google.com/file/d/1AAHsSQ8K8pNxLnvUMKrNxwWddbut68oE/view?usp=drivesdk,image/jpeg,43127965,iStock,2026-02-25T00:14:48.561+05:30,,,,,,,,
3,1GwI7nT8jlllVvlVWGH_Bq_lqoxxH4GVE,11buhNTJ5t5l5pZeRWw14lECTy0mHYKvr,iStock-1297914649.jpg,https://drive.google.com/file/d/11buhNTJ5t5l5pZeRWw14lECTy0mHYKvr/view?usp=drivesdk,image/jpeg,25473804,iStock,2026-02-25T00:14:48.607+05:30,,,,,,,,
3,1GwI7nT8jlllVvlVWGH_Bq_lqoxxH4GVE,11bX3eT95_Hi0lHb7pouu7WLNgX2HA2LD,iStock-1169752616.jpg,https://drive.google.com/file/d/11bX3eT95_Hi0lHb7pouu7WLNgX2HA2LD/view?usp=drivesdk,image/jpeg,19666101,iStock,2026-02-25T00:14:48.608+05:30,,,,,,,,
3,1GwI7nT8jlllVvlVWGH_Bq_lqoxxH4GVE,1psGVT4feutTQG4QakftAIqAwEIEsnfuk,iStock-616902766.jpg,https://drive.google.com/file/d/1psGVT4feutTQG4QakftAIqAwEIEsnfuk/view?usp=drivesdk,image/jpeg,19281766,iStock,2026-02-25T00:14:48.614+05:30,,,,,,,,
3,1GwI7nT8jlllVvlVWGH_Bq_lqoxxH4GVE,1sugTcVz5UDLYW7ORq9zzQYHw31Qok7WU,iStock-1351973376.jpg,https://drive.google.com/file/d/1sugTcVz5UDLYW7ORq9zzQYHw31Qok7WU/view?usp=drivesdk,image/jpeg,18938337,iStock,2026-02-25T00:14:48.639+05:30,,,,,,,,
3,1GwI7nT8jlllVvlVWGH_Bq_lqoxxH4GVE,1stv_PrjG5CSozSnX8YrXlKj9DC9iZdmg,iStock-1338736300.jpg,https://drive.google.com/file/d/1stv_PrjG5CSozSnX8YrXlKj9DC9iZdmg/view?usp=drivesdk,image/jpeg,25225164,iStock,2026-02-25T00:14:48.641+05:30,,,,,,,,
3,1GwI7nT8jlllVvlVWGH_Bq_lqoxxH4GVE,1sTYlDzaABdOu9dT0eQFsDQY_L_8vivU8,iStock-1133804313.jpg,https://drive.google.com/file/d/1sTYlDzaABdOu9dT0eQFsDQY_L_8vivU8/view?usp=drivesdk,image/jpeg,16505105,iStock,2026-02-25T00:14:48.645+05:30,,,,,,,,
3,1GwI7nT8jlllVvlVWGH_Bq_lqoxxH4GVE,1F9nUviaagXk0plwqOV_kkH3O0b-hCRYh,iStock-1207549264.jpg,https://drive.google.com/file/d/1F9nUviaagXk0plwqOV_kkH3O0b-hCRYh/view?usp=drivesdk,image/jpeg,18749871,iStock,2026-02-25T00:14:48.668+05:30,,,,,,,,
3,1GwI7nT8jlllVvlVWGH_Bq_lqoxxH4GVE,1SGxxGtLEc0c6DoFFxx2axdY_yQUifTxL,iStock-1159591390.jpg,https://drive.google.com/file/d/1SGxxGtLEc0c6DoFFxx2axdY_yQUifTxL/view?usp=drivesdk,image/jpeg,19427254,iStock,2026-02-25T00:14:48.670+05:30,,,,,,,,
3,1GwI7nT8jlllVvlVWGH_Bq_lqoxxH4GVE,1nUvaUK7LmkO5ulSH-s1NX43X5Kkrcy5_,iStock-1081869346.jpg,https://drive.google.com/file/d/1nUvaUK7LmkO5ulSH-s1NX43X5Kkrcy5_/view?usp=drivesdk,image/jpeg,18945263,iStock,2026-02-25T00:14:48.671+05:30,,,,,,,,
3,1GwI7nT8jlllVvlVWGH_Bq_lqoxxH4GVE,13ybuzUjG_VHknyDvvkKJmX0T8i29CS3G,iStock-1402843115.jpg,https://drive.google.com/file/d/13ybuzUjG_VHknyDvvkKJmX0T8i29CS3G/view?usp=drivesdk,image/jpeg,23656529,iStock,2026-02-25T00:14:48.686+05:30,,,,,,,,
3,1GwI7nT8jlllVvlVWGH_Bq_lqoxxH4GVE,1GP9ZWxAklrv54CE90TWWKIJlDePj3mYp,iStock-1427875240.jpg,https://drive.google.com/file/d/1GP9ZWxAklrv54CE90TWWKIJlDePj3mYp/view?usp=drivesdk,image/jpeg,16188535,iStock,2026-02-25T00:14:48.691+05:30,,,,,,,,
3,1GwI7nT8jlllVvlVWGH_Bq_lqoxxH4GVE,1KdqVb6Lc8AGmeQV_HKxgz2JzU1QVJS4Q,iStock-1569434171.jpg,https://drive.google.com/file/d/1KdqVb6Lc8AGmeQV_HKxgz2JzU1QVJS4Q/view?usp=drivesdk,image/jpeg,18591655,iStock,2026-02-25T00:14:48.695+05:30,,,,,,,,
3,1GwI7nT8jlllVvlVWGH_Bq_lqoxxH4GVE,1GT2rzIhkOWbdfikhkLXce2EJOy0R7chq,iStock-1159375409.jpg,https://drive.google.com/file/d/1GT2rzIhkOWbdfikhkLXce2EJOy0R7chq/view?usp=drivesdk,image/jpeg,36509524,iStock,2026-02-25T00:14:48.704+05:30,,,,,,,,
3,1GwI7nT8jlllVvlVWGH_Bq_lqoxxH4GVE,1FyapTsP1A6FClgUAb6eEO9_fIcKTCfZW,iStock-862661268.jpg,https://drive.google.com/file/d/1FyapTsP1A6FClgUAb6eEO9_fIcKTCfZW/view?usp=drivesdk,image/jpeg,15965411,iStock,2026-02-25T00:14:48.705+05:30,,,,,,,,
3,1GwI7nT8jlllVvlVWGH_Bq_lqoxxH4GVE,18Wdr-YweIiVI9OCnKggSqdYaZL3mfxNh,iStock-1488202271.jpg,https://drive.google.com/file/d/18Wdr-YweIiVI9OCnKggSqdYaZL3mfxNh/view?usp=drivesdk,image/jpeg,18912474,iStock,2026-02-25T00:14:48.706+05:30,,,,,,,,
3,1GwI7nT8jlllVvlVWGH_Bq_lqoxxH4GVE,1OXt2lDY-834j_Cj3OrY-zF1IB-DFLpLD,iStock-1004801546.jpg,https://drive.google.com/file/d/1OXt2lDY-834j_Cj3OrY-zF1IB-DFLpLD/view?usp=drivesdk,image/jpeg,23006474,iStock,2026-02-25T00:14:48.716+05:30,,,,,,,,
3,1GwI7nT8jlllVvlVWGH_Bq_lqoxxH4GVE,1cZLq2L1xh5QlNVqQtfomFirCKrQSmYKd,iStock-1368210233.jpg,https://drive.google.com/file/d/1cZLq2L1xh5QlNVqQtfomFirCKrQSmYKd/view?usp=drivesdk,image/jpeg,28309731,iStock,2026-02-25T00:14:48.719+05:30,,,,,,,,
3,1GwI7nT8jlllVvlVWGH_Bq_lqoxxH4GVE,1PdS-D9gcAswDo5OK8ZsrlW1qnTx6a9CC,iStock-1408222473.jpg,https://drive.google.com/file/d/1PdS-D9gcAswDo5OK8ZsrlW1qnTx6a9CC/view?usp=drivesdk,image/jpeg,44793329,iStock,2026-02-25T00:14:48.728+05:30,,,,,,,,
3,1GwI7nT8jlllVvlVWGH_Bq_lqoxxH4GVE,1iUQc1x0Wcc2DTl8AFQD4nQ8e9uTX3o7E,iStock-1218201981.jpg,https://drive.google.com/file/d/1iUQc1x0Wcc2DTl8AFQD4nQ8e9uTX3o7E/view?usp=drivesdk,image/jpeg,18973030,iStock,2026-02-25T00:14:48.731+05:30,,,,,,,,
3,1GwI7nT8jlllVvlVWGH_Bq_lqoxxH4GVE,10BAVaekV4hgjoCdlNNtT4l3X1wiZdJ4J,iStock-531904575.jpg,https://drive.google.com/file/d/10BAVaekV4hgjoCdlNNtT4l3X1wiZdJ4J/view?usp=drivesdk,image/jpeg,16986454,iStock,2026-02-25T00:14:48.734+05:30,,,,,,,,
3,1GwI7nT8jlllVvlVWGH_Bq_lqoxxH4GVE,1-dGnaF__Ex59bs5BWKqhZEYitJ3pIHjI,iStock-1340650006.jpg,https://drive.google.com/file/d/1-dGnaF__Ex59bs5BWKqhZEYitJ3pIHjI/view?usp=drivesdk,image/jpeg,27782679,iStock,2026-02-25T00:14:48.741+05:30,,,,,,,,
3,1GwI7nT8jlllVvlVWGH_Bq_lqoxxH4GVE,1prIDB-yvOAPvEP0ftSIo4Q7wColxpmEq,iStock-1185878322.jpg,https://drive.google.com/file/d/1prIDB-yvOAPvEP0ftSIo4Q7wColxpmEq/view?usp=drivesdk,image/jpeg,25141569,iStock,2026-02-25T00:14:48.753+05:30,,,,,,,,
3,1GwI7nT8jlllVvlVWGH_Bq_lqoxxH4GVE,1NNmUj00_bakuObzafK2Hzx94hu7gKg0a,iStock-1302423098.jpg,https://drive.google.com/file/d/1NNmUj00_bakuObzafK2Hzx94hu7gKg0a/view?usp=drivesdk,image/jpeg,21143404,iStock,2026-02-25T00:14:48.754+05:30,,,,,,,,
3,1GwI7nT8jlllVvlVWGH_Bq_lqoxxH4GVE,1ceu5H1k-eTOJCR_EiczFkCo2BKrs3zJH,iStock-1412683418.jpg,https://drive.google.com/file/d/1ceu5H1k-eTOJCR_EiczFkCo2BKrs3zJH/view?usp=drivesdk,image/jpeg,18901249,iStock,2026-02-25T00:14:48.755+05:30,,,,,,,,
3,1GwI7nT8jlllVvlVWGH_Bq_lqoxxH4GVE,1vjJ3nnqkXs0Ap67194bsz4kSxHCGjRyk,iStock-1303136894.jpg,https://drive.google.com/file/d/1vjJ3nnqkXs0Ap67194bsz4kSxHCGjRyk/view?usp=drivesdk,image/jpeg,24584133,iStock,2026-02-25T00:14:48.759+05:30,,,,,,,,
3,1GwI7nT8jlllVvlVWGH_Bq_lqoxxH4GVE,17qBVUpzLL2AnYQpwaSffvcvLprN45zXE,iStock-1199735414.jpg,https://drive.google.com/file/d/17qBVUpzLL2AnYQpwaSffvcvLprN45zXE/view?usp=drivesdk,image/jpeg,16111573,iStock,2026-02-25T00:14:48.771+05:30,,,,,,,,
3,1GwI7nT8jlllVvlVWGH_Bq_lqoxxH4GVE,1XLdl4SWRguDr_5mFOCwWdHaEheJlqmGm,iStock-1211282695.jpg,https://drive.google.com/file/d/1XLdl4SWRguDr_5mFOCwWdHaEheJlqmGm/view?usp=drivesdk,image/jpeg,22062904,iStock,2026-02-25T00:14:48.773+05:30,,,,,,,,
3,1GwI7nT8jlllVvlVWGH_Bq_lqoxxH4GVE,1vLr7hnBRh8mf-6DA48eKBvxxSbg1cofk,iStock-1309783183.jpg,https://drive.google.com/file/d/1vLr7hnBRh8mf-6DA48eKBvxxSbg1cofk/view?usp=drivesdk,image/jpeg,21946333,iStock,2026-02-25T00:14:48.776+05:30,,,,,,,,
3,1GwI7nT8jlllVvlVWGH_Bq_lqoxxH4GVE,1O_Rj0PW3ZQpNKoyZYPnLvUYKF2fCmoiH,iStock-1071488226.jpg,https://drive.google.com/file/d/1O_Rj0PW3ZQpNKoyZYPnLvUYKF2fCmoiH/view?usp=drivesdk,image/jpeg,17111769,iStock,2026-02-25T00:14:48.779+05:30,,,,,,,,
3,1GwI7nT8jlllVvlVWGH_Bq_lqoxxH4GVE,16hevM_Yj3yP8O5nRWD_OkLZUFJy9KXCv,iStock-1468927914.jpg,https://drive.google.com/file/d/16hevM_Yj3yP8O5nRWD_OkLZUFJy9KXCv/view?usp=drivesdk,image/jpeg,17927438,iStock,2026-02-25T00:14:48.788+05:30,,,,,,,,
5,1Hy2AVmYgYzx3AKibB-Wc-bsCk-8RwOnd,1Id1dzuK_E9sE7NalL0q5w7EVf5YPLSw1,AdobeStock_429015029 copy.jpg,https://drive.google.com/file/d/1Id1dzuK_E9sE7NalL0q5w7EVf5YPLSw1/view?usp=drivesdk,image/jpeg,25579818,Adobe Stock,2026-02-25T00:14:48.794+05:30,,,,,,,,
6,1YVCdLuJeUtZRRHFvcQlDbZRhFpKe1H9O,1XwC4RE9w7IGVxklcRBAe9QBvDVknxsKp,shutterstock_1685851777.jpg,https://drive.google.com/file/d/1XwC4RE9w7IGVxklcRBAe9QBvDVknxsKp/view?usp=drivesdk,image/jpeg,19474800,Shutterstock,2026-02-25T00:14:48.839+05:30,,,,,,,,
6,1YVCdLuJeUtZRRHFvcQlDbZRhFpKe1H9O,1Xw5jh5FH17kDSFc_VuSqWX-IzLEDtMkS,shutterstock_2293911663.jpg,https://drive.google.com/file/d/1Xw5jh5FH17kDSFc_VuSqWX-IzLEDtMkS/view?usp=drivesdk,image/jpeg,17760238,Shutterstock,2026-02-25T00:14:48.841+05:30,,,,,,,,
6,1YVCdLuJeUtZRRHFvcQlDbZRhFpKe1H9O,1-TQV8-62p1CwsypaUzVya7aqDHjUOWO4,shutterstock_2509140209.jpg,https://drive.google.com/file/d/1-TQV8-62p1CwsypaUzVya7aqDHjUOWO4/view?usp=drivesdk,image/jpeg,16467554,Shutterstock,2026-02-25T00:14:48.850+05:30,,,,,,,,
6,1YVCdLuJeUtZRRHFvcQlDbZRhFpKe1H9O,1-CbRi-A_1iJf60feezK0Kn2tvAwpcdRQ,shutterstock_1862328481.jpg,https://drive.google.com/file/d/1-CbRi-A_1iJf60feezK0Kn2tvAwpcdRQ/view?usp=drivesdk,image/jpeg,28875332,Shutterstock,2026-02-25T00:14:48.851+05:30,,,,,,,,
6,1YVCdLuJeUtZRRHFvcQlDbZRhFpKe1H9O,1KxM7Vw7YtXswc3c6TJkJ-ZusleNnGjBa,shutterstock_2443774299.jpg,https://drive.google.com/file/d/1KxM7Vw7YtXswc3c6TJkJ-ZusleNnGjBa/view?usp=drivesdk,image/jpeg,16316486,Shutterstock,2026-02-25T00:14:48.901+05:30,,,,,,,,
6,1YVCdLuJeUtZRRHFvcQlDbZRhFpKe1H9O,1KehIr-UIM0ReOh48AWacQYKRcBvCWhC9,shutterstock_2300411557.jpg,https://drive.google.com/file/d/1KehIr-UIM0ReOh48AWacQYKRcBvCWhC9/view?usp=drivesdk,image/jpeg,19465591,Shutterstock,2026-02-25T00:14:48.902+05:30,,,,,,,,
6,1YVCdLuJeUtZRRHFvcQlDbZRhFpKe1H9O,1UoIPGYkPnQJuhrML_Gk_27XK2bphTnY3,shutterstock_739242352.jpg,https://drive.google.com/file/d/1UoIPGYkPnQJuhrML_Gk_27XK2bphTnY3/view?usp=drivesdk,image/jpeg,19584219,Shutterstock,2026-02-25T00:14:48.925+05:30,,,,,,,,
6,1YVCdLuJeUtZRRHFvcQlDbZRhFpKe1H9O,1AkXzm2tI5R1GV3E8bf9NvfAittBqElxy,shutterstock_2271198751.jpg,https://drive.google.com/file/d/1AkXzm2tI5R1GV3E8bf9NvfAittBqElxy/view?usp=drivesdk,image/jpeg,17733126,Shutterstock,2026-02-25T00:14:48.951+05:30,,,,,,,,
6,1YVCdLuJeUtZRRHFvcQlDbZRhFpKe1H9O,1JrWTlIvt-pncu05mrh6gZ71OaLtj2rnR,shutterstock_1213583158.jpg,https://drive.google.com/file/d/1JrWTlIvt-pncu05mrh6gZ71OaLtj2rnR/view?usp=drivesdk,image/jpeg,25692091,Shutterstock,2026-02-25T00:14:48.967+05:30,,,,,,,,
6,1YVCdLuJeUtZRRHFvcQlDbZRhFpKe1H9O,1DQBxWYSk9fVuVVVIpRVn8VaoVqA1KUfS,shutterstock_1566492097.jpg,https://drive.google.com/file/d/1DQBxWYSk9fVuVVVIpRVn8VaoVqA1KUfS/view?usp=drivesdk,image/jpeg,16043681,Shutterstock,2026-02-25T00:14:48.969+05:30,,,,,,,,
6,1YVCdLuJeUtZRRHFvcQlDbZRhFpKe1H9O,1wsM6P-y4_2wdSGCWU4z4mFykMfH2Uo13,shutterstock_1840707055.jpg,https://drive.google.com/file/d/1wsM6P-y4_2wdSGCWU4z4mFykMfH2Uo13/view?usp=drivesdk,image/jpeg,24537632,Shutterstock,2026-02-25T00:14:48.971+05:30,,,,,,,,
6,1YVCdLuJeUtZRRHFvcQlDbZRhFpKe1H9O,1I_cVxWrSq9eXDux5arV_r1VOnIMrzvjS,shutterstock_1795372234.jpg,https://drive.google.com/file/d/1I_cVxWrSq9eXDux5arV_r1VOnIMrzvjS/view?usp=drivesdk,image/jpeg,16023931,Shutterstock,2026-02-25T00:14:48.972+05:30,,,,,,,,
6,1YVCdLuJeUtZRRHFvcQlDbZRhFpKe1H9O,1bYocJXRD0qjGoHELkR7TnTnkbwcgay2d,shutterstock_1554488696.jpg,https://drive.google.com/file/d/1bYocJXRD0qjGoHELkR7TnTnkbwcgay2d/view?usp=drivesdk,image/jpeg,16317441,Shutterstock,2026-02-25T00:14:48.980+05:30,,,,,,,,
6,1YVCdLuJeUtZRRHFvcQlDbZRhFpKe1H9O,1Es3hTJhRrmuuCJonpaiwhNfvDTp0OMOT,shutterstock_1201594534.jpg,https://drive.google.com/file/d/1Es3hTJhRrmuuCJonpaiwhNfvDTp0OMOT/view?usp=drivesdk,image/jpeg,24764297,Shutterstock,2026-02-25T00:14:48.986+05:30,,,,,,,,
6,1YVCdLuJeUtZRRHFvcQlDbZRhFpKe1H9O,1jQxGmv138Wv88-8f51NILee6ONQdRUHJ,shutterstock_1491704432.jpg,https://drive.google.com/file/d/1jQxGmv138Wv88-8f51NILee6ONQdRUHJ/view?usp=drivesdk,image/jpeg,16076337,Shutterstock,2026-02-25T00:14:48.991+05:30,,,,,,,,
6,1YVCdLuJeUtZRRHFvcQlDbZRhFpKe1H9O,1RfKhGjNbw_DaXySz_ZQeUFwlqMhp1AIr,shutterstock_1355507264.jpg,https://drive.google.com/file/d/1RfKhGjNbw_DaXySz_ZQeUFwlqMhp1AIr/view?usp=drivesdk,image/jpeg,17544348,Shutterstock,2026-02-25T00:14:48.995+05:30,,,,,,,,
6,1YVCdLuJeUtZRRHFvcQlDbZRhFpKe1H9O,1K8GECNWbjqJMgBT98wtUGi4H3mZfNQJY,shutterstock_1451794178.jpg,https://drive.google.com/file/d/1K8GECNWbjqJMgBT98wtUGi4H3mZfNQJY/view?usp=drivesdk,image/jpeg,27804517,Shutterstock,2026-02-25T00:14:49.013+05:30,,,,,,,,
6,1YVCdLuJeUtZRRHFvcQlDbZRhFpKe1H9O,1PHZhBcdiGg1ljeTe536caTY5yjtcA1kX,shutterstock_271773008.jpg,https://drive.google.com/file/d/1PHZhBcdiGg1ljeTe536caTY5yjtcA1kX/view?usp=drivesdk,image/jpeg,22357837,Shutterstock,2026-02-25T00:14:49.018+05:30,,,,,,,,
6,1YVCdLuJeUtZRRHFvcQlDbZRhFpKe1H9O,17N6spV6_gdtl9f8fCdqnB-TcTSKnSh3z,shutterstock_1903082818.jpg,https://drive.google.com/file/d/17N6spV6_gdtl9f8fCdqnB-TcTSKnSh3z/view?usp=drivesdk,image/jpeg,17793844,Shutterstock,2026-02-25T00:14:49.029+05:30,,,,,,,,
6,1YVCdLuJeUtZRRHFvcQlDbZRhFpKe1H9O,1bZsiL8p10XjP8U8d59CThCb0vc0INUHI,shutterstock_2464896121.jpg,https://drive.google.com/file/d/1bZsiL8p10XjP8U8d59CThCb0vc0INUHI/view?usp=drivesdk,image/jpeg,18973555,Shutterstock,2026-02-25T00:14:49.031+05:30,,,,,,,,
6,1YVCdLuJeUtZRRHFvcQlDbZRhFpKe1H9O,1D4TwSC5ZRjSp3rDNu5tVnbxVkbfZrIXM,shutterstock_2002025357_edited.png,https://drive.google.com/file/d/1D4TwSC5ZRjSp3rDNu5tVnbxVkbfZrIXM/view?usp=drivesdk,image/png,32049286,Shutterstock,2026-02-25T00:14:49.033+05:30,,,,,,,,
6,1YVCdLuJeUtZRRHFvcQlDbZRhFpKe1H9O,1tS-iPipskFffuVOQ2OW7hAnqBQTs-ZHt,shutterstock_1679005963.jpg,https://drive.google.com/file/d/1tS-iPipskFffuVOQ2OW7hAnqBQTs-ZHt/view?usp=drivesdk,image/jpeg,25369516,Shutterstock,2026-02-25T00:14:49.034+05:30,,,,,,,,
6,1YVCdLuJeUtZRRHFvcQlDbZRhFpKe1H9O,1HRSmKbSUj-C34zNYIx0H2ejWwyA93ReS,shutterstock_1706779105.jpg,https://drive.google.com/file/d/1HRSmKbSUj-C34zNYIx0H2ejWwyA93ReS/view?usp=drivesdk,image/jpeg,29431673,Shutterstock,2026-02-25T00:14:49.039+05:30,,,,,,,,
6,1YVCdLuJeUtZRRHFvcQlDbZRhFpKe1H9O,1tN0e7BA-wGaROTliX-rpiAQVW3WcVNV8,shutterstock_1403263916.jpg,https://drive.google.com/file/d/1tN0e7BA-wGaROTliX-rpiAQVW3WcVNV8/view?usp=drivesdk,image/jpeg,26504984,Shutterstock,2026-02-25T00:14:49.041+05:30,,,,,,,,
6,1YVCdLuJeUtZRRHFvcQlDbZRhFpKe1H9O,15V5PX_YL8TXwZsPU6kWGqbTI7bwaYjY2,shutterstock_2291020237.jpg,https://drive.google.com/file/d/15V5PX_YL8TXwZsPU6kWGqbTI7bwaYjY2/view?usp=drivesdk,image/jpeg,19763185,Shutterstock,2026-02-25T00:14:49.050+05:30,,,,,,,,
6,1YVCdLuJeUtZRRHFvcQlDbZRhFpKe1H9O,1ZpUQPF4ikxh6D5MjQMneayKAsAXIt8AL,shutterstock_1483370378.jpg,https://drive.google.com/file/d/1ZpUQPF4ikxh6D5MjQMneayKAsAXIt8AL/view?usp=drivesdk,image/jpeg,21086576,Shutterstock,2026-02-25T00:14:49.064+05:30,,,,,,,,
6,1YVCdLuJeUtZRRHFvcQlDbZRhFpKe1H9O,1SVM1VBQ3PanzCmrvQgOl0KeLL2Z1sff-,shutterstock_1935601552.jpg,https://drive.google.com/file/d/1SVM1VBQ3PanzCmrvQgOl0KeLL2Z1sff-/view?usp=drivesdk,image/jpeg,20115678,Shutterstock,2026-02-25T00:14:49.073+05:30,,,,,,,,
6,1YVCdLuJeUtZRRHFvcQlDbZRhFpKe1H9O,1OvQE0VQVo_l6mx7KA8Bw5k8rvAlCh1FH,shutterstock_1854083689.jpg,https://drive.google.com/file/d/1OvQE0VQVo_l6mx7KA8Bw5k8rvAlCh1FH/view?usp=drivesdk,image/jpeg,21992631,Shutterstock,2026-02-25T00:14:49.079+05:30,,,,,,,,
6,1YVCdLuJeUtZRRHFvcQlDbZRhFpKe1H9O,1T1liPV-71PBNPK3ysKXjuUoXB2eW93MQ,shutterstock_1833043318.jpg,https://drive.google.com/file/d/1T1liPV-71PBNPK3ysKXjuUoXB2eW93MQ/view?usp=drivesdk,image/jpeg,19759239,Shutterstock,2026-02-25T00:14:49.080+05:30,,,,,,,,
6,1YVCdLuJeUtZRRHFvcQlDbZRhFpKe1H9O,1OfWHYqbJN4fQzt3eRIlNestvAh9ElYM6,shutterstock_1242789379.jpg,https://drive.google.com/file/d/1OfWHYqbJN4fQzt3eRIlNestvAh9ElYM6/view?usp=drivesdk,image/jpeg,17138850,Shutterstock,2026-02-25T00:14:49.090+05:30,,,,,,,,
6,1YVCdLuJeUtZRRHFvcQlDbZRhFpKe1H9O,13R44TSs07mBTTrDf0_jxPmjawfJbaNqa,shutterstock_1928683655.jpg,https://drive.google.com/file/d/13R44TSs07mBTTrDf0_jxPmjawfJbaNqa/view?usp=drivesdk,image/jpeg,32964297,Shutterstock,2026-02-25T00:14:49.093+05:30,,,,,,,,
6,1YVCdLuJeUtZRRHFvcQlDbZRhFpKe1H9O,1gmJFeZemuF2tcXo0rpB_busjrCeTEdNM,shutterstock_2283958221.jpg,https://drive.google.com/file/d/1gmJFeZemuF2tcXo0rpB_busjrCeTEdNM/view?usp=drivesdk,image/jpeg,24298554,Shutterstock,2026-02-25T00:14:49.094+05:30,,,,,,,,
6,1YVCdLuJeUtZRRHFvcQlDbZRhFpKe1H9O,1RYEmKUvG4kTqukrpQgXJF7R4u4c9LyHa,shutterstock_1975936445.jpg,https://drive.google.com/file/d/1RYEmKUvG4kTqukrpQgXJF7R4u4c9LyHa/view?usp=drivesdk,image/jpeg,19351270,Shutterstock,2026-02-25T00:14:49.109+05:30,,,,,,,,
6,1YVCdLuJeUtZRRHFvcQlDbZRhFpKe1H9O,1Tpu5HLlW-hXJOrmrAthrU-syTiaIlR-s,shutterstock_528564613.jpg,https://drive.google.com/file/d/1Tpu5HLlW-hXJOrmrAthrU-syTiaIlR-s/view?usp=drivesdk,image/jpeg,21936174,Shutterstock,2026-02-25T00:14:49.110+05:30,,,,,,,,
6,1YVCdLuJeUtZRRHFvcQlDbZRhFpKe1H9O,1v-saPyeOuHjhYijs-vXTHC4nSzddyMNo,shutterstock_2272781817.jpg,https://drive.google.com/file/d/1v-saPyeOuHjhYijs-vXTHC4nSzddyMNo/view?usp=drivesdk,image/jpeg,19439571,Shutterstock,2026-02-25T00:14:49.114+05:30,,,,,,,,
6,1YVCdLuJeUtZRRHFvcQlDbZRhFpKe1H9O,1OrmbXAvpKVYrjGa6fbEN6GTZfxvfDWho,shutterstock_1994383121.jpg,https://drive.google.com/file/d/1OrmbXAvpKVYrjGa6fbEN6GTZfxvfDWho/view?usp=drivesdk,image/jpeg,15756936,Shutterstock,2026-02-25T00:14:49.120+05:30,,,,,,,,
6,1YVCdLuJeUtZRRHFvcQlDbZRhFpKe1H9O,1jUsCHH-RmWqyQ_yIl1Bj34NfciE34kIq,shutterstock_2169118473.jpg,https://drive.google.com/file/d/1jUsCHH-RmWqyQ_yIl1Bj34NfciE34kIq/view?usp=drivesdk,image/jpeg,21028307,Shutterstock,2026-02-25T00:14:49.122+05:30,,,,,,,,
6,1YVCdLuJeUtZRRHFvcQlDbZRhFpKe1H9O,1vbzMs0_1DqVYEqIIBwGerpwbnhM0FylS,shutterstock_2169841789.jpg,https://drive.google.com/file/d/1vbzMs0_1DqVYEqIIBwGerpwbnhM0FylS/view?usp=drivesdk,image/jpeg,21641226,Shutterstock,2026-02-25T00:14:49.160+05:30,,,,,,,,
6,1YVCdLuJeUtZRRHFvcQlDbZRhFpKe1H9O,1Fu0jtW2RMa9Rc2A4rjabWAl1ywouyYIn,shutterstock_1333732334.jpg,https://drive.google.com/file/d/1Fu0jtW2RMa9Rc2A4rjabWAl1ywouyYIn/view?usp=drivesdk,image/jpeg,18004652,Shutterstock,2026-02-25T00:14:49.168+05:30,,,,,,,,
6,1YVCdLuJeUtZRRHFvcQlDbZRhFpKe1H9O,1TOoyF0Obl8fa8AW8sgoLvs2ED_8QTi-f,shutterstock_696061426.jpg,https://drive.google.com/file/d/1TOoyF0Obl8fa8AW8sgoLvs2ED_8QTi-f/view?usp=drivesdk,image/jpeg,19396021,Shutterstock,2026-02-25T00:14:49.187+05:30,,,,,,,,
6,1YVCdLuJeUtZRRHFvcQlDbZRhFpKe1H9O,1qbi_Yn1QTjckTPygYtz_Tg8ZPklxe1nb,shutterstock_1619122537.jpg,https://drive.google.com/file/d/1qbi_Yn1QTjckTPygYtz_Tg8ZPklxe1nb/view?usp=drivesdk,image/jpeg,17340921,Shutterstock,2026-02-25T00:14:49.280+05:30,,,,,,,,
6,1YVCdLuJeUtZRRHFvcQlDbZRhFpKe1H9O,1DrOvoztD95iFkE3I5AtZqVOddo67Mr1c,shutterstock_1246780240.jpg,https://drive.google.com/file/d/1DrOvoztD95iFkE3I5AtZqVOddo67Mr1c/view?usp=drivesdk,image/jpeg,20974543,Shutterstock,2026-02-25T00:14:49.193+05:30,,,,,,,,
6,1YVCdLuJeUtZRRHFvcQlDbZRhFpKe1H9O,1iQXhSD0-yiI_J9FslA9nc0uZiT8rbNEQ,shutterstock_1917248702.jpg,https://drive.google.com/file/d/1iQXhSD0-yiI_J9FslA9nc0uZiT8rbNEQ/view?usp=drivesdk,image/jpeg,17574030,Shutterstock,2026-02-25T00:14:49.194+05:30,,,,,,,,
6,1YVCdLuJeUtZRRHFvcQlDbZRhFpKe1H9O,1IYFv3BTiBgTcCcHx4wsxpOGQoBA3zrRi,shutterstock_2014536965.jpg,https://drive.google.com/file/d/1IYFv3BTiBgTcCcHx4wsxpOGQoBA3zrRi/view?usp=drivesdk,image/jpeg,17451012,Shutterstock,2026-02-25T00:14:49.195+05:30,,,,,,,,
6,1YVCdLuJeUtZRRHFvcQlDbZRhFpKe1H9O,1Q5IlAbidsSVKqPzbYcFOermFREGN0SpW,shutterstock_1889074585.jpg,https://drive.google.com/file/d/1Q5IlAbidsSVKqPzbYcFOermFREGN0SpW/view?usp=drivesdk,image/jpeg,16784058,Shutterstock,2026-02-25T00:14:49.207+05:30,,,,,,,,
6,1YVCdLuJeUtZRRHFvcQlDbZRhFpKe1H9O,1GMjWjqd1qFpsHf8coyEw6ix1VSwSWx_M,shutterstock_2079161488.jpg,https://drive.google.com/file/d/1GMjWjqd1qFpsHf8coyEw6ix1VSwSWx_M/view?usp=drivesdk,image/jpeg,18173626,Shutterstock,2026-02-25T00:14:49.208+05:30,,,,,,,,
6,1YVCdLuJeUtZRRHFvcQlDbZRhFpKe1H9O,1suPcS6ThV6iVa8mRkTDMwycSlCw4mSFh,shutterstock_1972230215.jpg,https://drive.google.com/file/d/1suPcS6ThV6iVa8mRkTDMwycSlCw4mSFh/view?usp=drivesdk,image/jpeg,35326808,Shutterstock,2026-02-25T00:14:49.213+05:30,,,,,,,,
6,1YVCdLuJeUtZRRHFvcQlDbZRhFpKe1H9O,10EcsUdqCrZZWpIVSNdqkhK3T4g4RyWIj,shutterstock_1453781327.jpg,https://drive.google.com/file/d/10EcsUdqCrZZWpIVSNdqkhK3T4g4RyWIj/view?usp=drivesdk,image/jpeg,24394847,Shutterstock,2026-02-25T00:14:49.216+05:30,,,,,,,,
6,1YVCdLuJeUtZRRHFvcQlDbZRhFpKe1H9O,1UjrKRqpUlgIuxO-VI3Cyj7afmkcEKLNj,shutterstock_1708142914.jpg,https://drive.google.com/file/d/1UjrKRqpUlgIuxO-VI3Cyj7afmkcEKLNj/view?usp=drivesdk,image/jpeg,30069814,Shutterstock,2026-02-25T00:14:49.234+05:30,,,,,,,,
6,1YVCdLuJeUtZRRHFvcQlDbZRhFpKe1H9O,1_9wJWr49oCR7jRS2NfXG1rLDZuBsU1OQ,shutterstock_2021326835.jpg,https://drive.google.com/file/d/1_9wJWr49oCR7jRS2NfXG1rLDZuBsU1OQ/view?usp=drivesdk,image/jpeg,23940122,Shutterstock,2026-02-25T00:14:49.235+05:30,,,,,,,,
6,1YVCdLuJeUtZRRHFvcQlDbZRhFpKe1H9O,1QgnBlJ2TCwos6qvUyP1Uy2aQN4u0ORzZ,shutterstock_2306924053.jpg,https://drive.google.com/file/d/1QgnBlJ2TCwos6qvUyP1Uy2aQN4u0ORzZ/view?usp=drivesdk,image/jpeg,16792486,Shutterstock,2026-02-25T00:14:49.243+05:30,,,,,,,,
6,1YVCdLuJeUtZRRHFvcQlDbZRhFpKe1H9O,1EYOmiWDDEr2yDftkkaacfacWBmKSQynS,shutterstock_1568820157.jpg,https://drive.google.com/file/d/1EYOmiWDDEr2yDftkkaacfacWBmKSQynS/view?usp=drivesdk,image/jpeg,17086069,Shutterstock,2026-02-25T00:14:49.244+05:30,,,,,,,,
6,1YVCdLuJeUtZRRHFvcQlDbZRhFpKe1H9O,1_Ct3KbMxVHjOlHTjlqUscGZb9E7oq6qG,shutterstock_2332286999.jpg,https://drive.google.com/file/d/1_Ct3KbMxVHjOlHTjlqUscGZb9E7oq6qG/view?usp=drivesdk,image/jpeg,16753308,Shutterstock,2026-02-25T00:14:49.245+05:30,,,,,,,,
6,1YVCdLuJeUtZRRHFvcQlDbZRhFpKe1H9O,1VYyL9wpWMm7iZYxYT5bQxSCqypXAfiHF,shutterstock_2153706577.jpg,https://drive.google.com/file/d/1VYyL9wpWMm7iZYxYT5bQxSCqypXAfiHF/view?usp=drivesdk,image/jpeg,16680356,Shutterstock,2026-02-25T00:14:49.250+05:30,,,,,,,,
6,1YVCdLuJeUtZRRHFvcQlDbZRhFpKe1H9O,1oZNIf_f7nVYroFviAJtCpwmMAGn89Bo6,shutterstock_2118042206.jpg,https://drive.google.com/file/d/1oZNIf_f7nVYroFviAJtCpwmMAGn89Bo6/view?usp=drivesdk,image/jpeg,18445069,Shutterstock,2026-02-25T00:14:49.258+05:30,,,,,,,,
6,1YVCdLuJeUtZRRHFvcQlDbZRhFpKe1H9O,1OvWGoraeLp_8665fNJfigYP9KmXt-boq,shutterstock_2311435351.jpg,https://drive.google.com/file/d/1OvWGoraeLp_8665fNJfigYP9KmXt-boq/view?usp=drivesdk,image/jpeg,27060612,Shutterstock,2026-02-25T00:14:49.276+05:30,,,,,,,,
6,1YVCdLuJeUtZRRHFvcQlDbZRhFpKe1H9O,1JE67a8K2u5qvj76tGuTC9xXfKLdKlBnz,shutterstock_1291723876.jpg,https://drive.google.com/file/d/1JE67a8K2u5qvj76tGuTC9xXfKLdKlBnz/view?usp=drivesdk,image/jpeg,19257070,Shutterstock,2026-02-25T00:14:49.308+05:30,,,,,,,,
6,1YVCdLuJeUtZRRHFvcQlDbZRhFpKe1H9O,1Uc5eCm-yYOW-zuwcVjLgCazYAsLh2tDJ,shutterstock_1490010281.jpg,https://drive.google.com/file/d/1Uc5eCm-yYOW-zuwcVjLgCazYAsLh2tDJ/view?usp=drivesdk,image/jpeg,23824687,Shutterstock,2026-02-25T00:14:49.313+05:30,,,,,,,,
6,1YVCdLuJeUtZRRHFvcQlDbZRhFpKe1H9O,1AG1Yya4TG8vJ0rdQKtTNG3V6OQ7I2UtV,shutterstock_1921244183.jpg,https://drive.google.com/file/d/1AG1Yya4TG8vJ0rdQKtTNG3V6OQ7I2UtV/view?usp=drivesdk,image/jpeg,17498066,Shutterstock,2026-02-25T00:14:49.315+05:30,,,,,,,,
6,1YVCdLuJeUtZRRHFvcQlDbZRhFpKe1H9O,1h_x_8jku8zPF360sR82agsHx32DZuQfs,shutterstock_1864604884.jpg,https://drive.google.com/file/d/1h_x_8jku8zPF360sR82agsHx32DZuQfs/view?usp=drivesdk,image/jpeg,22168614,Shutterstock,2026-02-25T00:14:49.321+05:30,,,,,,,,
6,1YVCdLuJeUtZRRHFvcQlDbZRhFpKe1H9O,1Z2JcUeg4c2n292pstBNXyr5j7Q0Tycoh,shutterstock_1577047654.jpg,https://drive.google.com/file/d/1Z2JcUeg4c2n292pstBNXyr5j7Q0Tycoh/view?usp=drivesdk,image/jpeg,15911619,Shutterstock,2026-02-25T00:14:49.322+05:30,,,,,,,,
6,1YVCdLuJeUtZRRHFvcQlDbZRhFpKe1H9O,1qvGGdIVjnThVHfs2_SwfGX3tjQw1Qz5k,shutterstock_2249447575.jpg,https://drive.google.com/file/d/1qvGGdIVjnThVHfs2_SwfGX3tjQw1Qz5k/view?usp=drivesdk,image/jpeg,17655780,Shutterstock,2026-02-25T00:14:49.326+05:30,,,,,,,,
6,1YVCdLuJeUtZRRHFvcQlDbZRhFpKe1H9O,1aaDLLc5oyQyRSqCa4mS07chJooawnZ5Z,shutterstock_691207261.jpg,https://drive.google.com/file/d/1aaDLLc5oyQyRSqCa4mS07chJooawnZ5Z/view?usp=drivesdk,image/jpeg,23253836,Shutterstock,2026-02-25T00:14:49.332+05:30,,,,,,,,
6,1YVCdLuJeUtZRRHFvcQlDbZRhFpKe1H9O,1bP_-RfwObOHLpLhcSi_jv7HLCYrRqRbI,shutterstock_2228617133.jpg,https://drive.google.com/file/d/1bP_-RfwObOHLpLhcSi_jv7HLCYrRqRbI/view?usp=drivesdk,image/jpeg,19589546,Shutterstock,2026-02-25T00:14:49.340+05:30,,,,,,,,
6,1YVCdLuJeUtZRRHFvcQlDbZRhFpKe1H9O,1vYlICoX87vNOSoSqSNQv1SRhjXhM9mes,shutterstock_287641082.jpg,https://drive.google.com/file/d/1vYlICoX87vNOSoSqSNQv1SRhjXhM9mes/view?usp=drivesdk,image/jpeg,18050903,Shutterstock,2026-02-25T00:14:49.353+05:30,,,,,,,,
6,1YVCdLuJeUtZRRHFvcQlDbZRhFpKe1H9O,1CPWofk7cpY6KS5aCjQ3EipPr3RbJh5La,shutterstock_1902776437.jpg,https://drive.google.com/file/d/1CPWofk7cpY6KS5aCjQ3EipPr3RbJh5La/view?usp=drivesdk,image/jpeg,31971003,Shutterstock,2026-02-25T00:14:49.359+05:30,,,,,,,,
6,1YVCdLuJeUtZRRHFvcQlDbZRhFpKe1H9O,1iUBpSdqAULbYlI6rtxG_IZP27InZfT2-,shutterstock_2288818135.jpg,https://drive.google.com/file/d/1iUBpSdqAULbYlI6rtxG_IZP27InZfT2-/view?usp=drivesdk,image/jpeg,18062695,Shutterstock,2026-02-25T00:14:49.363+05:30,,,,,,,,
6,1YVCdLuJeUtZRRHFvcQlDbZRhFpKe1H9O,1z2vR4goNT0mdgKzuqjXaCVGzBVhSTvBo,shutterstock_1676406391.jpg,https://drive.google.com/file/d/1z2vR4goNT0mdgKzuqjXaCVGzBVhSTvBo/view?usp=drivesdk,image/jpeg,24942317,Shutterstock,2026-02-25T00:14:49.370+05:30,,,,,,,,
6,1YVCdLuJeUtZRRHFvcQlDbZRhFpKe1H9O,1cfhzWHAhvX1hOzVIk2jjQvBeCLexrlzP,shutterstock_2065710992.jpg,https://drive.google.com/file/d/1cfhzWHAhvX1hOzVIk2jjQvBeCLexrlzP/view?usp=drivesdk,image/jpeg,22176862,Shutterstock,2026-02-25T00:14:49.374+05:30,,,,,,,,
6,1YVCdLuJeUtZRRHFvcQlDbZRhFpKe1H9O,1cebQpeMC-uNHRTynknK34Dnnrcd65XXh,shutterstock_1930294010.jpg,https://drive.google.com/file/d/1cebQpeMC-uNHRTynknK34Dnnrcd65XXh/view?usp=drivesdk,image/jpeg,32696276,Shutterstock,2026-02-25T00:14:49.375+05:30,,,,,,,,
6,1YVCdLuJeUtZRRHFvcQlDbZRhFpKe1H9O,1cMYITW2fJpXnzcynLd6tnym8n5xDAU4m,shutterstock_1633521631.jpg,https://drive.google.com/file/d/1cMYITW2fJpXnzcynLd6tnym8n5xDAU4m/view?usp=drivesdk,image/jpeg,29770113,Shutterstock,2026-02-25T00:14:49.376+05:30,,,,,,,,
6,1YVCdLuJeUtZRRHFvcQlDbZRhFpKe1H9O,1N6v1ImQG7oFFybEGjxq6SSVVxAZFjN9T,shutterstock_2062727147.jpg,https://drive.google.com/file/d/1N6v1ImQG7oFFybEGjxq6SSVVxAZFjN9T/view?usp=drivesdk,image/jpeg,18410756,Shutterstock,2026-02-25T00:14:49.383+05:30,,,,,,,,
6,1YVCdLuJeUtZRRHFvcQlDbZRhFpKe1H9O,1BPCvyRLJvuYFpSDqCSGlcNk8_hbC7QKu,shutterstock_388807579.jpg,https://drive.google.com/file/d/1BPCvyRLJvuYFpSDqCSGlcNk8_hbC7QKu/view?usp=drivesdk,image/jpeg,19645532,Shutterstock,2026-02-25T00:14:49.389+05:30,,,,,,,,
6,1YVCdLuJeUtZRRHFvcQlDbZRhFpKe1H9O,1BLM3wSzfe4hQQH-JhFyjQS029EdXeQC6,shutterstock_1269275119.jpg,https://drive.google.com/file/d/1BLM3wSzfe4hQQH-JhFyjQS029EdXeQC6/view?usp=drivesdk,image/jpeg,43807257,Shutterstock,2026-02-25T00:14:49.396+05:30,,,,,,,,
6,1YVCdLuJeUtZRRHFvcQlDbZRhFpKe1H9O,1BLCcT2Z_32hR0y_HngAiQKAMnedIgo7G,shutterstock_1034229571.jpg,https://drive.google.com/file/d/1BLCcT2Z_32hR0y_HngAiQKAMnedIgo7G/view?usp=drivesdk,image/jpeg,33652095,Shutterstock,2026-02-25T00:14:49.397+05:30,,,,,,,,
6,1YVCdLuJeUtZRRHFvcQlDbZRhFpKe1H9O,1iuNXw4WLZ4DafVKNCsnGg9FEMO2yByfo,shutterstock_1238458639.jpg,https://drive.google.com/file/d/1iuNXw4WLZ4DafVKNCsnGg9FEMO2yByfo/view?usp=drivesdk,image/jpeg,21867241,Shutterstock,2026-02-25T00:14:49.457+05:30,,,,,,,,
6,1YVCdLuJeUtZRRHFvcQlDbZRhFpKe1H9O,1d7KskkhPdwqgGQvenAPtdZHKMambi8GG,shutterstock_1372244744.jpg,https://drive.google.com/file/d/1d7KskkhPdwqgGQvenAPtdZHKMambi8GG/view?usp=drivesdk,image/jpeg,31977393,Shutterstock,2026-02-25T00:14:49.461+05:30,,,,,,,,
6,1YVCdLuJeUtZRRHFvcQlDbZRhFpKe1H9O,1NhB3FNUKGghl9UMZQZ7JVeIFpzdGHPBb,shutterstock_1995436691.jpg,https://drive.google.com/file/d/1NhB3FNUKGghl9UMZQZ7JVeIFpzdGHPBb/view?usp=drivesdk,image/jpeg,27617240,Shutterstock,2026-02-25T00:14:49.466+05:30,,,,,,,,
6,1YVCdLuJeUtZRRHFvcQlDbZRhFpKe1H9O,1rSOKwKcRio70RzdDFwwzK0EfHQ7Hte1C,shutterstock_1772913830.jpg,https://drive.google.com/file/d/1rSOKwKcRio70RzdDFwwzK0EfHQ7Hte1C/view?usp=drivesdk,image/jpeg,20540413,Shutterstock,2026-02-25T00:14:49.470+05:30,,,,,,,,
6,1YVCdLuJeUtZRRHFvcQlDbZRhFpKe1H9O,1c723LlFsxYEwICOZobITjNcp-jlIWqGK,shutterstock_1979453915.jpg,https://drive.google.com/file/d/1c723LlFsxYEwICOZobITjNcp-jlIWqGK/view?usp=drivesdk,image/jpeg,16250776,Shutterstock,2026-02-25T00:14:49.472+05:30,,,,,,,,
6,1YVCdLuJeUtZRRHFvcQlDbZRhFpKe1H9O,1c4cSFKEROLNTJ0UTz7pHftlg83aogbOj,shutterstock_769253206.jpg,https://drive.google.com/file/d/1c4cSFKEROLNTJ0UTz7pHftlg83aogbOj/view?usp=drivesdk,image/jpeg,26066860,Shutterstock,2026-02-25T00:14:49.474+05:30,,,,,,,,
6,1YVCdLuJeUtZRRHFvcQlDbZRhFpKe1H9O,1r4iLJuqaAni_APG0iXFPYNAWOHA-qeN0,shutterstock_1840574989.jpg,https://drive.google.com/file/d/1r4iLJuqaAni_APG0iXFPYNAWOHA-qeN0/view?usp=drivesdk,image/jpeg,18215398,Shutterstock,2026-02-25T00:14:49.481+05:30,,,,,,,,
6,1YVCdLuJeUtZRRHFvcQlDbZRhFpKe1H9O,1IRc4yezf0W8DTp8obysKBXohY5sv8l2P,shutterstock_2175206511.jpg,https://drive.google.com/file/d/1IRc4yezf0W8DTp8obysKBXohY5sv8l2P/view?usp=drivesdk,image/jpeg,17776621,Shutterstock,2026-02-25T00:14:49.484+05:30,,,,,,,,
6,1YVCdLuJeUtZRRHFvcQlDbZRhFpKe1H9O,1jrC65hkjDOqByyzvw-WnmPTDYXb2vJld,shutterstock_2166668317.jpg,https://drive.google.com/file/d/1jrC65hkjDOqByyzvw-WnmPTDYXb2vJld/view?usp=drivesdk,image/jpeg,19938391,Shutterstock,2026-02-25T00:14:49.491+05:30,,,,,,,,
6,1YVCdLuJeUtZRRHFvcQlDbZRhFpKe1H9O,1UUdEWIq7mwfW21nYyiLVbI9aJSEQmAyb,shutterstock_1477775183.jpg,https://drive.google.com/file/d/1UUdEWIq7mwfW21nYyiLVbI9aJSEQmAyb/view?usp=drivesdk,image/jpeg,17662443,Shutterstock,2026-02-25T00:14:49.495+05:30,,,,,,,,
6,1YVCdLuJeUtZRRHFvcQlDbZRhFpKe1H9O,1nr-VyXtKOvmU1KUS8kZRARnntZYk1MuH,shutterstock_1727384935.jpg,https://drive.google.com/file/d/1nr-VyXtKOvmU1KUS8kZRARnntZYk1MuH/view?usp=drivesdk,image/jpeg,46722237,Shutterstock,2026-02-25T00:14:49.501+05:30,,,,,,,,
6,1YVCdLuJeUtZRRHFvcQlDbZRhFpKe1H9O,1lbi5i1EmcQc9L22uvqnacq7Qihwbn1k4,shutterstock_2238231575.jpg,https://drive.google.com/file/d/1lbi5i1EmcQc9L22uvqnacq7Qihwbn1k4/view?usp=drivesdk,image/jpeg,28037584,Shutterstock,2026-02-25T00:14:49.511+05:30,,,,,,,,
6,1YVCdLuJeUtZRRHFvcQlDbZRhFpKe1H9O,1kUE3iGKF_DyK1zTCH7i0jn-iiLjYyapV,shutterstock_1875779068.jpg,https://drive.google.com/file/d/1kUE3iGKF_DyK1zTCH7i0jn-iiLjYyapV/view?usp=drivesdk,image/jpeg,44455528,Shutterstock,2026-02-25T00:14:49.515+05:30,,,,,,,,
6,1YVCdLuJeUtZRRHFvcQlDbZRhFpKe1H9O,1blxZQMrOSy-6UXSbrph5fqEHH44Bcybx,shutterstock_655223548.jpg,https://drive.google.com/file/d/1blxZQMrOSy-6UXSbrph5fqEHH44Bcybx/view?usp=drivesdk,image/jpeg,18461380,Shutterstock,2026-02-25T00:14:49.516+05:30,,,,,,,,
6,1YVCdLuJeUtZRRHFvcQlDbZRhFpKe1H9O,1YQIh1rdXPwohn1IjcPRiZ5YWAS-tL3Oo,shutterstock_2192757031.jpg,https://drive.google.com/file/d/1YQIh1rdXPwohn1IjcPRiZ5YWAS-tL3Oo/view?usp=drivesdk,image/jpeg,16102714,Shutterstock,2026-02-25T00:14:49.520+05:30,,,,,,,,
6,1YVCdLuJeUtZRRHFvcQlDbZRhFpKe1H9O,1bTFjeJ5nCyYA2kSl3P2fDWPQiigaZeAh,shutterstock_401199403.jpg,https://drive.google.com/file/d/1bTFjeJ5nCyYA2kSl3P2fDWPQiigaZeAh/view?usp=drivesdk,image/jpeg,17095789,Shutterstock,2026-02-25T00:14:49.522+05:30,,,,,,,,
6,1YVCdLuJeUtZRRHFvcQlDbZRhFpKe1H9O,1MbEGS1EOxvYXq7gx3VH8BbwtpYyV8BjJ,shutterstock_1187224183.jpg,https://drive.google.com/file/d/1MbEGS1EOxvYXq7gx3VH8BbwtpYyV8BjJ/view?usp=drivesdk,image/jpeg,47533432,Shutterstock,2026-02-25T00:14:49.427+05:30,,,,,,,,
6,1YVCdLuJeUtZRRHFvcQlDbZRhFpKe1H9O,18902yGKAnJL8ZFctUxQNOz-zja4n7Kgk,shutterstock_1742242466.jpg,https://drive.google.com/file/d/18902yGKAnJL8ZFctUxQNOz-zja4n7Kgk/view?usp=drivesdk,image/jpeg,20303281,Shutterstock,2026-02-25T00:14:49.429+05:30,,,,,,,,
6,1YVCdLuJeUtZRRHFvcQlDbZRhFpKe1H9O,13Sp4BB9X-56UuTNk_YoMN5v64m_fEdl8,shutterstock_2254749933.jpg,https://drive.google.com/file/d/13Sp4BB9X-56UuTNk_YoMN5v64m_fEdl8/view?usp=drivesdk,image/jpeg,16476960,Shutterstock,2026-02-25T00:14:49.430+05:30,,,,,,,,
6,1YVCdLuJeUtZRRHFvcQlDbZRhFpKe1H9O,1KwIJOaM0CXqjO9h34mkIF7aLiEVvmrwW,shutterstock_2278021845.jpg,https://drive.google.com/file/d/1KwIJOaM0CXqjO9h34mkIF7aLiEVvmrwW/view?usp=drivesdk,image/jpeg,19679134,Shutterstock,2026-02-25T00:14:49.434+05:30,,,,,,,,
6,1YVCdLuJeUtZRRHFvcQlDbZRhFpKe1H9O,1iHT1RKJfBtqAZPhFJ5OTnUs7kzUON6B5,shutterstock_2259703729.jpg,https://drive.google.com/file/d/1iHT1RKJfBtqAZPhFJ5OTnUs7kzUON6B5/view?usp=drivesdk,image/jpeg,17189057,Shutterstock,2026-02-25T00:14:49.551+05:30,,,,,,,,
6,1YVCdLuJeUtZRRHFvcQlDbZRhFpKe1H9O,1i2jGD3Y-6DNGBMnK5EZjzTVVcH0PVFZb,shutterstock_1416399944.jpg,https://drive.google.com/file/d/1i2jGD3Y-6DNGBMnK5EZjzTVVcH0PVFZb/view?usp=drivesdk,image/jpeg,25373399,Shutterstock,2026-02-25T00:14:49.555+05:30,,,,,,,,
6,1YVCdLuJeUtZRRHFvcQlDbZRhFpKe1H9O,1hH5JNULsxXf4Icj1nVt5Z_Zem4jhYmiL,shutterstock_2181263961.jpg,https://drive.google.com/file/d/1hH5JNULsxXf4Icj1nVt5Z_Zem4jhYmiL/view?usp=drivesdk,image/jpeg,17017270,Shutterstock,2026-02-25T00:14:49.565+05:30,,,,,,,,
6,1YVCdLuJeUtZRRHFvcQlDbZRhFpKe1H9O,1_7Hn6MWr1PZNyYivbCXQhZN5krYvPBeG,shutterstock_1218338986.jpg,https://drive.google.com/file/d/1_7Hn6MWr1PZNyYivbCXQhZN5krYvPBeG/view?usp=drivesdk,image/jpeg,22389034,Shutterstock,2026-02-25T00:14:49.571+05:30,,,,,,,,
6,1YVCdLuJeUtZRRHFvcQlDbZRhFpKe1H9O,1r7vNRU5BLTz9s_lISpCqkmPEEr7ilMAv,shutterstock_2029733144.jpg,https://drive.google.com/file/d/1r7vNRU5BLTz9s_lISpCqkmPEEr7ilMAv/view?usp=drivesdk,image/jpeg,18642899,Shutterstock,2026-02-25T00:14:49.588+05:30,,,,,,,,
6,1YVCdLuJeUtZRRHFvcQlDbZRhFpKe1H9O,1r6c_7Zb00hTnLEogl20R_Eb2UDg0_6Rd,shutterstock_2016949892.jpg,https://drive.google.com/file/d/1r6c_7Zb00hTnLEogl20R_Eb2UDg0_6Rd/view?usp=drivesdk,image/jpeg,18264021,Shutterstock,2026-02-25T00:14:49.589+05:30,,,,,,,,
6,1YVCdLuJeUtZRRHFvcQlDbZRhFpKe1H9O,1r2gSQxoRoCVtEa2omKvlQbwha55RORAh,shutterstock_1970097841.jpg,https://drive.google.com/file/d/1r2gSQxoRoCVtEa2omKvlQbwha55RORAh/view?usp=drivesdk,image/jpeg,29196509,Shutterstock,2026-02-25T00:14:49.591+05:30,,,,,,,,
6,1YVCdLuJeUtZRRHFvcQlDbZRhFpKe1H9O,1r1WYeq4MfRFqoW6Ddtgbnxcl6h3OEPNp,shutterstock_1930294040.jpg,https://drive.google.com/file/d/1r1WYeq4MfRFqoW6Ddtgbnxcl6h3OEPNp/view?usp=drivesdk,image/jpeg,19484997,Shutterstock,2026-02-25T00:14:49.591+05:30,,,,,,,,
6,1YVCdLuJeUtZRRHFvcQlDbZRhFpKe1H9O,1r-PqMnGJfzPcwIySSppXcvUaEBzvAZrt,shutterstock_1831306159.jpg,https://drive.google.com/file/d/1r-PqMnGJfzPcwIySSppXcvUaEBzvAZrt/view?usp=drivesdk,image/jpeg,23051084,Shutterstock,2026-02-25T00:14:49.595+05:30,,,,,,,,
6,1YVCdLuJeUtZRRHFvcQlDbZRhFpKe1H9O,1qxWfQam0jv868jD3D562WyCMn5ObLSkf,shutterstock_1716343738.jpg,https://drive.google.com/file/d/1qxWfQam0jv868jD3D562WyCMn5ObLSkf/view?usp=drivesdk,image/jpeg,18352765,Shutterstock,2026-02-25T00:14:49.598+05:30,,,,,,,,
6,1YVCdLuJeUtZRRHFvcQlDbZRhFpKe1H9O,1qt5jJtbFU7ifecak_8pJTV4lE78TyVIY,shutterstock_1494248774.jpg,https://drive.google.com/file/d/1qt5jJtbFU7ifecak_8pJTV4lE78TyVIY/view?usp=drivesdk,image/jpeg,23229813,Shutterstock,2026-02-25T00:14:49.601+05:30,,,,,,,,
6,1YVCdLuJeUtZRRHFvcQlDbZRhFpKe1H9O,1qnznp-lVsJCZRZ294c2GIQy-q3CUpHah,shutterstock_1421446100.jpg,https://drive.google.com/file/d/1qnznp-lVsJCZRZ294c2GIQy-q3CUpHah/view?usp=drivesdk,image/jpeg,17151262,Shutterstock,2026-02-25T00:14:49.602+05:30,,,,,,,,
6,1YVCdLuJeUtZRRHFvcQlDbZRhFpKe1H9O,1qmoNe-CQlhW1pebrE3FqSlyoRttCn90d,shutterstock_1226197894.jpg,https://drive.google.com/file/d/1qmoNe-CQlhW1pebrE3FqSlyoRttCn90d/view?usp=drivesdk,image/jpeg,26175479,Shutterstock,2026-02-25T00:14:49.605+05:30,,,,,,,,
6,1YVCdLuJeUtZRRHFvcQlDbZRhFpKe1H9O,1Z6DVioPmXf7iXC6L9_aPYZEH-WvceyxQ,shutterstock_2188788343.jpg,https://drive.google.com/file/d/1Z6DVioPmXf7iXC6L9_aPYZEH-WvceyxQ/view?usp=drivesdk,image/jpeg,19561923,Shutterstock,2026-02-25T00:14:49.607+05:30,,,,,,,,
6,1YVCdLuJeUtZRRHFvcQlDbZRhFpKe1H9O,1Z09Si6enuRN8XcjQLEKFgc3u_o0lkRyB,shutterstock_2156249809.jpg,https://drive.google.com/file/d/1Z09Si6enuRN8XcjQLEKFgc3u_o0lkRyB/view?usp=drivesdk,image/jpeg,19314626,Shutterstock,2026-02-25T00:14:49.608+05:30,,,,,,,,
6,1YVCdLuJeUtZRRHFvcQlDbZRhFpKe1H9O,1YzcnwQQoQtFYkgxJTe02zqTy3fc3L7h3,shutterstock_2029125182.jpg,https://drive.google.com/file/d/1YzcnwQQoQtFYkgxJTe02zqTy3fc3L7h3/view?usp=drivesdk,image/jpeg,24082071,Shutterstock,2026-02-25T00:14:49.611+05:30,,,,,,,,
6,1YVCdLuJeUtZRRHFvcQlDbZRhFpKe1H9O,1YxZ8mp0dmnuLCX6x3KnutekTAnZGRyPE,shutterstock_2002025357.jpg,https://drive.google.com/file/d/1YxZ8mp0dmnuLCX6x3KnutekTAnZGRyPE/view?usp=drivesdk,image/jpeg,20997011,Shutterstock,2026-02-25T00:14:49.612+05:30,,,,,,,,
6,1YVCdLuJeUtZRRHFvcQlDbZRhFpKe1H9O,1YtvklSAJPatUAXgOhpYTXrksdgqTjuG7,shutterstock_1998552656.jpg,https://drive.google.com/file/d/1YtvklSAJPatUAXgOhpYTXrksdgqTjuG7/view?usp=drivesdk,image/jpeg,17444461,Shutterstock,2026-02-25T00:14:49.613+05:30,,,,,,,,
6,1YVCdLuJeUtZRRHFvcQlDbZRhFpKe1H9O,1YsLX-KHgp9ZTGXArVCEnKqUxo7LYPXsU,shutterstock_1797464674.jpg,https://drive.google.com/file/d/1YsLX-KHgp9ZTGXArVCEnKqUxo7LYPXsU/view?usp=drivesdk,image/jpeg,17771131,Shutterstock,2026-02-25T00:14:49.614+05:30,,,,,,,,
6,1YVCdLuJeUtZRRHFvcQlDbZRhFpKe1H9O,1YpqNZDMGpNdYno3Af10X8RC-cn4jckvC,shutterstock_1711738009.jpg,https://drive.google.com/file/d/1YpqNZDMGpNdYno3Af10X8RC-cn4jckvC/view?usp=drivesdk,image/jpeg,16044460,Shutterstock,2026-02-25T00:14:49.615+05:30,,,,,,,,
6,1YVCdLuJeUtZRRHFvcQlDbZRhFpKe1H9O,1Yi8XYCY8Tr2vNEUBB6QNJHGYqDKn1YxV,shutterstock_1526818262.jpg,https://drive.google.com/file/d/1Yi8XYCY8Tr2vNEUBB6QNJHGYqDKn1YxV/view?usp=drivesdk,image/jpeg,17093794,Shutterstock,2026-02-25T00:14:49.616+05:30,,,,,,,,
6,1YVCdLuJeUtZRRHFvcQlDbZRhFpKe1H9O,1YhGhKD24PPotZPjM5bOINapFeYkmB0Xb,shutterstock_1369638215.jpg,https://drive.google.com/file/d/1YhGhKD24PPotZPjM5bOINapFeYkmB0Xb/view?usp=drivesdk,image/jpeg,19616496,Shutterstock,2026-02-25T00:14:49.618+05:30,,,,,,,,
6,1YVCdLuJeUtZRRHFvcQlDbZRhFpKe1H9O,1Y_8HO8_OBDwbcl5ehKrPazw759yAwrKN,shutterstock_701872057.jpg,https://drive.google.com/file/d/1Y_8HO8_OBDwbcl5ehKrPazw759yAwrKN/view?usp=drivesdk,image/jpeg,22583815,Shutterstock,2026-02-25T00:14:49.621+05:30,,,,,,,,
6,1YVCdLuJeUtZRRHFvcQlDbZRhFpKe1H9O,1YYNxwakN4zoaF3aIJgbN5-f-LnKlcLLk,shutterstock_631035758.jpg,https://drive.google.com/file/d/1YYNxwakN4zoaF3aIJgbN5-f-LnKlcLLk/view?usp=drivesdk,image/jpeg,16680137,Shutterstock,2026-02-25T00:14:49.622+05:30,,,,,,,,
9,1S6I97XZHgQCOU7sSTRvSs93008BFkFBP,1ld1wHj4opTqokSyJsLENJyvPHRuNsRs9,Depositphotos_263535284_xl-2015.jpg,https://drive.google.com/file/d/1ld1wHj4opTqokSyJsLENJyvPHRuNsRs9/view?usp=drivesdk,image/jpeg,16637255,deposit,2026-02-25T00:14:49.938+05:30,,,,,,,,
9,1S6I97XZHgQCOU7sSTRvSs93008BFkFBP,1tNajlf4OCN4yTddhkhLzkScUI25vptHl,Depositphotos_210243722_xl-2015.jpg,https://drive.google.com/file/d/1tNajlf4OCN4yTddhkhLzkScUI25vptHl/view?usp=drivesdk,image/jpeg,20483903,deposit,2026-02-25T00:14:49.940+05:30,,,,,,,,
9,1S6I97XZHgQCOU7sSTRvSs93008BFkFBP,15lOBxglDtW_67mOdJaIQ2-n0MMbQsDiQ,Depositphotos_200942924_xl-2015.jpg,https://drive.google.com/file/d/15lOBxglDtW_67mOdJaIQ2-n0MMbQsDiQ/view?usp=drivesdk,image/jpeg,17501953,deposit,2026-02-25T00:14:49.942+05:30,,,,,,,,
9,1S6I97XZHgQCOU7sSTRvSs93008BFkFBP,1yuppWxvx3K9g1u2EAritQhOb1yE2eU0x,Depositphotos_191863318_xl-2015.jpg,https://drive.google.com/file/d/1yuppWxvx3K9g1u2EAritQhOb1yE2eU0x/view?usp=drivesdk,image/jpeg,18464045,deposit,2026-02-25T00:14:49.942+05:30,,,,,,,,
10,1YU2IXQqFYIYWr_44W1CCwkMln0XvUN9f,1B0Y_rEeoVDT-Rl0oGHxddIl-f9r1vr0w,Depositphotos_217010396_xl-2015.jpg,https://drive.google.com/file/d/1B0Y_rEeoVDT-Rl0oGHxddIl-f9r1vr0w/view?usp=drivesdk,image/jpeg,19685904,Deposit-photos,2026-02-25T00:14:49.974+05:30,,,,,,,,
10,1YU2IXQqFYIYWr_44W1CCwkMln0XvUN9f,1rg2IQD8lZHxwdiMhkQx0sJEJLUM032if,Depositphotos_212181758_xl-2015.jpg,https://drive.google.com/file/d/1rg2IQD8lZHxwdiMhkQx0sJEJLUM032if/view?usp=drivesdk,image/jpeg,17458785,Deposit-photos,2026-02-25T00:14:49.975+05:30,,,,,,,,
10,1YU2IXQqFYIYWr_44W1CCwkMln0XvUN9f,1HE0m3-YrRveXingTLaSWWc0_bJQo8Ivx,Depositphotos_212182196_xl-2015.jpg,https://drive.google.com/file/d/1HE0m3-YrRveXingTLaSWWc0_bJQo8Ivx/view?usp=drivesdk,image/jpeg,17327284,Deposit-photos,2026-02-25T00:14:49.977+05:30,,,,,,,,
10,1YU2IXQqFYIYWr_44W1CCwkMln0XvUN9f,1PaxbQHMkMfsvmblFBqYZPJAysakZhYls,Depositphotos_202258462_xl-2015.jpg,https://drive.google.com/file/d/1PaxbQHMkMfsvmblFBqYZPJAysakZhYls/view?usp=drivesdk,image/jpeg,19058322,Deposit-photos,2026-02-25T00:14:49.978+05:30,,,,,,,,
10,1YU2IXQqFYIYWr_44W1CCwkMln0XvUN9f,1NSA-XaJhXt4BVjBoHmnpqR5F7MaZTxMi,Depositphotos_196650486_xl-2015.jpg,https://drive.google.com/file/d/1NSA-XaJhXt4BVjBoHmnpqR5F7MaZTxMi/view?usp=drivesdk,image/jpeg,20725899,Deposit-photos,2026-02-25T00:14:49.981+05:30,,,,,,,,
10,1YU2IXQqFYIYWr_44W1CCwkMln0XvUN9f,18fagFHXQc6jpb_cI_QbzXN4ldqDA3GkJ,Depositphotos_193936320_xl-2015.jpg,https://drive.google.com/file/d/18fagFHXQc6jpb_cI_QbzXN4ldqDA3GkJ/view?usp=drivesdk,image/jpeg,18463213,Deposit-photos,2026-02-25T00:14:49.982+05:30,,,,,,,,
10,1YU2IXQqFYIYWr_44W1CCwkMln0XvUN9f,1OdwKcEQMcz-dMm5buGRW0rVUSbGq4p5N,Depositphotos_182244074_xl-2015.jpg,https://drive.google.com/file/d/1OdwKcEQMcz-dMm5buGRW0rVUSbGq4p5N/view?usp=drivesdk,image/jpeg,26685750,Deposit-photos,2026-02-25T00:14:49.983+05:30,,,,,,,,
10,1YU2IXQqFYIYWr_44W1CCwkMln0XvUN9f,1KfFcAa4Tlef8XOGCNSKPVw5uPPU67rrk,Depositphotos_176435968_xl-2015.jpg,https://drive.google.com/file/d/1KfFcAa4Tlef8XOGCNSKPVw5uPPU67rrk/view?usp=drivesdk,image/jpeg,17056093,Deposit-photos,2026-02-25T00:14:49.984+05:30,,,,,,,,
8,1Ik1tu-2BQ3wSdn_rppx8b9AP-icED0go,1Q9rtyhF-BHrJY-EgiF-dYy0Ocx7mn6RE,massage-what-makes-you-unique-dartboard-background.jpg,https://drive.google.com/file/d/1Q9rtyhF-BHrJY-EgiF-dYy0Ocx7mn6RE/view?usp=drivesdk,image/jpeg,17717485,unsplash-pexels-pixabay,2026-02-25T00:14:49.700+05:30,,,,,,,,
10,1YU2IXQqFYIYWr_44W1CCwkMln0XvUN9f,18fagFHXQc6jpb_cI_QbzXN4ldqDA3GkJ,Depositphotos_193936320_xl-2015.jpg,https://drive.google.com/file/d/18fagFHXQc6jpb_cI_QbzXN4ldqDA3GkJ/view?usp=drivesdk,image/jpeg,18463213,Deposit-photos,2026-02-25T00:14:49.982+05:30,,,,,,,,
10,1YU2IXQqFYIYWr_44W1CCwkMln0XvUN9f,1BKSpJTA4MtNsNFOCN3gfLNRBiAOHHfmJ,Depositphotos_96964350_original.jpg,https://drive.google.com/file/d/1BKSpJTA4MtNsNFOCN3gfLNRBiAOHHfmJ/view?usp=drivesdk,image/jpeg,16719076,Deposit-photos,2026-02-25T00:14:49.995+05:30,,,,,,,,
10,1YU2IXQqFYIYWr_44W1CCwkMln0XvUN9f,1zjrjLJsApkBs9r8HN7njoLiIqO3qy3nr,Depositphotos_191863318_xl-2015.jpg,https://drive.google.com/file/d/1zjrjLJsApkBs9r8HN7njoLiIqO3qy3nr/view?usp=drivesdk,image/jpeg,18464045,Deposit-photos,2026-02-25T00:14:50.135+05:30,,,,,,,,
10,1YU2IXQqFYIYWr_44W1CCwkMln0XvUN9f,1nhPvVi5FgsyN_-zpfzANYnw0dpa4ZwCd,Depositphotos_210243722_xl-2015.jpg,https://drive.google.com/file/d/1nhPvVi5FgsyN_-zpfzANYnw0dpa4ZwCd/view?usp=drivesdk,image/jpeg,20483903,Deposit-photos,2026-02-25T00:14:50.144+05:30,,,,,,,,
10,1YU2IXQqFYIYWr_44W1CCwkMln0XvUN9f,1v_ZUT9RRM14gN5m9PBw07now1uh5HuVz,Depositphotos_200942924_xl-2015.jpg,https://drive.google.com/file/d/1v_ZUT9RRM14gN5m9PBw07now1uh5HuVz/view?usp=drivesdk,image/jpeg,17501953,Deposit-photos,2026-02-25T00:14:50.144+05:30,,,,,,,,
10,1YU2IXQqFYIYWr_44W1CCwkMln0XvUN9f,1IETAoqoomaB55ovMljRV_L3tzQx1nKaQ,Depositphotos_263535284_xl-2015.jpg,https://drive.google.com/file/d/1IETAoqoomaB55ovMljRV_L3tzQx1nKaQ/view?usp=drivesdk,image/jpeg,16637255,Deposit-photos,2026-02-25T00:14:50.149+05:30,,,,,,,,
3,1GwI7nT8jlllVvlVWGH_Bq_lqoxxH4GVE,11CoevuHo2fH8_0wSEHi6dO8Glvx4Il9b,iStock-171328775.jpg,https://drive.google.com/file/d/11CoevuHo2fH8_0wSEHi6dO8Glvx4Il9b/view?usp=drivesdk,image/jpeg,15282707,iStock,2026-02-25T00:14:48.626+05:30,,,,,,,,
3,1GwI7nT8jlllVvlVWGH_Bq_lqoxxH4GVE,12xMe4vT3YlmtkL9xoW5eIWkHzquh00XT,iStock-1397746896.jpg,https://drive.google.com/file/d/12xMe4vT3YlmtkL9xoW5eIWkHzquh00XT/view?usp=drivesdk,image/jpeg,10318154,iStock,2026-02-25T00:14:48.730+05:30,,,,,,,,
6,1YVCdLuJeUtZRRHFvcQlDbZRhFpKe1H9O,1r_1fr9iGz7hBNhf3ye1cDUOLfCkq1ucd,shutterstock_789936685.jpg,https://drive.google.com/file/d/1r_1fr9iGz7hBNhf3ye1cDUOLfCkq1ucd/view?usp=drivesdk,image/jpeg,10879327,Shutterstock,2026-02-25T00:14:49.012+05:30,,,,,,,,
3,1GwI7nT8jlllVvlVWGH_Bq_lqoxxH4GVE,188LTLMqlu1mPAfQ0kj3LKNsZXPSP6_gG,iStock-2165857535.jpg,https://drive.google.com/file/d/188LTLMqlu1mPAfQ0kj3LKNsZXPSP6_gG/view?usp=drivesdk,image/jpeg,32097705,iStock,2026-02-25T00:14:48.573+05:30,,,,,,,,
6,1YVCdLuJeUtZRRHFvcQlDbZRhFpKe1H9O,1eRtugRRsunc6HYQ4M7PMvV4Z55FbCArC,shutterstock_1170402781.jpg,https://drive.google.com/file/d/1eRtugRRsunc6HYQ4M7PMvV4Z55FbCArC/view?usp=drivesdk,image/jpeg,59922766,Shutterstock,2026-02-25T00:14:49.419+05:30,,,,,,,,
1,1i5a_2OkfNReFNJPQLCKWNHtqNkHsTpeb,1CzaLPZh7sc3P8fLQgaEoCP1bsbh4mK6_,ebook.psd,https://drive.google.com/file/d/1CzaLPZh7sc3P8fLQgaEoCP1bsbh4mK6_/view?usp=drivesdk,image/x-photoshop,19981044,Freepik,2026-02-25T00:14:48.458+05:30,,,,,,,,